Dataset,Model Variant,Fault Name,Rank,Variable,Score
Robotics (Pepper),Linear / Ridge,WheelsControl.csv,1,WheelFRTemp,33.727319
Robotics (Pepper),Linear / Ridge,WheelsControl.csv,2,HeadPicthTemp,33.351035
Robotics (Pepper),Linear / Ridge,WheelsControl.csv,3,RElbowYawTemp,28.218118
Robotics (Pepper),Linear / Ridge,WheelsControl.csv,4,LElbowYawTemp,25.703289
Robotics (Pepper),Linear / Ridge,WheelsControl.csv,5,LaserR06X,22.088130
Robotics (Pepper),Linear / Ridge,WheelsControl.csv,6,AnglesZ,21.959181
Robotics (Pepper),Linear / Ridge,WheelsControl.csv,7,LaserR07X,21.298158
Robotics (Pepper),Linear / Ridge,WheelsControl.csv,8,LaserR10X,20.253447
Robotics (Pepper),Linear / Ridge,WheelsControl.csv,9,WheelBTemp,20.134356
Robotics (Pepper),Linear / Ridge,WheelsControl.csv,10,LaserR08X,16.951356
Robotics (Pepper),Linear / Ridge,WheelsControl.csv,11,LaserF01X.1,16.887336
Robotics (Pepper),Linear / Ridge,WheelsControl.csv,12,RElbowRollTemp,16.874088
Robotics (Pepper),Linear / Ridge,WheelsControl.csv,13,LaserR15X,16.752174
Robotics (Pepper),Linear / Ridge,WheelsControl.csv,14,LaserF10X,16.686662
Robotics (Pepper),Linear / Ridge,WheelsControl.csv,15,LaserF12X,15.942471
Robotics (Pepper),Linear / Ridge,WheelsControl.csv,16,HipPicthTemp,14.959998
Robotics (Pepper),Linear / Ridge,WheelsControl.csv,17,LaserShovel01Y,14.891513
Robotics (Pepper),Linear / Ridge,WheelsControl.csv,18,KneePicthTemp,14.874602
Robotics (Pepper),Linear / Ridge,WheelsControl.csv,19,LaserF02X,14.642531
Robotics (Pepper),Linear / Ridge,WheelsControl.csv,20,LaserF11X,14.202831
Robotics (Pepper),Linear / Ridge,WheelsControl.csv,21,LaserShovel01X,13.775073
Robotics (Pepper),Linear / Ridge,WheelsControl.csv,22,LShoulderRollTemp,13.701470
Robotics (Pepper),Linear / Ridge,WheelsControl.csv,23,LaserShovel02X,13.666516
Robotics (Pepper),Linear / Ridge,WheelsControl.csv,24,LaserF06X,13.245881
Robotics (Pepper),Linear / Ridge,WheelsControl.csv,25,LaserShovel03X,13.240471
Robotics (Pepper),Linear / Ridge,WheelsControl.csv,26,LaserF07X.1,12.980805
Robotics (Pepper),Linear / Ridge,WheelsControl.csv,27,LaserF13X,12.880011
Robotics (Pepper),Linear / Ridge,WheelsControl.csv,28,LaserR04X,12.710346
Robotics (Pepper),Linear / Ridge,WheelsControl.csv,29,LaserF01X,12.635210
Robotics (Pepper),Linear / Ridge,WheelsControl.csv,30,LaserF05X.1,12.560596
Robotics (Pepper),Linear / Ridge,WheelsControl.csv,31,LaserF08X,12.407076
Robotics (Pepper),Linear / Ridge,WheelsControl.csv,32,LaserR14X,12.316466
Robotics (Pepper),Linear / Ridge,WheelsControl.csv,33,RShoulderPitchTemp,12.179919
Robotics (Pepper),Linear / Ridge,WheelsControl.csv,34,SonarF,12.048458
Robotics (Pepper),Linear / Ridge,WheelsControl.csv,35,WheelFLTemp,11.842518
Robotics (Pepper),Linear / Ridge,WheelsControl.csv,36,WheelBStiff,11.828551
Robotics (Pepper),Linear / Ridge,WheelsControl.csv,37,LaserF07X,11.826368
Robotics (Pepper),Linear / Ridge,WheelsControl.csv,38,LShoulderPitchTemp,11.321153
Robotics (Pepper),Linear / Ridge,WheelsControl.csv,39,LaserL12X,11.314779
Robotics (Pepper),Linear / Ridge,WheelsControl.csv,40,LaserL11X,11.016242
Robotics (Pepper),Linear / Ridge,WheelsControl.csv,41,RShoulderRollTemp,10.961970
Robotics (Pepper),Linear / Ridge,WheelsControl.csv,42,LaserR09X,10.791808
Robotics (Pepper),Linear / Ridge,WheelsControl.csv,43,HipRollTemp,10.768256
Robotics (Pepper),Linear / Ridge,WheelsControl.csv,44,RhandTemp,10.553284
Robotics (Pepper),Linear / Ridge,WheelsControl.csv,45,LHandTemp,10.418885
Robotics (Pepper),Linear / Ridge,WheelsControl.csv,46,LaserF09X,10.332157
Robotics (Pepper),Linear / Ridge,WheelsControl.csv,47,LaserF02X.1,10.327461
Robotics (Pepper),Linear / Ridge,WheelsControl.csv,48,LaserF03X.1,10.011296
Robotics (Pepper),Linear / Ridge,WheelsControl.csv,49,LaserR12X,9.960159
Robotics (Pepper),Linear / Ridge,WheelsControl.csv,50,LaserF08X.1,9.707789
Robotics (Pepper),Linear / Ridge,WheelsControl.csv,51,LaserF04X,9.560861
Robotics (Pepper),Linear / Ridge,WheelsControl.csv,52,LaserShovel03Y,9.307383
Robotics (Pepper),Linear / Ridge,WheelsControl.csv,53,WheelFRStiff,8.963127
Robotics (Pepper),Linear / Ridge,WheelsControl.csv,54,LaserL15X,8.707990
Robotics (Pepper),Linear / Ridge,WheelsControl.csv,55,LaserF14X,8.575417
Robotics (Pepper),Linear / Ridge,WheelsControl.csv,56,HeadYawTemp,8.159284
Robotics (Pepper),Linear / Ridge,WheelsControl.csv,57,LaserR15Y,8.115007
Robotics (Pepper),Linear / Ridge,WheelsControl.csv,58,LaserF05X,8.000901
Robotics (Pepper),Linear / Ridge,WheelsControl.csv,59,LaserR01X,7.869481
Robotics (Pepper),Linear / Ridge,WheelsControl.csv,60,LaserL13X,7.746741
Robotics (Pepper),Linear / Ridge,WheelsControl.csv,61,LaserF09X.1,7.673352
Robotics (Pepper),Linear / Ridge,WheelsControl.csv,62,LaserF01Y.1,7.641933
Robotics (Pepper),Linear / Ridge,WheelsControl.csv,63,RWristYawTemp,7.349533
Robotics (Pepper),Linear / Ridge,WheelsControl.csv,64,LaserShovel02Y,7.015951
Robotics (Pepper),Linear / Ridge,WheelsControl.csv,65,LElbowRollTemp,7.006834
Robotics (Pepper),Linear / Ridge,WheelsControl.csv,66,LaserR11X,6.787230
Robotics (Pepper),Linear / Ridge,WheelsControl.csv,67,LaserF15X,6.490935
Robotics (Pepper),Linear / Ridge,WheelsControl.csv,68,LaserF03X,6.428675
Robotics (Pepper),Linear / Ridge,WheelsControl.csv,69,KneePicthStiff,6.283566
Robotics (Pepper),Linear / Ridge,WheelsControl.csv,70,HipPicthStiff,6.258281
Robotics (Pepper),Linear / Ridge,WheelsControl.csv,71,LaserF04X.1,6.106934
Robotics (Pepper),Linear / Ridge,WheelsControl.csv,72,LaserF06X.1,5.974460
Robotics (Pepper),Linear / Ridge,WheelsControl.csv,73,LaserL15Y,5.728333
Robotics (Pepper),Linear / Ridge,WheelsControl.csv,74,LaserL14X,5.592931
Robotics (Pepper),Linear / Ridge,WheelsControl.csv,75,LaserR13X,5.411580
Robotics (Pepper),Linear / Ridge,WheelsControl.csv,76,LaserR05X,5.392916
Robotics (Pepper),Linear / Ridge,WheelsControl.csv,77,LWristYawTemp,5.338240
Robotics (Pepper),Linear / Ridge,WheelsControl.csv,78,LaserR03X,4.954691
Robotics (Pepper),Linear / Ridge,WheelsControl.csv,79,LaserR14Y,4.907751
Robotics (Pepper),Linear / Ridge,WheelsControl.csv,80,LaserR01Y,4.886815
Robotics (Pepper),Linear / Ridge,WheelsControl.csv,81,LaserF01Y,4.844300
Robotics (Pepper),Linear / Ridge,WheelsControl.csv,82,LaserF02Y,4.646408
Robotics (Pepper),Linear / Ridge,WheelsControl.csv,83,LaserF12Y,4.603693
Robotics (Pepper),Linear / Ridge,WheelsControl.csv,84,WheelFRSpeed,4.558304
Robotics (Pepper),Linear / Ridge,WheelsControl.csv,85,LaserF13Y,4.555571
Robotics (Pepper),Linear / Ridge,WheelsControl.csv,86,LaserR04Y,4.495562
Robotics (Pepper),Linear / Ridge,WheelsControl.csv,87,LaserR06Y,4.388592
Robotics (Pepper),Linear / Ridge,WheelsControl.csv,88,LaserL12Y,4.338051
Robotics (Pepper),Linear / Ridge,WheelsControl.csv,89,LaserL10X,4.202931
Robotics (Pepper),Linear / Ridge,WheelsControl.csv,90,SonarB,4.017166
Robotics (Pepper),Linear / Ridge,WheelsControl.csv,91,LaserF02Y.1,3.805395
Robotics (Pepper),Linear / Ridge,WheelsControl.csv,92,LaserL13Y,3.628358
Robotics (Pepper),Linear / Ridge,WheelsControl.csv,93,LaserF14Y,3.613509
Robotics (Pepper),Linear / Ridge,WheelsControl.csv,94,WheelFLSpeed,3.514005
Robotics (Pepper),Linear / Ridge,WheelsControl.csv,95,LaserL11Y,3.337804
Robotics (Pepper),Linear / Ridge,WheelsControl.csv,96,LaserR02X,3.336625
Robotics (Pepper),Linear / Ridge,WheelsControl.csv,97,LaserF11Y,3.210082
Robotics (Pepper),Linear / Ridge,WheelsControl.csv,98,LaserF15Y,3.196868
Robotics (Pepper),Linear / Ridge,WheelsControl.csv,99,LaserVeR01X,3.192813
Robotics (Pepper),Linear / Ridge,WheelsControl.csv,100,LaserL14Y,3.128026
Robotics (Pepper),Linear / Ridge,WheelsControl.csv,101,LaserVeL01X,3.050467
Robotics (Pepper),Linear / Ridge,WheelsControl.csv,102,InfraRedR,2.962563
Robotics (Pepper),Linear / Ridge,WheelsControl.csv,103,HeadYawStiff,2.897363
Robotics (Pepper),Linear / Ridge,WheelsControl.csv,104,LaserF03Y.1,2.890953
Robotics (Pepper),Linear / Ridge,WheelsControl.csv,105,WheelFLStiff,2.875551
Robotics (Pepper),Linear / Ridge,WheelsControl.csv,106,LaserF10Y,2.751863
Robotics (Pepper),Linear / Ridge,WheelsControl.csv,107,LaserR07Y,2.659276
Robotics (Pepper),Linear / Ridge,WheelsControl.csv,108,WheelBSpeed,2.658274
Robotics (Pepper),Linear / Ridge,WheelsControl.csv,109,RShoulderPitchStiff,2.556925
Robotics (Pepper),Linear / Ridge,WheelsControl.csv,110,InfraRedL,2.399505
Robotics (Pepper),Linear / Ridge,WheelsControl.csv,111,LaserR12Y,2.388465
Robotics (Pepper),Linear / Ridge,WheelsControl.csv,112,HeadPicth,2.372754
Robotics (Pepper),Linear / Ridge,WheelsControl.csv,113,LElbowYaw,2.370945
Robotics (Pepper),Linear / Ridge,WheelsControl.csv,114,LWristYaw,2.364205
Robotics (Pepper),Linear / Ridge,WheelsControl.csv,115,LShoulderRollStiff,2.243984
Robotics (Pepper),Linear / Ridge,WheelsControl.csv,116,LaserR03Y,2.164522
Robotics (Pepper),Linear / Ridge,WheelsControl.csv,117,RElbowYawStiff,1.966489
Robotics (Pepper),Linear / Ridge,WheelsControl.csv,118,LElbowYawStiff,1.963062
Robotics (Pepper),Linear / Ridge,WheelsControl.csv,119,HeadPicthStiff,1.929249
Robotics (Pepper),Linear / Ridge,WheelsControl.csv,120,HeadYaw,1.918901
Robotics (Pepper),Linear / Ridge,WheelsControl.csv,121,LShoulderPitchStiff,1.910679
Robotics (Pepper),Linear / Ridge,WheelsControl.csv,122,LWristYawStiff,1.869142
Robotics (Pepper),Linear / Ridge,WheelsControl.csv,123,LaserR10Y,1.858951
Robotics (Pepper),Linear / Ridge,WheelsControl.csv,124,RElbowRollStiff,1.848269
Robotics (Pepper),Linear / Ridge,WheelsControl.csv,125,LedFaceGL2,1.843333
Robotics (Pepper),Linear / Ridge,WheelsControl.csv,126,LedFaceGR7,1.843333
Robotics (Pepper),Linear / Ridge,WheelsControl.csv,127,LedFaceGL1,1.841747
Robotics (Pepper),Linear / Ridge,WheelsControl.csv,128,LedFaceGR8,1.841747
Robotics (Pepper),Linear / Ridge,WheelsControl.csv,129,LElbowRollStiff,1.840083
Robotics (Pepper),Linear / Ridge,WheelsControl.csv,130,LedFaceGL4,1.839629
Robotics (Pepper),Linear / Ridge,WheelsControl.csv,131,LedFaceGR5,1.839629
Robotics (Pepper),Linear / Ridge,WheelsControl.csv,132,LedFaceGL3,1.838816
Robotics (Pepper),Linear / Ridge,WheelsControl.csv,133,LedFaceGR6,1.838816
Robotics (Pepper),Linear / Ridge,WheelsControl.csv,134,LedFaceGL6,1.838259
Robotics (Pepper),Linear / Ridge,WheelsControl.csv,135,LedFaceGR3,1.838259
Robotics (Pepper),Linear / Ridge,WheelsControl.csv,136,LedFaceGL7,1.837810
Robotics (Pepper),Linear / Ridge,WheelsControl.csv,137,LedFaceGR2,1.837810
Robotics (Pepper),Linear / Ridge,WheelsControl.csv,138,LedFaceGL8,1.836955
Robotics (Pepper),Linear / Ridge,WheelsControl.csv,139,LedFaceGR1,1.836955
Robotics (Pepper),Linear / Ridge,WheelsControl.csv,140,LedFaceRL1,1.836456
Robotics (Pepper),Linear / Ridge,WheelsControl.csv,141,LedFaceRL2,1.836456
Robotics (Pepper),Linear / Ridge,WheelsControl.csv,142,LedFaceRL3,1.836456
Robotics (Pepper),Linear / Ridge,WheelsControl.csv,143,LedFaceRL4,1.836456
Robotics (Pepper),Linear / Ridge,WheelsControl.csv,144,LedFaceRL5,1.836456
Robotics (Pepper),Linear / Ridge,WheelsControl.csv,145,LedFaceRL6,1.836456
Robotics (Pepper),Linear / Ridge,WheelsControl.csv,146,LedFaceRL7,1.836456
Robotics (Pepper),Linear / Ridge,WheelsControl.csv,147,LedFaceRL8,1.836456
Robotics (Pepper),Linear / Ridge,WheelsControl.csv,148,LedFaceRR1,1.836456
Robotics (Pepper),Linear / Ridge,WheelsControl.csv,149,LedFaceRR2,1.836456
Robotics (Pepper),Linear / Ridge,WheelsControl.csv,150,LedFaceRR3,1.836456
Robotics (Pepper),Linear / Ridge,WheelsControl.csv,151,LedFaceRR4,1.836456
Robotics (Pepper),Linear / Ridge,WheelsControl.csv,152,LedFaceRR5,1.836456
Robotics (Pepper),Linear / Ridge,WheelsControl.csv,153,LedFaceRR6,1.836456
Robotics (Pepper),Linear / Ridge,WheelsControl.csv,154,LedFaceRR7,1.836456
Robotics (Pepper),Linear / Ridge,WheelsControl.csv,155,LedFaceRR8,1.836456
Robotics (Pepper),Linear / Ridge,WheelsControl.csv,156,LaserF04Y,1.834715
Robotics (Pepper),Linear / Ridge,WheelsControl.csv,157,LedFaceGL5,1.805189
Robotics (Pepper),Linear / Ridge,WheelsControl.csv,158,LedFaceGR4,1.805189
Robotics (Pepper),Linear / Ridge,WheelsControl.csv,159,RWristYawStiff,1.794298
Robotics (Pepper),Linear / Ridge,WheelsControl.csv,160,LaserR02Y,1.753191
Robotics (Pepper),Linear / Ridge,WheelsControl.csv,161,LaserF05Y.1,1.735386
Robotics (Pepper),Linear / Ridge,WheelsControl.csv,162,LaserR13Y,1.717217
Robotics (Pepper),Linear / Ridge,WheelsControl.csv,163,HipRollStiff,1.698801
Robotics (Pepper),Linear / Ridge,WheelsControl.csv,164,RShoulderRollStiff,1.642434
Robotics (Pepper),Linear / Ridge,WheelsControl.csv,165,LaserF03Y,1.630784
Robotics (Pepper),Linear / Ridge,WheelsControl.csv,166,LHand,1.618984
Robotics (Pepper),Linear / Ridge,WheelsControl.csv,167,LaserR05Y,1.481196
Robotics (Pepper),Linear / Ridge,WheelsControl.csv,168,RWristYaw,1.330019
Robotics (Pepper),Linear / Ridge,WheelsControl.csv,169,LaserF04Y.1,1.296583
Robotics (Pepper),Linear / Ridge,WheelsControl.csv,170,LaserF09Y.1,1.162597
Robotics (Pepper),Linear / Ridge,WheelsControl.csv,171,GyroscopeZ,1.154122
Robotics (Pepper),Linear / Ridge,WheelsControl.csv,172,LaserR11Y,1.119309
Robotics (Pepper),Linear / Ridge,WheelsControl.csv,173,LedFaceBL4,1.116532
Robotics (Pepper),Linear / Ridge,WheelsControl.csv,174,LedFaceBR5,1.116532
Robotics (Pepper),Linear / Ridge,WheelsControl.csv,175,LedFaceBL6,1.112911
Robotics (Pepper),Linear / Ridge,WheelsControl.csv,176,LedFaceBR3,1.112911
Robotics (Pepper),Linear / Ridge,WheelsControl.csv,177,LedFaceBL1,1.100001
Robotics (Pepper),Linear / Ridge,WheelsControl.csv,178,LedFaceBR8,1.100001
Robotics (Pepper),Linear / Ridge,WheelsControl.csv,179,LedFaceBL3,1.092446
Robotics (Pepper),Linear / Ridge,WheelsControl.csv,180,LedFaceBR6,1.092446
Robotics (Pepper),Linear / Ridge,WheelsControl.csv,181,LedFaceBL8,1.088085
Robotics (Pepper),Linear / Ridge,WheelsControl.csv,182,LedFaceBR1,1.088085
Robotics (Pepper),Linear / Ridge,WheelsControl.csv,183,LaserF09Y,1.084738
Robotics (Pepper),Linear / Ridge,WheelsControl.csv,184,LedFaceBL7,1.080946
Robotics (Pepper),Linear / Ridge,WheelsControl.csv,185,LedFaceBR2,1.080946
Robotics (Pepper),Linear / Ridge,WheelsControl.csv,186,LedFaceBL5,1.080002
Robotics (Pepper),Linear / Ridge,WheelsControl.csv,187,LedFaceBR4,1.080002
Robotics (Pepper),Linear / Ridge,WheelsControl.csv,188,LedFaceBL2,1.057887
Robotics (Pepper),Linear / Ridge,WheelsControl.csv,189,LedFaceBR7,1.057887
Robotics (Pepper),Linear / Ridge,WheelsControl.csv,190,LShoulderPitch,1.054675
Robotics (Pepper),Linear / Ridge,WheelsControl.csv,191,LaserF05Y,1.052155
Robotics (Pepper),Linear / Ridge,WheelsControl.csv,192,LaserF06Y,0.954221
Robotics (Pepper),Linear / Ridge,WheelsControl.csv,193,LaserL10Y,0.949934
Robotics (Pepper),Linear / Ridge,WheelsControl.csv,194,AccelerometerY,0.949659
Robotics (Pepper),Linear / Ridge,WheelsControl.csv,195,LaserR08Y,0.887394
Robotics (Pepper),Linear / Ridge,WheelsControl.csv,196,LaserF08Y.1,0.763167
Robotics (Pepper),Linear / Ridge,WheelsControl.csv,197,RElbowYaw,0.745350
Robotics (Pepper),Linear / Ridge,WheelsControl.csv,198,LaserVeL01Y,0.743887
Robotics (Pepper),Linear / Ridge,WheelsControl.csv,199,RElbowRoll,0.710873
Robotics (Pepper),Linear / Ridge,WheelsControl.csv,200,LShoulderRoll,0.693387
Robotics (Pepper),Linear / Ridge,WheelsControl.csv,201,LElbowRoll,0.678825
Robotics (Pepper),Linear / Ridge,WheelsControl.csv,202,LedEarR8,0.678675
Robotics (Pepper),Linear / Ridge,WheelsControl.csv,203,LedEarL8,0.678675
Robotics (Pepper),Linear / Ridge,WheelsControl.csv,204,RShoulderPitch,0.637989
Robotics (Pepper),Linear / Ridge,WheelsControl.csv,205,LedEarR1,0.603567
Robotics (Pepper),Linear / Ridge,WheelsControl.csv,206,LedEarR2,0.603567
Robotics (Pepper),Linear / Ridge,WheelsControl.csv,207,LedEarR4,0.603567
Robotics (Pepper),Linear / Ridge,WheelsControl.csv,208,LedEarR5,0.603567
Robotics (Pepper),Linear / Ridge,WheelsControl.csv,209,LedEarR6,0.603567
Robotics (Pepper),Linear / Ridge,WheelsControl.csv,210,LedEarR7,0.603567
Robotics (Pepper),Linear / Ridge,WheelsControl.csv,211,LedEarR9,0.603567
Robotics (Pepper),Linear / Ridge,WheelsControl.csv,212,LedEarR10,0.603567
Robotics (Pepper),Linear / Ridge,WheelsControl.csv,213,LedEarL1,0.603567
Robotics (Pepper),Linear / Ridge,WheelsControl.csv,214,LedEarL2,0.603567
Robotics (Pepper),Linear / Ridge,WheelsControl.csv,215,LedEarL4,0.603567
Robotics (Pepper),Linear / Ridge,WheelsControl.csv,216,LedEarL5,0.603567
Robotics (Pepper),Linear / Ridge,WheelsControl.csv,217,LedEarL6,0.603567
Robotics (Pepper),Linear / Ridge,WheelsControl.csv,218,LedEarL7,0.603567
Robotics (Pepper),Linear / Ridge,WheelsControl.csv,219,LedEarL9,0.603567
Robotics (Pepper),Linear / Ridge,WheelsControl.csv,220,LedEarL10,0.603567
Robotics (Pepper),Linear / Ridge,WheelsControl.csv,221,LaserF08Y,0.568194
Robotics (Pepper),Linear / Ridge,WheelsControl.csv,222,AccelerometerX,0.551862
Robotics (Pepper),Linear / Ridge,WheelsControl.csv,223,LaserF06Y.1,0.391150
Robotics (Pepper),Linear / Ridge,WheelsControl.csv,224,AccelerometerZ,0.390159
Robotics (Pepper),Linear / Ridge,WheelsControl.csv,225,RhandStiff,0.308163
Robotics (Pepper),Linear / Ridge,WheelsControl.csv,226,LHandStiff,0.305043
Robotics (Pepper),Linear / Ridge,WheelsControl.csv,227,RShoulderRoll,0.285058
Robotics (Pepper),Linear / Ridge,WheelsControl.csv,228,HipPicth,0.284567
Robotics (Pepper),Linear / Ridge,WheelsControl.csv,229,LaserVeR01Y,0.282926
Robotics (Pepper),Linear / Ridge,WheelsControl.csv,230,LedEarR3,0.272659
Robotics (Pepper),Linear / Ridge,WheelsControl.csv,231,LedEarL3,0.272659
Robotics (Pepper),Linear / Ridge,WheelsControl.csv,232,KneePicth,0.259629
Robotics (Pepper),Linear / Ridge,WheelsControl.csv,233,TabletTouchX,0.249683
Robotics (Pepper),Linear / Ridge,WheelsControl.csv,234,Rhand,0.235946
Robotics (Pepper),Linear / Ridge,WheelsControl.csv,235,TabletTouchY,0.222271
Robotics (Pepper),Linear / Ridge,WheelsControl.csv,236,LaserR09Y,0.211688
Robotics (Pepper),Linear / Ridge,WheelsControl.csv,237,LaserF07Y,0.154644
Robotics (Pepper),Linear / Ridge,WheelsControl.csv,238,LaserF07Y.1,0.084866
Robotics (Pepper),Linear / Ridge,WheelsControl.csv,239,LedShoulderB,0.057372
Robotics (Pepper),Linear / Ridge,WheelsControl.csv,240,AnglesY,0.041969
Robotics (Pepper),Linear / Ridge,WheelsControl.csv,241,HipRoll,0.032740
Robotics (Pepper),Linear / Ridge,WheelsControl.csv,242,GyroscopeY,0.030766
Robotics (Pepper),Linear / Ridge,WheelsControl.csv,243,AnglesX,0.020722
Robotics (Pepper),Linear / Ridge,WheelsControl.csv,244,GyroscopeX,0.006105
Robotics (Pepper),Linear / Ridge,JointControl.csv,1,KneePicthTemp,78.526568
Robotics (Pepper),Linear / Ridge,JointControl.csv,2,WheelBTemp,75.167097
Robotics (Pepper),Linear / Ridge,JointControl.csv,3,WheelFRTemp,66.606814
Robotics (Pepper),Linear / Ridge,JointControl.csv,4,WheelBStiff,65.310142
Robotics (Pepper),Linear / Ridge,JointControl.csv,5,HeadPicthTemp,52.533444
Robotics (Pepper),Linear / Ridge,JointControl.csv,6,RElbowYawTemp,48.767041
Robotics (Pepper),Linear / Ridge,JointControl.csv,7,WheelFRStiff,48.752550
Robotics (Pepper),Linear / Ridge,JointControl.csv,8,HipPicthTemp,47.559305
Robotics (Pepper),Linear / Ridge,JointControl.csv,9,LElbowYawTemp,37.440579
Robotics (Pepper),Linear / Ridge,JointControl.csv,10,RElbowRollTemp,35.596577
Robotics (Pepper),Linear / Ridge,JointControl.csv,11,LaserR04X,32.320612
Robotics (Pepper),Linear / Ridge,JointControl.csv,12,RShoulderRollTemp,28.810509
Robotics (Pepper),Linear / Ridge,JointControl.csv,13,LaserR02X,28.162005
Robotics (Pepper),Linear / Ridge,JointControl.csv,14,LaserShovel01X,24.448155
Robotics (Pepper),Linear / Ridge,JointControl.csv,15,LaserShovel02X,24.432093
Robotics (Pepper),Linear / Ridge,JointControl.csv,16,LaserShovel03X,24.369070
Robotics (Pepper),Linear / Ridge,JointControl.csv,17,HeadYawTemp,23.970460
Robotics (Pepper),Linear / Ridge,JointControl.csv,18,LaserF03X,23.522365
Robotics (Pepper),Linear / Ridge,JointControl.csv,19,RShoulderPitchTemp,23.488341
Robotics (Pepper),Linear / Ridge,JointControl.csv,20,LaserR08X,21.322516
Robotics (Pepper),Linear / Ridge,JointControl.csv,21,LaserF15X,21.244513
Robotics (Pepper),Linear / Ridge,JointControl.csv,22,LShoulderRollTemp,19.946191
Robotics (Pepper),Linear / Ridge,JointControl.csv,23,LaserR06X,19.473110
Robotics (Pepper),Linear / Ridge,JointControl.csv,24,LaserR12X,18.260636
Robotics (Pepper),Linear / Ridge,JointControl.csv,25,LaserF02X,15.320829
Robotics (Pepper),Linear / Ridge,JointControl.csv,26,WheelFLTemp,15.201147
Robotics (Pepper),Linear / Ridge,JointControl.csv,27,LaserR02Y,14.797405
Robotics (Pepper),Linear / Ridge,JointControl.csv,28,HipRollTemp,14.583774
Robotics (Pepper),Linear / Ridge,JointControl.csv,29,LaserR09X,14.398935
Robotics (Pepper),Linear / Ridge,JointControl.csv,30,AnglesZ,14.310690
Robotics (Pepper),Linear / Ridge,JointControl.csv,31,LHandTemp,13.895624
Robotics (Pepper),Linear / Ridge,JointControl.csv,32,LaserF01X,13.874584
Robotics (Pepper),Linear / Ridge,JointControl.csv,33,LElbowRollTemp,13.799368
Robotics (Pepper),Linear / Ridge,JointControl.csv,34,LaserR07X,13.785978
Robotics (Pepper),Linear / Ridge,JointControl.csv,35,LaserL13X,13.743381
Robotics (Pepper),Linear / Ridge,JointControl.csv,36,LShoulderPitchTemp,13.406570
Robotics (Pepper),Linear / Ridge,JointControl.csv,37,LaserF14X,13.300446
Robotics (Pepper),Linear / Ridge,JointControl.csv,38,LaserR03X,12.532551
Robotics (Pepper),Linear / Ridge,JointControl.csv,39,LaserR10X,12.174562
Robotics (Pepper),Linear / Ridge,JointControl.csv,40,LaserShovel01Y,12.038090
Robotics (Pepper),Linear / Ridge,JointControl.csv,41,LaserR11X,11.943308
Robotics (Pepper),Linear / Ridge,JointControl.csv,42,LaserR04Y,11.431578
Robotics (Pepper),Linear / Ridge,JointControl.csv,43,LaserR15X,11.302831
Robotics (Pepper),Linear / Ridge,JointControl.csv,44,LaserL15X,10.478345
Robotics (Pepper),Linear / Ridge,JointControl.csv,45,LaserF15Y,10.463193
Robotics (Pepper),Linear / Ridge,JointControl.csv,46,LWristYawTemp,10.127164
Robotics (Pepper),Linear / Ridge,JointControl.csv,47,LaserF09X,9.578273
Robotics (Pepper),Linear / Ridge,JointControl.csv,48,RWristYawTemp,9.535343
Robotics (Pepper),Linear / Ridge,JointControl.csv,49,LaserF05X.1,9.384706
Robotics (Pepper),Linear / Ridge,JointControl.csv,50,LaserF07X,9.302852
Robotics (Pepper),Linear / Ridge,JointControl.csv,51,LaserF04X,9.202660
Robotics (Pepper),Linear / Ridge,JointControl.csv,52,LaserR01X,9.157055
Robotics (Pepper),Linear / Ridge,JointControl.csv,53,LaserF08X,8.157056
Robotics (Pepper),Linear / Ridge,JointControl.csv,54,LaserF10X,8.044385
Robotics (Pepper),Linear / Ridge,JointControl.csv,55,LaserL14X,7.392188
Robotics (Pepper),Linear / Ridge,JointControl.csv,56,LaserR05X,7.348861
Robotics (Pepper),Linear / Ridge,JointControl.csv,57,LaserL15Y,6.892917
Robotics (Pepper),Linear / Ridge,JointControl.csv,58,LaserShovel03Y,6.534275
Robotics (Pepper),Linear / Ridge,JointControl.csv,59,LaserL13Y,6.437017
Robotics (Pepper),Linear / Ridge,JointControl.csv,60,LaserF09X.1,6.004810
Robotics (Pepper),Linear / Ridge,JointControl.csv,61,LaserF03Y,5.967000
Robotics (Pepper),Linear / Ridge,JointControl.csv,62,RhandTemp,5.881600
Robotics (Pepper),Linear / Ridge,JointControl.csv,63,SonarB,5.864413
Robotics (Pepper),Linear / Ridge,JointControl.csv,64,LaserR01Y,5.686376
Robotics (Pepper),Linear / Ridge,JointControl.csv,65,LaserF14Y,5.604541
Robotics (Pepper),Linear / Ridge,JointControl.csv,66,LaserR15Y,5.475262
Robotics (Pepper),Linear / Ridge,JointControl.csv,67,LaserR03Y,5.475011
Robotics (Pepper),Linear / Ridge,JointControl.csv,68,LWristYaw,5.378385
Robotics (Pepper),Linear / Ridge,JointControl.csv,69,LaserF01Y,5.319473
Robotics (Pepper),Linear / Ridge,JointControl.csv,70,LaserF02X.1,5.291898
Robotics (Pepper),Linear / Ridge,JointControl.csv,71,LaserL12X,5.090982
Robotics (Pepper),Linear / Ridge,JointControl.csv,72,LaserF03X.1,5.035784
Robotics (Pepper),Linear / Ridge,JointControl.csv,73,LaserShovel02Y,5.006862
Robotics (Pepper),Linear / Ridge,JointControl.csv,74,LaserF02Y,4.861648
Robotics (Pepper),Linear / Ridge,JointControl.csv,75,LaserF11X,4.851843
Robotics (Pepper),Linear / Ridge,JointControl.csv,76,LaserL11X,4.678047
Robotics (Pepper),Linear / Ridge,JointControl.csv,77,LaserR13X,4.558828
Robotics (Pepper),Linear / Ridge,JointControl.csv,78,LaserR12Y,4.378935
Robotics (Pepper),Linear / Ridge,JointControl.csv,79,LaserF08X.1,4.337721
Robotics (Pepper),Linear / Ridge,JointControl.csv,80,SonarF,4.150378
Robotics (Pepper),Linear / Ridge,JointControl.csv,81,LaserL14Y,4.134317
Robotics (Pepper),Linear / Ridge,JointControl.csv,82,LaserR06Y,3.869026
Robotics (Pepper),Linear / Ridge,JointControl.csv,83,LaserL10X,3.839762
Robotics (Pepper),Linear / Ridge,JointControl.csv,84,LaserF04X.1,3.751104
Robotics (Pepper),Linear / Ridge,JointControl.csv,85,LaserF01X.1,3.742680
Robotics (Pepper),Linear / Ridge,JointControl.csv,86,KneePicthStiff,3.739618
Robotics (Pepper),Linear / Ridge,JointControl.csv,87,LaserF06X.1,3.725561
Robotics (Pepper),Linear / Ridge,JointControl.csv,88,HipPicthStiff,3.524976
Robotics (Pepper),Linear / Ridge,JointControl.csv,89,LaserF05X,3.297999
Robotics (Pepper),Linear / Ridge,JointControl.csv,90,LaserF07X.1,3.021228
Robotics (Pepper),Linear / Ridge,JointControl.csv,91,LaserF06X,3.003680
Robotics (Pepper),Linear / Ridge,JointControl.csv,92,HipRollStiff,2.977246
Robotics (Pepper),Linear / Ridge,JointControl.csv,93,LElbowYaw,2.763891
Robotics (Pepper),Linear / Ridge,JointControl.csv,94,LaserVeR01X,2.701573
Robotics (Pepper),Linear / Ridge,JointControl.csv,95,LaserVeL01X,2.662291
Robotics (Pepper),Linear / Ridge,JointControl.csv,96,LaserF13X,2.372678
Robotics (Pepper),Linear / Ridge,JointControl.csv,97,InfraRedR,2.336252
Robotics (Pepper),Linear / Ridge,JointControl.csv,98,LaserR14X,2.159726
Robotics (Pepper),Linear / Ridge,JointControl.csv,99,LaserR05Y,2.018407
Robotics (Pepper),Linear / Ridge,JointControl.csv,100,LaserR11Y,1.969618
Robotics (Pepper),Linear / Ridge,JointControl.csv,101,LaserL12Y,1.951867
Robotics (Pepper),Linear / Ridge,JointControl.csv,102,LaserF02Y.1,1.949924
Robotics (Pepper),Linear / Ridge,JointControl.csv,103,LaserF12X,1.891117
Robotics (Pepper),Linear / Ridge,JointControl.csv,104,LedEarR1,1.867769
Robotics (Pepper),Linear / Ridge,JointControl.csv,105,LedEarR2,1.867769
Robotics (Pepper),Linear / Ridge,JointControl.csv,106,LedEarR4,1.867769
Robotics (Pepper),Linear / Ridge,JointControl.csv,107,LedEarR5,1.867769
Robotics (Pepper),Linear / Ridge,JointControl.csv,108,LedEarR6,1.867769
Robotics (Pepper),Linear / Ridge,JointControl.csv,109,LedEarR7,1.867769
Robotics (Pepper),Linear / Ridge,JointControl.csv,110,LedEarR9,1.867769
Robotics (Pepper),Linear / Ridge,JointControl.csv,111,LedEarR10,1.867769
Robotics (Pepper),Linear / Ridge,JointControl.csv,112,LedEarL1,1.867769
Robotics (Pepper),Linear / Ridge,JointControl.csv,113,LedEarL2,1.867769
Robotics (Pepper),Linear / Ridge,JointControl.csv,114,LedEarL4,1.867769
Robotics (Pepper),Linear / Ridge,JointControl.csv,115,LedEarL5,1.867769
Robotics (Pepper),Linear / Ridge,JointControl.csv,116,LedEarL6,1.867769
Robotics (Pepper),Linear / Ridge,JointControl.csv,117,LedEarL7,1.867769
Robotics (Pepper),Linear / Ridge,JointControl.csv,118,LedEarL9,1.867769
Robotics (Pepper),Linear / Ridge,JointControl.csv,119,LedEarL10,1.867769
Robotics (Pepper),Linear / Ridge,JointControl.csv,120,HeadPicthStiff,1.864605
Robotics (Pepper),Linear / Ridge,JointControl.csv,121,LedEarR3,1.823615
Robotics (Pepper),Linear / Ridge,JointControl.csv,122,LedEarL3,1.823615
Robotics (Pepper),Linear / Ridge,JointControl.csv,123,LShoulderRollStiff,1.786632
Robotics (Pepper),Linear / Ridge,JointControl.csv,124,LaserF04Y,1.765977
Robotics (Pepper),Linear / Ridge,JointControl.csv,125,LaserR07Y,1.721309
Robotics (Pepper),Linear / Ridge,JointControl.csv,126,LaserF01Y.1,1.693654
Robotics (Pepper),Linear / Ridge,JointControl.csv,127,LShoulderPitchStiff,1.550538
Robotics (Pepper),Linear / Ridge,JointControl.csv,128,LElbowRollStiff,1.535934
Robotics (Pepper),Linear / Ridge,JointControl.csv,129,HeadYawStiff,1.524231
Robotics (Pepper),Linear / Ridge,JointControl.csv,130,RElbowYaw,1.492624
Robotics (Pepper),Linear / Ridge,JointControl.csv,131,LaserF03Y.1,1.454179
Robotics (Pepper),Linear / Ridge,JointControl.csv,132,LaserR13Y,1.446620
Robotics (Pepper),Linear / Ridge,JointControl.csv,133,LaserL11Y,1.417398
Robotics (Pepper),Linear / Ridge,JointControl.csv,134,LElbowYawStiff,1.413965
Robotics (Pepper),Linear / Ridge,JointControl.csv,135,LWristYawStiff,1.403575
Robotics (Pepper),Linear / Ridge,JointControl.csv,136,RElbowYawStiff,1.366607
Robotics (Pepper),Linear / Ridge,JointControl.csv,137,LShoulderPitch,1.354895
Robotics (Pepper),Linear / Ridge,JointControl.csv,138,LaserF10Y,1.326631
Robotics (Pepper),Linear / Ridge,JointControl.csv,139,RElbowRollStiff,1.320142
Robotics (Pepper),Linear / Ridge,JointControl.csv,140,LaserF05Y.1,1.296602
Robotics (Pepper),Linear / Ridge,JointControl.csv,141,LElbowRoll,1.276915
Robotics (Pepper),Linear / Ridge,JointControl.csv,142,RWristYawStiff,1.249225
Robotics (Pepper),Linear / Ridge,JointControl.csv,143,RShoulderRollStiff,1.206872
Robotics (Pepper),Linear / Ridge,JointControl.csv,144,LaserR10Y,1.117435
Robotics (Pepper),Linear / Ridge,JointControl.csv,145,LaserR08Y,1.116222
Robotics (Pepper),Linear / Ridge,JointControl.csv,146,LedEarR8,1.111607
Robotics (Pepper),Linear / Ridge,JointControl.csv,147,LedEarL8,1.111607
Robotics (Pepper),Linear / Ridge,JointControl.csv,148,LaserF11Y,1.096599
Robotics (Pepper),Linear / Ridge,JointControl.csv,149,HeadYaw,1.093656
Robotics (Pepper),Linear / Ridge,JointControl.csv,150,RShoulderPitch,1.056032
Robotics (Pepper),Linear / Ridge,JointControl.csv,151,LaserF09Y,1.005590
Robotics (Pepper),Linear / Ridge,JointControl.csv,152,LHandStiff,0.968428
Robotics (Pepper),Linear / Ridge,JointControl.csv,153,RShoulderPitchStiff,0.959437
Robotics (Pepper),Linear / Ridge,JointControl.csv,154,RElbowRoll,0.914930
Robotics (Pepper),Linear / Ridge,JointControl.csv,155,LaserF09Y.1,0.909795
Robotics (Pepper),Linear / Ridge,JointControl.csv,156,HeadPicth,0.901464
Robotics (Pepper),Linear / Ridge,JointControl.csv,157,RWristYaw,0.875242
Robotics (Pepper),Linear / Ridge,JointControl.csv,158,LaserL10Y,0.867851
Robotics (Pepper),Linear / Ridge,JointControl.csv,159,LShoulderRoll,0.864606
Robotics (Pepper),Linear / Ridge,JointControl.csv,160,LaserR14Y,0.860588
Robotics (Pepper),Linear / Ridge,JointControl.csv,161,InfraRedL,0.847586
Robotics (Pepper),Linear / Ridge,JointControl.csv,162,LaserF13Y,0.839200
Robotics (Pepper),Linear / Ridge,JointControl.csv,163,LaserF04Y.1,0.796409
Robotics (Pepper),Linear / Ridge,JointControl.csv,164,Rhand,0.772062
Robotics (Pepper),Linear / Ridge,JointControl.csv,165,HipPicth,0.591000
Robotics (Pepper),Linear / Ridge,JointControl.csv,166,LaserF12Y,0.546096
Robotics (Pepper),Linear / Ridge,JointControl.csv,167,RhandStiff,0.503806
Robotics (Pepper),Linear / Ridge,JointControl.csv,168,TabletTouchX,0.486216
Robotics (Pepper),Linear / Ridge,JointControl.csv,169,TabletTouchY,0.465227
Robotics (Pepper),Linear / Ridge,JointControl.csv,170,LaserF05Y,0.433702
Robotics (Pepper),Linear / Ridge,JointControl.csv,171,LedShoulderB,0.413267
Robotics (Pepper),Linear / Ridge,JointControl.csv,172,KneePicth,0.401944
Robotics (Pepper),Linear / Ridge,JointControl.csv,173,LaserF08Y,0.373560
Robotics (Pepper),Linear / Ridge,JointControl.csv,174,WheelFLStiff,0.343171
Robotics (Pepper),Linear / Ridge,JointControl.csv,175,LaserF08Y.1,0.341005
Robotics (Pepper),Linear / Ridge,JointControl.csv,176,LHand,0.332361
Robotics (Pepper),Linear / Ridge,JointControl.csv,177,RShoulderRoll,0.295351
Robotics (Pepper),Linear / Ridge,JointControl.csv,178,LaserR09Y,0.282445
Robotics (Pepper),Linear / Ridge,JointControl.csv,179,LaserF06Y.1,0.243914
Robotics (Pepper),Linear / Ridge,JointControl.csv,180,LaserVeL01Y,0.236007
Robotics (Pepper),Linear / Ridge,JointControl.csv,181,LedFaceRL1,0.227858
Robotics (Pepper),Linear / Ridge,JointControl.csv,182,LedFaceRL2,0.227858
Robotics (Pepper),Linear / Ridge,JointControl.csv,183,LedFaceRL3,0.227858
Robotics (Pepper),Linear / Ridge,JointControl.csv,184,LedFaceRL4,0.227858
Robotics (Pepper),Linear / Ridge,JointControl.csv,185,LedFaceRL5,0.227858
Robotics (Pepper),Linear / Ridge,JointControl.csv,186,LedFaceRL6,0.227858
Robotics (Pepper),Linear / Ridge,JointControl.csv,187,LedFaceRL7,0.227858
Robotics (Pepper),Linear / Ridge,JointControl.csv,188,LedFaceRL8,0.227858
Robotics (Pepper),Linear / Ridge,JointControl.csv,189,LedFaceRR1,0.227858
Robotics (Pepper),Linear / Ridge,JointControl.csv,190,LedFaceRR2,0.227858
Robotics (Pepper),Linear / Ridge,JointControl.csv,191,LedFaceRR3,0.227858
Robotics (Pepper),Linear / Ridge,JointControl.csv,192,LedFaceRR4,0.227858
Robotics (Pepper),Linear / Ridge,JointControl.csv,193,LedFaceRR5,0.227858
Robotics (Pepper),Linear / Ridge,JointControl.csv,194,LedFaceRR6,0.227858
Robotics (Pepper),Linear / Ridge,JointControl.csv,195,LedFaceRR7,0.227858
Robotics (Pepper),Linear / Ridge,JointControl.csv,196,LedFaceRR8,0.227858
Robotics (Pepper),Linear / Ridge,JointControl.csv,197,LedFaceGL8,0.225274
Robotics (Pepper),Linear / Ridge,JointControl.csv,198,LedFaceGR1,0.225274
Robotics (Pepper),Linear / Ridge,JointControl.csv,199,LedFaceBL2,0.222249
Robotics (Pepper),Linear / Ridge,JointControl.csv,200,LedFaceBR7,0.222249
Robotics (Pepper),Linear / Ridge,JointControl.csv,201,LedFaceBL8,0.220112
Robotics (Pepper),Linear / Ridge,JointControl.csv,202,LedFaceBR1,0.220112
Robotics (Pepper),Linear / Ridge,JointControl.csv,203,LedFaceGL7,0.219691
Robotics (Pepper),Linear / Ridge,JointControl.csv,204,LedFaceGR2,0.219691
Robotics (Pepper),Linear / Ridge,JointControl.csv,205,LedFaceGL5,0.218597
Robotics (Pepper),Linear / Ridge,JointControl.csv,206,LedFaceGR4,0.218597
Robotics (Pepper),Linear / Ridge,JointControl.csv,207,LedFaceGL3,0.217855
Robotics (Pepper),Linear / Ridge,JointControl.csv,208,LedFaceGR6,0.217855
Robotics (Pepper),Linear / Ridge,JointControl.csv,209,LedFaceBL7,0.217195
Robotics (Pepper),Linear / Ridge,JointControl.csv,210,LedFaceBR2,0.217195
Robotics (Pepper),Linear / Ridge,JointControl.csv,211,AccelerometerZ,0.216799
Robotics (Pepper),Linear / Ridge,JointControl.csv,212,LaserF06Y,0.216382
Robotics (Pepper),Linear / Ridge,JointControl.csv,213,LedFaceGL6,0.215067
Robotics (Pepper),Linear / Ridge,JointControl.csv,214,LedFaceGR3,0.215067
Robotics (Pepper),Linear / Ridge,JointControl.csv,215,AccelerometerY,0.213441
Robotics (Pepper),Linear / Ridge,JointControl.csv,216,LedFaceGL4,0.208261
Robotics (Pepper),Linear / Ridge,JointControl.csv,217,LedFaceGR5,0.208261
Robotics (Pepper),Linear / Ridge,JointControl.csv,218,LedFaceGL2,0.204012
Robotics (Pepper),Linear / Ridge,JointControl.csv,219,LedFaceGR7,0.204012
Robotics (Pepper),Linear / Ridge,JointControl.csv,220,LedFaceGL1,0.203656
Robotics (Pepper),Linear / Ridge,JointControl.csv,221,LedFaceGR8,0.203656
Robotics (Pepper),Linear / Ridge,JointControl.csv,222,LedFaceBL3,0.199057
Robotics (Pepper),Linear / Ridge,JointControl.csv,223,LedFaceBR6,0.199057
Robotics (Pepper),Linear / Ridge,JointControl.csv,224,AccelerometerX,0.189388
Robotics (Pepper),Linear / Ridge,JointControl.csv,225,LedFaceBL1,0.155853
Robotics (Pepper),Linear / Ridge,JointControl.csv,226,LedFaceBR8,0.155853
Robotics (Pepper),Linear / Ridge,JointControl.csv,227,WheelFRSpeed,0.132263
Robotics (Pepper),Linear / Ridge,JointControl.csv,228,WheelFLSpeed,0.129859
Robotics (Pepper),Linear / Ridge,JointControl.csv,229,LedFaceBL6,0.122547
Robotics (Pepper),Linear / Ridge,JointControl.csv,230,LedFaceBR3,0.122547
Robotics (Pepper),Linear / Ridge,JointControl.csv,231,LaserF07Y,0.121646
Robotics (Pepper),Linear / Ridge,JointControl.csv,232,WheelBSpeed,0.120145
Robotics (Pepper),Linear / Ridge,JointControl.csv,233,LaserVeR01Y,0.104596
Robotics (Pepper),Linear / Ridge,JointControl.csv,234,LedFaceBL5,0.096197
Robotics (Pepper),Linear / Ridge,JointControl.csv,235,LedFaceBR4,0.096197
Robotics (Pepper),Linear / Ridge,JointControl.csv,236,LedFaceBL4,0.085151
Robotics (Pepper),Linear / Ridge,JointControl.csv,237,LedFaceBR5,0.085151
Robotics (Pepper),Linear / Ridge,JointControl.csv,238,GyroscopeZ,0.051270
Robotics (Pepper),Linear / Ridge,JointControl.csv,239,GyroscopeY,0.026264
Robotics (Pepper),Linear / Ridge,JointControl.csv,240,LaserF07Y.1,0.019752
Robotics (Pepper),Linear / Ridge,JointControl.csv,241,HipRoll,0.019232
Robotics (Pepper),Linear / Ridge,JointControl.csv,242,AnglesY,0.013322
Robotics (Pepper),Linear / Ridge,JointControl.csv,243,AnglesX,0.010227
Robotics (Pepper),Linear / Ridge,JointControl.csv,244,GyroscopeX,0.005658
Robotics (Pepper),Linear / Ridge,LedsControl.csv,1,TabletTouchX,3808.959439
Robotics (Pepper),Linear / Ridge,LedsControl.csv,2,TabletTouchY,1364.824602
Robotics (Pepper),Linear / Ridge,LedsControl.csv,3,HeadPicthTemp,87.879042
Robotics (Pepper),Linear / Ridge,LedsControl.csv,4,WheelFRTemp,80.826563
Robotics (Pepper),Linear / Ridge,LedsControl.csv,5,WheelBTemp,71.908931
Robotics (Pepper),Linear / Ridge,LedsControl.csv,6,KneePicthTemp,63.839797
Robotics (Pepper),Linear / Ridge,LedsControl.csv,7,WheelBStiff,57.261289
Robotics (Pepper),Linear / Ridge,LedsControl.csv,8,LElbowYawTemp,43.432927
Robotics (Pepper),Linear / Ridge,LedsControl.csv,9,RElbowYawTemp,43.234241
Robotics (Pepper),Linear / Ridge,LedsControl.csv,10,WheelFRStiff,42.706792
Robotics (Pepper),Linear / Ridge,LedsControl.csv,11,AnglesZ,42.506006
Robotics (Pepper),Linear / Ridge,LedsControl.csv,12,HipPicthTemp,42.124764
Robotics (Pepper),Linear / Ridge,LedsControl.csv,13,LShoulderRollTemp,39.853085
Robotics (Pepper),Linear / Ridge,LedsControl.csv,14,LaserR01X,39.824535
Robotics (Pepper),Linear / Ridge,LedsControl.csv,15,RShoulderRollTemp,37.111975
Robotics (Pepper),Linear / Ridge,LedsControl.csv,16,LaserF13X,32.520169
Robotics (Pepper),Linear / Ridge,LedsControl.csv,17,LShoulderPitchTemp,32.073194
Robotics (Pepper),Linear / Ridge,LedsControl.csv,18,LaserR05X,30.746036
Robotics (Pepper),Linear / Ridge,LedsControl.csv,19,LaserF01X,30.667977
Robotics (Pepper),Linear / Ridge,LedsControl.csv,20,LaserR06X,30.645526
Robotics (Pepper),Linear / Ridge,LedsControl.csv,21,LElbowRollTemp,29.151686
Robotics (Pepper),Linear / Ridge,LedsControl.csv,22,RElbowRollTemp,27.753828
Robotics (Pepper),Linear / Ridge,LedsControl.csv,23,WheelFLTemp,25.344408
Robotics (Pepper),Linear / Ridge,LedsControl.csv,24,LaserR01Y,24.730364
Robotics (Pepper),Linear / Ridge,LedsControl.csv,25,LaserR09X,24.008295
Robotics (Pepper),Linear / Ridge,LedsControl.csv,26,HeadYawTemp,23.726884
Robotics (Pepper),Linear / Ridge,LedsControl.csv,27,RShoulderPitchTemp,19.769239
Robotics (Pepper),Linear / Ridge,LedsControl.csv,28,HipRollTemp,19.489708
Robotics (Pepper),Linear / Ridge,LedsControl.csv,29,LaserR10X,17.401736
Robotics (Pepper),Linear / Ridge,LedsControl.csv,30,LaserR08X,17.059237
Robotics (Pepper),Linear / Ridge,LedsControl.csv,31,LaserR07X,16.972616
Robotics (Pepper),Linear / Ridge,LedsControl.csv,32,LaserF08X,15.845749
Robotics (Pepper),Linear / Ridge,LedsControl.csv,33,LaserShovel01X,15.285736
Robotics (Pepper),Linear / Ridge,LedsControl.csv,34,LaserShovel02X,15.255146
Robotics (Pepper),Linear / Ridge,LedsControl.csv,35,LaserShovel03X,15.135688
Robotics (Pepper),Linear / Ridge,LedsControl.csv,36,LaserR03X,14.699994
Robotics (Pepper),Linear / Ridge,LedsControl.csv,37,LaserF14X,14.690458
Robotics (Pepper),Linear / Ridge,LedsControl.csv,38,LaserR04X,14.001127
Robotics (Pepper),Linear / Ridge,LedsControl.csv,39,LaserF04X,13.296941
Robotics (Pepper),Linear / Ridge,LedsControl.csv,40,LaserR11X,13.105230
Robotics (Pepper),Linear / Ridge,LedsControl.csv,41,LaserF09X,12.703551
Robotics (Pepper),Linear / Ridge,LedsControl.csv,42,LaserF15X,12.689288
Robotics (Pepper),Linear / Ridge,LedsControl.csv,43,LaserR12X,12.232430
Robotics (Pepper),Linear / Ridge,LedsControl.csv,44,LaserL13X,12.183134
Robotics (Pepper),Linear / Ridge,LedsControl.csv,45,LHandTemp,12.031063
Robotics (Pepper),Linear / Ridge,LedsControl.csv,46,LaserF07X,12.018729
Robotics (Pepper),Linear / Ridge,LedsControl.csv,47,LaserF03X,11.770742
Robotics (Pepper),Linear / Ridge,LedsControl.csv,48,LaserF01Y,11.758007
Robotics (Pepper),Linear / Ridge,LedsControl.csv,49,LaserF13Y,11.502158
Robotics (Pepper),Linear / Ridge,LedsControl.csv,50,LaserL15X,11.465824
Robotics (Pepper),Linear / Ridge,LedsControl.csv,51,LWristYawTemp,11.151874
Robotics (Pepper),Linear / Ridge,LedsControl.csv,52,RhandTemp,10.679802
Robotics (Pepper),Linear / Ridge,LedsControl.csv,53,LaserF08X.1,10.172352
Robotics (Pepper),Linear / Ridge,LedsControl.csv,54,LaserF07X.1,10.031871
Robotics (Pepper),Linear / Ridge,LedsControl.csv,55,RWristYawTemp,9.989498
Robotics (Pepper),Linear / Ridge,LedsControl.csv,56,InfraRedR,9.791035
Robotics (Pepper),Linear / Ridge,LedsControl.csv,57,LaserShovel03Y,9.695249
Robotics (Pepper),Linear / Ridge,LedsControl.csv,58,LaserF02X,9.284275
Robotics (Pepper),Linear / Ridge,LedsControl.csv,59,LaserF10X,9.164342
Robotics (Pepper),Linear / Ridge,LedsControl.csv,60,LaserL11X,9.146647
Robotics (Pepper),Linear / Ridge,LedsControl.csv,61,LaserF09X.1,8.963908
Robotics (Pepper),Linear / Ridge,LedsControl.csv,62,LaserShovel02Y,8.935893
Robotics (Pepper),Linear / Ridge,LedsControl.csv,63,LaserR13X,8.620675
Robotics (Pepper),Linear / Ridge,LedsControl.csv,64,LaserR05Y,8.444578
Robotics (Pepper),Linear / Ridge,LedsControl.csv,65,LaserR15X,8.333720
Robotics (Pepper),Linear / Ridge,LedsControl.csv,66,LaserF06X,8.286058
Robotics (Pepper),Linear / Ridge,LedsControl.csv,67,LaserF01X.1,8.050914
Robotics (Pepper),Linear / Ridge,LedsControl.csv,68,LaserL14X,8.039097
Robotics (Pepper),Linear / Ridge,LedsControl.csv,69,LaserR14X,7.902442
Robotics (Pepper),Linear / Ridge,LedsControl.csv,70,LaserF05X.1,7.628249
Robotics (Pepper),Linear / Ridge,LedsControl.csv,71,LaserL15Y,7.542505
Robotics (Pepper),Linear / Ridge,LedsControl.csv,72,LaserF06X.1,7.525162
Robotics (Pepper),Linear / Ridge,LedsControl.csv,73,LaserF11X,7.295396
Robotics (Pepper),Linear / Ridge,LedsControl.csv,74,LaserF04X.1,7.253098
Robotics (Pepper),Linear / Ridge,LedsControl.csv,75,LaserL12X,7.247014
Robotics (Pepper),Linear / Ridge,LedsControl.csv,76,LaserShovel01Y,7.042732
Robotics (Pepper),Linear / Ridge,LedsControl.csv,77,LaserR03Y,6.421887
Robotics (Pepper),Linear / Ridge,LedsControl.csv,78,LaserF15Y,6.249636
Robotics (Pepper),Linear / Ridge,LedsControl.csv,79,LaserF14Y,6.190264
Robotics (Pepper),Linear / Ridge,LedsControl.csv,80,LaserR06Y,6.088823
Robotics (Pepper),Linear / Ridge,LedsControl.csv,81,LaserF02X.1,6.021640
Robotics (Pepper),Linear / Ridge,LedsControl.csv,82,LedFaceRR4,6.002640
Robotics (Pepper),Linear / Ridge,LedsControl.csv,83,LedEarR8,5.975256
Robotics (Pepper),Linear / Ridge,LedsControl.csv,84,LedEarL8,5.975256
Robotics (Pepper),Linear / Ridge,LedsControl.csv,85,LedFaceGL8,5.944590
Robotics (Pepper),Linear / Ridge,LedsControl.csv,86,LedFaceGR8,5.921509
Robotics (Pepper),Linear / Ridge,LedsControl.csv,87,LedFaceGL5,5.868896
Robotics (Pepper),Linear / Ridge,LedsControl.csv,88,LedFaceRR5,5.859586
Robotics (Pepper),Linear / Ridge,LedsControl.csv,89,LedFaceGR7,5.844229
Robotics (Pepper),Linear / Ridge,LedsControl.csv,90,LaserF03X.1,5.820951
Robotics (Pepper),Linear / Ridge,LedsControl.csv,91,LedFaceBR7,5.804678
Robotics (Pepper),Linear / Ridge,LedsControl.csv,92,LaserF12X,5.776872
Robotics (Pepper),Linear / Ridge,LedsControl.csv,93,LedFaceBL2,5.774439
Robotics (Pepper),Linear / Ridge,LedsControl.csv,94,LedFaceRL5,5.754533
Robotics (Pepper),Linear / Ridge,LedsControl.csv,95,LedFaceGR5,5.750213
Robotics (Pepper),Linear / Ridge,LedsControl.csv,96,LedFaceGL7,5.719435
Robotics (Pepper),Linear / Ridge,LedsControl.csv,97,LaserL13Y,5.706241
Robotics (Pepper),Linear / Ridge,LedsControl.csv,98,LedFaceRL4,5.680646
Robotics (Pepper),Linear / Ridge,LedsControl.csv,99,LaserL10X,5.630034
Robotics (Pepper),Linear / Ridge,LedsControl.csv,100,LedFaceRL3,5.552012
Robotics (Pepper),Linear / Ridge,LedsControl.csv,101,LedFaceRL2,5.486251
Robotics (Pepper),Linear / Ridge,LedsControl.csv,102,LaserF05X,5.436523
Robotics (Pepper),Linear / Ridge,LedsControl.csv,103,LedFaceGR6,5.389941
Robotics (Pepper),Linear / Ridge,LedsControl.csv,104,LedFaceGR1,5.331982
Robotics (Pepper),Linear / Ridge,LedsControl.csv,105,LedFaceGL6,5.324915
Robotics (Pepper),Linear / Ridge,LedsControl.csv,106,LedFaceGL4,5.168679
Robotics (Pepper),Linear / Ridge,LedsControl.csv,107,LedFaceRR6,5.113185
Robotics (Pepper),Linear / Ridge,LedsControl.csv,108,LaserR02X,5.065977
Robotics (Pepper),Linear / Ridge,LedsControl.csv,109,LedFaceGL1,5.048796
Robotics (Pepper),Linear / Ridge,LedsControl.csv,110,LaserR04Y,4.952102
Robotics (Pepper),Linear / Ridge,LedsControl.csv,111,LedFaceBR4,4.902262
Robotics (Pepper),Linear / Ridge,LedsControl.csv,112,LedFaceRL1,4.879524
Robotics (Pepper),Linear / Ridge,LedsControl.csv,113,LedFaceBL5,4.868258
Robotics (Pepper),Linear / Ridge,LedsControl.csv,114,LedFaceRR1,4.670668
Robotics (Pepper),Linear / Ridge,LedsControl.csv,115,LedEarR2,4.663342
Robotics (Pepper),Linear / Ridge,LedsControl.csv,116,LedEarR4,4.663342
Robotics (Pepper),Linear / Ridge,LedsControl.csv,117,LedEarR7,4.663342
Robotics (Pepper),Linear / Ridge,LedsControl.csv,118,LedEarR9,4.663342
Robotics (Pepper),Linear / Ridge,LedsControl.csv,119,LedEarL2,4.663342
Robotics (Pepper),Linear / Ridge,LedsControl.csv,120,LedEarL4,4.663342
Robotics (Pepper),Linear / Ridge,LedsControl.csv,121,LedEarL7,4.663342
Robotics (Pepper),Linear / Ridge,LedsControl.csv,122,LedEarL9,4.663342
Robotics (Pepper),Linear / Ridge,LedsControl.csv,123,LedEarR1,4.630475
Robotics (Pepper),Linear / Ridge,LedsControl.csv,124,LedEarR5,4.630475
Robotics (Pepper),Linear / Ridge,LedsControl.csv,125,LedEarR6,4.630475
Robotics (Pepper),Linear / Ridge,LedsControl.csv,126,LedEarR10,4.630475
Robotics (Pepper),Linear / Ridge,LedsControl.csv,127,LedEarL1,4.630475
Robotics (Pepper),Linear / Ridge,LedsControl.csv,128,LedEarL5,4.630475
Robotics (Pepper),Linear / Ridge,LedsControl.csv,129,LedEarL6,4.630475
Robotics (Pepper),Linear / Ridge,LedsControl.csv,130,LedEarL10,4.630475
Robotics (Pepper),Linear / Ridge,LedsControl.csv,131,SonarF,4.575654
Robotics (Pepper),Linear / Ridge,LedsControl.csv,132,LaserL14Y,4.496122
Robotics (Pepper),Linear / Ridge,LedsControl.csv,133,LedFaceGR4,4.473561
Robotics (Pepper),Linear / Ridge,LedsControl.csv,134,LedFaceBL1,4.400792
Robotics (Pepper),Linear / Ridge,LedsControl.csv,135,LedFaceBR5,4.328331
Robotics (Pepper),Linear / Ridge,LedsControl.csv,136,LedFaceBR1,4.304426
Robotics (Pepper),Linear / Ridge,LedsControl.csv,137,LedFaceRR2,4.271807
Robotics (Pepper),Linear / Ridge,LedsControl.csv,138,LedFaceBR6,4.271361
Robotics (Pepper),Linear / Ridge,LedsControl.csv,139,LedFaceBR8,4.234332
Robotics (Pepper),Linear / Ridge,LedsControl.csv,140,LedFaceBL3,4.223452
Robotics (Pepper),Linear / Ridge,LedsControl.csv,141,LedFaceBL8,4.195999
Robotics (Pepper),Linear / Ridge,LedsControl.csv,142,LedFaceBL4,4.153074
Robotics (Pepper),Linear / Ridge,LedsControl.csv,143,LedFaceBL6,4.052416
Robotics (Pepper),Linear / Ridge,LedsControl.csv,144,LaserR15Y,4.036980
Robotics (Pepper),Linear / Ridge,LedsControl.csv,145,LedFaceGL3,3.960737
Robotics (Pepper),Linear / Ridge,LedsControl.csv,146,LedFaceBR3,3.924765
Robotics (Pepper),Linear / Ridge,LedsControl.csv,147,LedFaceGL2,3.922974
Robotics (Pepper),Linear / Ridge,LedsControl.csv,148,LedFaceRR7,3.921160
Robotics (Pepper),Linear / Ridge,LedsControl.csv,149,LedFaceRR3,3.855282
Robotics (Pepper),Linear / Ridge,LedsControl.csv,150,KneePicthStiff,3.816263
Robotics (Pepper),Linear / Ridge,LedsControl.csv,151,HipPicthStiff,3.735284
Robotics (Pepper),Linear / Ridge,LedsControl.csv,152,LedFaceGR3,3.709779
Robotics (Pepper),Linear / Ridge,LedsControl.csv,153,LedFaceRL6,3.689118
Robotics (Pepper),Linear / Ridge,LedsControl.csv,154,LedFaceRL8,3.684100
Robotics (Pepper),Linear / Ridge,LedsControl.csv,155,LaserVeL01X,3.669540
Robotics (Pepper),Linear / Ridge,LedsControl.csv,156,LedFaceGR2,3.659924
Robotics (Pepper),Linear / Ridge,LedsControl.csv,157,LedFaceRR8,3.656961
Robotics (Pepper),Linear / Ridge,LedsControl.csv,158,LaserF01Y.1,3.643236
Robotics (Pepper),Linear / Ridge,LedsControl.csv,159,LedFaceRL7,3.468591
Robotics (Pepper),Linear / Ridge,LedsControl.csv,160,LedFaceBR2,3.354917
Robotics (Pepper),Linear / Ridge,LedsControl.csv,161,LaserVeR01X,3.319457
Robotics (Pepper),Linear / Ridge,LedsControl.csv,162,LedFaceBL7,3.313197
Robotics (Pepper),Linear / Ridge,LedsControl.csv,163,LaserR14Y,3.148892
Robotics (Pepper),Linear / Ridge,LedsControl.csv,164,HeadPicth,3.143134
Robotics (Pepper),Linear / Ridge,LedsControl.csv,165,HeadYawStiff,3.007479
Robotics (Pepper),Linear / Ridge,LedsControl.csv,166,LaserF03Y,2.985925
Robotics (Pepper),Linear / Ridge,LedsControl.csv,167,LaserF02Y,2.946112
Robotics (Pepper),Linear / Ridge,LedsControl.csv,168,LaserR12Y,2.933360
Robotics (Pepper),Linear / Ridge,LedsControl.csv,169,LaserL12Y,2.778482
Robotics (Pepper),Linear / Ridge,LedsControl.csv,170,LaserL11Y,2.771337
Robotics (Pepper),Linear / Ridge,LedsControl.csv,171,HeadPicthStiff,2.749513
Robotics (Pepper),Linear / Ridge,LedsControl.csv,172,LaserR13Y,2.735536
Robotics (Pepper),Linear / Ridge,LedsControl.csv,173,LaserR02Y,2.661860
Robotics (Pepper),Linear / Ridge,LedsControl.csv,174,InfraRedL,2.579010
Robotics (Pepper),Linear / Ridge,LedsControl.csv,175,LaserF04Y,2.551663
Robotics (Pepper),Linear / Ridge,LedsControl.csv,176,LElbowYaw,2.340201
Robotics (Pepper),Linear / Ridge,LedsControl.csv,177,LaserF02Y.1,2.218815
Robotics (Pepper),Linear / Ridge,LedsControl.csv,178,LElbowRoll,2.179431
Robotics (Pepper),Linear / Ridge,LedsControl.csv,179,LaserR11Y,2.161235
Robotics (Pepper),Linear / Ridge,LedsControl.csv,180,LaserR07Y,2.119191
Robotics (Pepper),Linear / Ridge,LedsControl.csv,181,LedEarR3,2.024321
Robotics (Pepper),Linear / Ridge,LedsControl.csv,182,LedEarL3,2.024321
Robotics (Pepper),Linear / Ridge,LedsControl.csv,183,RElbowRoll,1.823852
Robotics (Pepper),Linear / Ridge,LedsControl.csv,184,HipRollStiff,1.781330
Robotics (Pepper),Linear / Ridge,LedsControl.csv,185,LaserF03Y.1,1.680911
Robotics (Pepper),Linear / Ridge,LedsControl.csv,186,LaserF12Y,1.668182
Robotics (Pepper),Linear / Ridge,LedsControl.csv,187,LaserF11Y,1.648884
Robotics (Pepper),Linear / Ridge,LedsControl.csv,188,LWristYaw,1.646655
Robotics (Pepper),Linear / Ridge,LedsControl.csv,189,LaserR10Y,1.597208
Robotics (Pepper),Linear / Ridge,LedsControl.csv,190,LHand,1.586566
Robotics (Pepper),Linear / Ridge,LedsControl.csv,191,LaserF04Y.1,1.539929
Robotics (Pepper),Linear / Ridge,LedsControl.csv,192,LaserF10Y,1.511328
Robotics (Pepper),Linear / Ridge,LedsControl.csv,193,Rhand,1.459102
Robotics (Pepper),Linear / Ridge,LedsControl.csv,194,LaserF09Y.1,1.358131
Robotics (Pepper),Linear / Ridge,LedsControl.csv,195,LaserF09Y,1.333703
Robotics (Pepper),Linear / Ridge,LedsControl.csv,196,HipPicth,1.287330
Robotics (Pepper),Linear / Ridge,LedsControl.csv,197,LaserL10Y,1.272484
Robotics (Pepper),Linear / Ridge,LedsControl.csv,198,RWristYaw,1.183876
Robotics (Pepper),Linear / Ridge,LedsControl.csv,199,LedShoulderB,1.139202
Robotics (Pepper),Linear / Ridge,LedsControl.csv,200,RElbowYaw,1.107930
Robotics (Pepper),Linear / Ridge,LedsControl.csv,201,LaserF05Y.1,1.053928
Robotics (Pepper),Linear / Ridge,LedsControl.csv,202,HeadYaw,1.016031
Robotics (Pepper),Linear / Ridge,LedsControl.csv,203,LShoulderPitch,0.999058
Robotics (Pepper),Linear / Ridge,LedsControl.csv,204,RElbowYawStiff,0.956747
Robotics (Pepper),Linear / Ridge,LedsControl.csv,205,SonarB,0.931986
Robotics (Pepper),Linear / Ridge,LedsControl.csv,206,LaserR08Y,0.893041
Robotics (Pepper),Linear / Ridge,LedsControl.csv,207,RElbowRollStiff,0.890999
Robotics (Pepper),Linear / Ridge,LedsControl.csv,208,RWristYawStiff,0.825958
Robotics (Pepper),Linear / Ridge,LedsControl.csv,209,LaserF08Y.1,0.799688
Robotics (Pepper),Linear / Ridge,LedsControl.csv,210,LElbowRollStiff,0.766409
Robotics (Pepper),Linear / Ridge,LedsControl.csv,211,AccelerometerZ,0.745854
Robotics (Pepper),Linear / Ridge,LedsControl.csv,212,LaserF08Y,0.725671
Robotics (Pepper),Linear / Ridge,LedsControl.csv,213,LaserF05Y,0.714927
Robotics (Pepper),Linear / Ridge,LedsControl.csv,214,RShoulderRollStiff,0.685876
Robotics (Pepper),Linear / Ridge,LedsControl.csv,215,RShoulderPitchStiff,0.664432
Robotics (Pepper),Linear / Ridge,LedsControl.csv,216,LaserF06Y,0.596920
Robotics (Pepper),Linear / Ridge,LedsControl.csv,217,LElbowYawStiff,0.569242
Robotics (Pepper),Linear / Ridge,LedsControl.csv,218,AccelerometerX,0.561134
Robotics (Pepper),Linear / Ridge,LedsControl.csv,219,RhandStiff,0.544804
Robotics (Pepper),Linear / Ridge,LedsControl.csv,220,LShoulderRollStiff,0.525416
Robotics (Pepper),Linear / Ridge,LedsControl.csv,221,LWristYawStiff,0.523338
Robotics (Pepper),Linear / Ridge,LedsControl.csv,222,KneePicth,0.495936
Robotics (Pepper),Linear / Ridge,LedsControl.csv,223,LShoulderPitchStiff,0.495325
Robotics (Pepper),Linear / Ridge,LedsControl.csv,224,LaserF06Y.1,0.492676
Robotics (Pepper),Linear / Ridge,LedsControl.csv,225,LaserR09Y,0.470938
Robotics (Pepper),Linear / Ridge,LedsControl.csv,226,RShoulderPitch,0.366980
Robotics (Pepper),Linear / Ridge,LedsControl.csv,227,WheelFLStiff,0.354044
Robotics (Pepper),Linear / Ridge,LedsControl.csv,228,LShoulderRoll,0.335885
Robotics (Pepper),Linear / Ridge,LedsControl.csv,229,LaserVeL01Y,0.261325
Robotics (Pepper),Linear / Ridge,LedsControl.csv,230,RShoulderRoll,0.244315
Robotics (Pepper),Linear / Ridge,LedsControl.csv,231,LHandStiff,0.225441
Robotics (Pepper),Linear / Ridge,LedsControl.csv,232,AccelerometerY,0.191548
Robotics (Pepper),Linear / Ridge,LedsControl.csv,233,WheelFLSpeed,0.190274
Robotics (Pepper),Linear / Ridge,LedsControl.csv,234,LaserVeR01Y,0.188698
Robotics (Pepper),Linear / Ridge,LedsControl.csv,235,WheelBSpeed,0.185540
Robotics (Pepper),Linear / Ridge,LedsControl.csv,236,WheelFRSpeed,0.176673
Robotics (Pepper),Linear / Ridge,LedsControl.csv,237,LaserF07Y,0.157159
Robotics (Pepper),Linear / Ridge,LedsControl.csv,238,GyroscopeZ,0.074163
Robotics (Pepper),Linear / Ridge,LedsControl.csv,239,HipRoll,0.071091
Robotics (Pepper),Linear / Ridge,LedsControl.csv,240,LaserF07Y.1,0.065586
Robotics (Pepper),Linear / Ridge,LedsControl.csv,241,AnglesY,0.032857
Robotics (Pepper),Linear / Ridge,LedsControl.csv,242,GyroscopeY,0.030786
Robotics (Pepper),Linear / Ridge,LedsControl.csv,243,AnglesX,0.020696
Robotics (Pepper),Linear / Ridge,LedsControl.csv,244,GyroscopeX,0.008417
Robotics (Pepper),Polynomial degree 3,WheelsControl.csv,1,HeadPicthTemp,210.211928
Robotics (Pepper),Polynomial degree 3,WheelsControl.csv,2,WheelBStiff,189.230717
Robotics (Pepper),Polynomial degree 3,WheelsControl.csv,3,WheelBTemp,169.855972
Robotics (Pepper),Polynomial degree 3,WheelsControl.csv,4,KneePicthTemp,152.221446
Robotics (Pepper),Polynomial degree 3,WheelsControl.csv,5,WheelFRStiff,142.324815
Robotics (Pepper),Polynomial degree 3,WheelsControl.csv,6,LHandTemp,141.964778
Robotics (Pepper),Polynomial degree 3,WheelsControl.csv,7,LShoulderRollTemp,139.557583
Robotics (Pepper),Polynomial degree 3,WheelsControl.csv,8,LaserF01X.1,127.556689
Robotics (Pepper),Polynomial degree 3,WheelsControl.csv,9,LaserR10X,115.627928
Robotics (Pepper),Polynomial degree 3,WheelsControl.csv,10,HipPicthTemp,112.424296
Robotics (Pepper),Polynomial degree 3,WheelsControl.csv,11,RElbowRollTemp,110.825515
Robotics (Pepper),Polynomial degree 3,WheelsControl.csv,12,RShoulderRollTemp,109.673687
Robotics (Pepper),Polynomial degree 3,WheelsControl.csv,13,LaserR09X,94.047723
Robotics (Pepper),Polynomial degree 3,WheelsControl.csv,14,LaserF10X,93.419442
Robotics (Pepper),Polynomial degree 3,WheelsControl.csv,15,LaserF08X,93.091978
Robotics (Pepper),Polynomial degree 3,WheelsControl.csv,16,LaserF07X.1,90.005862
Robotics (Pepper),Polynomial degree 3,WheelsControl.csv,17,HipRollTemp,82.462246
Robotics (Pepper),Polynomial degree 3,WheelsControl.csv,18,LaserR11X,81.094834
Robotics (Pepper),Polynomial degree 3,WheelsControl.csv,19,LaserR12X,77.909513
Robotics (Pepper),Polynomial degree 3,WheelsControl.csv,20,LaserR07X,76.927557
Robotics (Pepper),Polynomial degree 3,WheelsControl.csv,21,RElbowYawTemp,75.720755
Robotics (Pepper),Polynomial degree 3,WheelsControl.csv,22,LaserF01X,73.445272
Robotics (Pepper),Polynomial degree 3,WheelsControl.csv,23,WheelFRTemp,71.662740
Robotics (Pepper),Polynomial degree 3,WheelsControl.csv,24,AnglesZ,67.742007
Robotics (Pepper),Polynomial degree 3,WheelsControl.csv,25,LaserR15X,66.979626
Robotics (Pepper),Polynomial degree 3,WheelsControl.csv,26,LaserF09X,66.450053
Robotics (Pepper),Polynomial degree 3,WheelsControl.csv,27,RhandTemp,66.328403
Robotics (Pepper),Polynomial degree 3,WheelsControl.csv,28,LaserR13X,65.538320
Robotics (Pepper),Polynomial degree 3,WheelsControl.csv,29,LElbowYawTemp,64.931427
Robotics (Pepper),Polynomial degree 3,WheelsControl.csv,30,LaserF04X,64.393718
Robotics (Pepper),Polynomial degree 3,WheelsControl.csv,31,LElbowRollTemp,64.147242
Robotics (Pepper),Polynomial degree 3,WheelsControl.csv,32,LaserR06X,64.084644
Robotics (Pepper),Polynomial degree 3,WheelsControl.csv,33,LaserL12X,61.802043
Robotics (Pepper),Polynomial degree 3,WheelsControl.csv,34,LaserF08X.1,60.025457
Robotics (Pepper),Polynomial degree 3,WheelsControl.csv,35,LaserF11X,60.021171
Robotics (Pepper),Polynomial degree 3,WheelsControl.csv,36,LaserShovel01X,59.236797
Robotics (Pepper),Polynomial degree 3,WheelsControl.csv,37,LaserShovel02X,58.885085
Robotics (Pepper),Polynomial degree 3,WheelsControl.csv,38,LaserF01Y.1,57.722526
Robotics (Pepper),Polynomial degree 3,WheelsControl.csv,39,LaserShovel03X,57.501301
Robotics (Pepper),Polynomial degree 3,WheelsControl.csv,40,LaserF09X.1,56.016884
Robotics (Pepper),Polynomial degree 3,WheelsControl.csv,41,LaserR14X,55.943856
Robotics (Pepper),Polynomial degree 3,WheelsControl.csv,42,LaserR04X,55.596216
Robotics (Pepper),Polynomial degree 3,WheelsControl.csv,43,LaserF12X,55.459567
Robotics (Pepper),Polynomial degree 3,WheelsControl.csv,44,LaserR08X,54.980419
Robotics (Pepper),Polynomial degree 3,WheelsControl.csv,45,LWristYawTemp,54.176884
Robotics (Pepper),Polynomial degree 3,WheelsControl.csv,46,LaserL15X,53.126724
Robotics (Pepper),Polynomial degree 3,WheelsControl.csv,47,LaserF04X.1,51.490533
Robotics (Pepper),Polynomial degree 3,WheelsControl.csv,48,LShoulderPitchTemp,50.714592
Robotics (Pepper),Polynomial degree 3,WheelsControl.csv,49,LaserF13X,49.914990
Robotics (Pepper),Polynomial degree 3,WheelsControl.csv,50,LaserF03X.1,48.727801
Robotics (Pepper),Polynomial degree 3,WheelsControl.csv,51,LaserF07X,48.039821
Robotics (Pepper),Polynomial degree 3,WheelsControl.csv,52,LaserF02X,47.897915
Robotics (Pepper),Polynomial degree 3,WheelsControl.csv,53,LaserR03X,47.876403
Robotics (Pepper),Polynomial degree 3,WheelsControl.csv,54,LaserL13X,45.526159
Robotics (Pepper),Polynomial degree 3,WheelsControl.csv,55,HeadYawTemp,45.213498
Robotics (Pepper),Polynomial degree 3,WheelsControl.csv,56,LaserR05X,44.975895
Robotics (Pepper),Polynomial degree 3,WheelsControl.csv,57,LaserF06X,43.842935
Robotics (Pepper),Polynomial degree 3,WheelsControl.csv,58,LaserF02X.1,43.599001
Robotics (Pepper),Polynomial degree 3,WheelsControl.csv,59,SonarF,42.964442
Robotics (Pepper),Polynomial degree 3,WheelsControl.csv,60,RWristYawTemp,42.620886
Robotics (Pepper),Polynomial degree 3,WheelsControl.csv,61,WheelFLTemp,42.614092
Robotics (Pepper),Polynomial degree 3,WheelsControl.csv,62,LaserF05X.1,41.823150
Robotics (Pepper),Polynomial degree 3,WheelsControl.csv,63,LaserR01X,40.958621
Robotics (Pepper),Polynomial degree 3,WheelsControl.csv,64,LaserF05X,40.719311
Robotics (Pepper),Polynomial degree 3,WheelsControl.csv,65,LaserShovel02Y,40.093575
Robotics (Pepper),Polynomial degree 3,WheelsControl.csv,66,LaserF14X,40.006480
Robotics (Pepper),Polynomial degree 3,WheelsControl.csv,67,LaserF06X.1,39.672702
Robotics (Pepper),Polynomial degree 3,WheelsControl.csv,68,LaserF15X,37.022517
Robotics (Pepper),Polynomial degree 3,WheelsControl.csv,69,LaserL15Y,34.948085
Robotics (Pepper),Polynomial degree 3,WheelsControl.csv,70,LaserShovel03Y,34.336690
Robotics (Pepper),Polynomial degree 3,WheelsControl.csv,71,RShoulderPitchTemp,33.541293
Robotics (Pepper),Polynomial degree 3,WheelsControl.csv,72,LaserR15Y,32.445946
Robotics (Pepper),Polynomial degree 3,WheelsControl.csv,73,LaserL11X,31.742807
Robotics (Pepper),Polynomial degree 3,WheelsControl.csv,74,LaserL10X,31.082422
Robotics (Pepper),Polynomial degree 3,WheelsControl.csv,75,SonarB,28.841341
Robotics (Pepper),Polynomial degree 3,WheelsControl.csv,76,LaserF01Y,28.158689
Robotics (Pepper),Polynomial degree 3,WheelsControl.csv,77,LaserShovel01Y,26.674241
Robotics (Pepper),Polynomial degree 3,WheelsControl.csv,78,LaserR01Y,25.434613
Robotics (Pepper),Polynomial degree 3,WheelsControl.csv,79,LaserL12Y,23.694710
Robotics (Pepper),Polynomial degree 3,WheelsControl.csv,80,LaserL14X,23.642682
Robotics (Pepper),Polynomial degree 3,WheelsControl.csv,81,LaserR02X,23.035407
Robotics (Pepper),Polynomial degree 3,WheelsControl.csv,82,LaserR14Y,22.291989
Robotics (Pepper),Polynomial degree 3,WheelsControl.csv,83,InfraRedR,22.188289
Robotics (Pepper),Polynomial degree 3,WheelsControl.csv,84,LaserL13Y,21.323185
Robotics (Pepper),Polynomial degree 3,WheelsControl.csv,85,LaserR03Y,20.915441
Robotics (Pepper),Polynomial degree 3,WheelsControl.csv,86,LaserR13Y,20.796801
Robotics (Pepper),Polynomial degree 3,WheelsControl.csv,87,LaserF03X,20.786108
Robotics (Pepper),Polynomial degree 3,WheelsControl.csv,88,LaserR04Y,19.663999
Robotics (Pepper),Polynomial degree 3,WheelsControl.csv,89,LaserR12Y,18.682849
Robotics (Pepper),Polynomial degree 3,WheelsControl.csv,90,LaserF15Y,18.234062
Robotics (Pepper),Polynomial degree 3,WheelsControl.csv,91,LaserF13Y,17.654586
Robotics (Pepper),Polynomial degree 3,WheelsControl.csv,92,LaserVeL01X,17.065744
Robotics (Pepper),Polynomial degree 3,WheelsControl.csv,93,LaserF14Y,16.857928
Robotics (Pepper),Polynomial degree 3,WheelsControl.csv,94,WheelFLSpeed,16.486899
Robotics (Pepper),Polynomial degree 3,WheelsControl.csv,95,LaserF02Y.1,16.065075
Robotics (Pepper),Polynomial degree 3,WheelsControl.csv,96,LaserF12Y,16.015009
Robotics (Pepper),Polynomial degree 3,WheelsControl.csv,97,LaserF10Y,15.406168
Robotics (Pepper),Polynomial degree 3,WheelsControl.csv,98,LaserF02Y,15.199099
Robotics (Pepper),Polynomial degree 3,WheelsControl.csv,99,InfraRedL,14.724694
Robotics (Pepper),Polynomial degree 3,WheelsControl.csv,100,WheelFRSpeed,14.430933
Robotics (Pepper),Polynomial degree 3,WheelsControl.csv,101,LaserF03Y.1,14.071083
Robotics (Pepper),Polynomial degree 3,WheelsControl.csv,102,LaserF11Y,13.565806
Robotics (Pepper),Polynomial degree 3,WheelsControl.csv,103,LaserVeR01X,13.505651
Robotics (Pepper),Polynomial degree 3,WheelsControl.csv,104,LaserR11Y,13.373668
Robotics (Pepper),Polynomial degree 3,WheelsControl.csv,105,LaserL14Y,13.222926
Robotics (Pepper),Polynomial degree 3,WheelsControl.csv,106,LaserR06Y,12.732693
Robotics (Pepper),Polynomial degree 3,WheelsControl.csv,107,LaserF04Y,12.357060
Robotics (Pepper),Polynomial degree 3,WheelsControl.csv,108,LaserR05Y,12.352892
Robotics (Pepper),Polynomial degree 3,WheelsControl.csv,109,LaserR02Y,12.103692
Robotics (Pepper),Polynomial degree 3,WheelsControl.csv,110,HeadPicth,12.025791
Robotics (Pepper),Polynomial degree 3,WheelsControl.csv,111,WheelFLStiff,11.434052
Robotics (Pepper),Polynomial degree 3,WheelsControl.csv,112,LaserF04Y.1,10.932126
Robotics (Pepper),Polynomial degree 3,WheelsControl.csv,113,LaserR10Y,10.612842
Robotics (Pepper),Polynomial degree 3,WheelsControl.csv,114,LaserL11Y,9.617733
Robotics (Pepper),Polynomial degree 3,WheelsControl.csv,115,LaserR07Y,9.605130
Robotics (Pepper),Polynomial degree 3,WheelsControl.csv,116,WheelBSpeed,8.839780
Robotics (Pepper),Polynomial degree 3,WheelsControl.csv,117,LaserF09Y.1,8.487174
Robotics (Pepper),Polynomial degree 3,WheelsControl.csv,118,LaserL10Y,7.025157
Robotics (Pepper),Polynomial degree 3,WheelsControl.csv,119,LaserF09Y,6.976364
Robotics (Pepper),Polynomial degree 3,WheelsControl.csv,120,RShoulderPitchStiff,6.591658
Robotics (Pepper),Polynomial degree 3,WheelsControl.csv,121,LaserF05Y.1,5.778334
Robotics (Pepper),Polynomial degree 3,WheelsControl.csv,122,LShoulderRollStiff,5.694345
Robotics (Pepper),Polynomial degree 3,WheelsControl.csv,123,LaserF05Y,5.354773
Robotics (Pepper),Polynomial degree 3,WheelsControl.csv,124,LaserF03Y,5.272884
Robotics (Pepper),Polynomial degree 3,WheelsControl.csv,125,AccelerometerX,5.068502
Robotics (Pepper),Polynomial degree 3,WheelsControl.csv,126,HipPicthStiff,5.018153
Robotics (Pepper),Polynomial degree 3,WheelsControl.csv,127,KneePicthStiff,5.011765
Robotics (Pepper),Polynomial degree 3,WheelsControl.csv,128,LedFaceGL2,4.977381
Robotics (Pepper),Polynomial degree 3,WheelsControl.csv,129,LedFaceGR7,4.977381
Robotics (Pepper),Polynomial degree 3,WheelsControl.csv,130,LedFaceGL1,4.891074
Robotics (Pepper),Polynomial degree 3,WheelsControl.csv,131,LedFaceGR8,4.891074
Robotics (Pepper),Polynomial degree 3,WheelsControl.csv,132,LedFaceGL3,4.889228
Robotics (Pepper),Polynomial degree 3,WheelsControl.csv,133,LedFaceGR6,4.889228
Robotics (Pepper),Polynomial degree 3,WheelsControl.csv,134,LedFaceRL1,4.808463
Robotics (Pepper),Polynomial degree 3,WheelsControl.csv,135,LedFaceRL2,4.808463
Robotics (Pepper),Polynomial degree 3,WheelsControl.csv,136,LedFaceRL3,4.808463
Robotics (Pepper),Polynomial degree 3,WheelsControl.csv,137,LedFaceRL4,4.808463
Robotics (Pepper),Polynomial degree 3,WheelsControl.csv,138,LedFaceRL5,4.808463
Robotics (Pepper),Polynomial degree 3,WheelsControl.csv,139,LedFaceRL6,4.808463
Robotics (Pepper),Polynomial degree 3,WheelsControl.csv,140,LedFaceRL7,4.808463
Robotics (Pepper),Polynomial degree 3,WheelsControl.csv,141,LedFaceRL8,4.808463
Robotics (Pepper),Polynomial degree 3,WheelsControl.csv,142,LedFaceRR1,4.808463
Robotics (Pepper),Polynomial degree 3,WheelsControl.csv,143,LedFaceRR2,4.808463
Robotics (Pepper),Polynomial degree 3,WheelsControl.csv,144,LedFaceRR3,4.808463
Robotics (Pepper),Polynomial degree 3,WheelsControl.csv,145,LedFaceRR4,4.808463
Robotics (Pepper),Polynomial degree 3,WheelsControl.csv,146,LedFaceRR5,4.808463
Robotics (Pepper),Polynomial degree 3,WheelsControl.csv,147,LedFaceRR6,4.808463
Robotics (Pepper),Polynomial degree 3,WheelsControl.csv,148,LedFaceRR7,4.808463
Robotics (Pepper),Polynomial degree 3,WheelsControl.csv,149,LedFaceRR8,4.808463
Robotics (Pepper),Polynomial degree 3,WheelsControl.csv,150,LedFaceGL8,4.790641
Robotics (Pepper),Polynomial degree 3,WheelsControl.csv,151,LedFaceGR1,4.790641
Robotics (Pepper),Polynomial degree 3,WheelsControl.csv,152,LedFaceGL7,4.736648
Robotics (Pepper),Polynomial degree 3,WheelsControl.csv,153,LedFaceGR2,4.736648
Robotics (Pepper),Polynomial degree 3,WheelsControl.csv,154,LedEarR8,4.724988
Robotics (Pepper),Polynomial degree 3,WheelsControl.csv,155,LedEarL8,4.724988
Robotics (Pepper),Polynomial degree 3,WheelsControl.csv,156,LaserF08Y.1,4.718835
Robotics (Pepper),Polynomial degree 3,WheelsControl.csv,157,LedFaceGL4,4.676253
Robotics (Pepper),Polynomial degree 3,WheelsControl.csv,158,LedFaceGR5,4.676253
Robotics (Pepper),Polynomial degree 3,WheelsControl.csv,159,LedFaceGL6,4.673904
Robotics (Pepper),Polynomial degree 3,WheelsControl.csv,160,LedFaceGR3,4.673904
Robotics (Pepper),Polynomial degree 3,WheelsControl.csv,161,LedFaceGL5,4.289122
Robotics (Pepper),Polynomial degree 3,WheelsControl.csv,162,LedFaceGR4,4.289122
Robotics (Pepper),Polynomial degree 3,WheelsControl.csv,163,LaserF08Y,4.263237
Robotics (Pepper),Polynomial degree 3,WheelsControl.csv,164,LedFaceBL1,3.720394
Robotics (Pepper),Polynomial degree 3,WheelsControl.csv,165,LedFaceBR8,3.720394
Robotics (Pepper),Polynomial degree 3,WheelsControl.csv,166,GyroscopeZ,3.689768
Robotics (Pepper),Polynomial degree 3,WheelsControl.csv,167,LedFaceBL3,3.682606
Robotics (Pepper),Polynomial degree 3,WheelsControl.csv,168,LedFaceBR6,3.682606
Robotics (Pepper),Polynomial degree 3,WheelsControl.csv,169,HeadYaw,3.656863
Robotics (Pepper),Polynomial degree 3,WheelsControl.csv,170,HipRollStiff,3.620553
Robotics (Pepper),Polynomial degree 3,WheelsControl.csv,171,HeadYawStiff,3.588028
Robotics (Pepper),Polynomial degree 3,WheelsControl.csv,172,LedFaceBL5,3.498147
Robotics (Pepper),Polynomial degree 3,WheelsControl.csv,173,LedFaceBR4,3.498147
Robotics (Pepper),Polynomial degree 3,WheelsControl.csv,174,AccelerometerY,3.432544
Robotics (Pepper),Polynomial degree 3,WheelsControl.csv,175,LedFaceBL6,3.398074
Robotics (Pepper),Polynomial degree 3,WheelsControl.csv,176,LedFaceBR3,3.398074
Robotics (Pepper),Polynomial degree 3,WheelsControl.csv,177,LedFaceBL4,3.295803
Robotics (Pepper),Polynomial degree 3,WheelsControl.csv,178,LedFaceBR5,3.295803
Robotics (Pepper),Polynomial degree 3,WheelsControl.csv,179,RElbowYawStiff,3.242155
Robotics (Pepper),Polynomial degree 3,WheelsControl.csv,180,LElbowYawStiff,3.230323
Robotics (Pepper),Polynomial degree 3,WheelsControl.csv,181,LWristYawStiff,3.198052
Robotics (Pepper),Polynomial degree 3,WheelsControl.csv,182,LaserF06Y,3.158405
Robotics (Pepper),Polynomial degree 3,WheelsControl.csv,183,LedFaceBL8,3.144365
Robotics (Pepper),Polynomial degree 3,WheelsControl.csv,184,LedFaceBR1,3.144365
Robotics (Pepper),Polynomial degree 3,WheelsControl.csv,185,RElbowRollStiff,3.007965
Robotics (Pepper),Polynomial degree 3,WheelsControl.csv,186,LedEarR1,2.985025
Robotics (Pepper),Polynomial degree 3,WheelsControl.csv,187,LedEarR2,2.985025
Robotics (Pepper),Polynomial degree 3,WheelsControl.csv,188,LedEarR4,2.985025
Robotics (Pepper),Polynomial degree 3,WheelsControl.csv,189,LedEarR5,2.985025
Robotics (Pepper),Polynomial degree 3,WheelsControl.csv,190,LedEarR6,2.985025
Robotics (Pepper),Polynomial degree 3,WheelsControl.csv,191,LedEarR7,2.985025
Robotics (Pepper),Polynomial degree 3,WheelsControl.csv,192,LedEarR9,2.985025
Robotics (Pepper),Polynomial degree 3,WheelsControl.csv,193,LedEarR10,2.985025
Robotics (Pepper),Polynomial degree 3,WheelsControl.csv,194,LedEarL1,2.985025
Robotics (Pepper),Polynomial degree 3,WheelsControl.csv,195,LedEarL2,2.985025
Robotics (Pepper),Polynomial degree 3,WheelsControl.csv,196,LedEarL4,2.985025
Robotics (Pepper),Polynomial degree 3,WheelsControl.csv,197,LedEarL5,2.985025
Robotics (Pepper),Polynomial degree 3,WheelsControl.csv,198,LedEarL6,2.985025
Robotics (Pepper),Polynomial degree 3,WheelsControl.csv,199,LedEarL7,2.985025
Robotics (Pepper),Polynomial degree 3,WheelsControl.csv,200,LedEarL9,2.985025
Robotics (Pepper),Polynomial degree 3,WheelsControl.csv,201,LedEarL10,2.985025
Robotics (Pepper),Polynomial degree 3,WheelsControl.csv,202,LaserVeL01Y,2.922655
Robotics (Pepper),Polynomial degree 3,WheelsControl.csv,203,LaserR08Y,2.878194
Robotics (Pepper),Polynomial degree 3,WheelsControl.csv,204,RWristYawStiff,2.867422
Robotics (Pepper),Polynomial degree 3,WheelsControl.csv,205,LShoulderPitchStiff,2.788503
Robotics (Pepper),Polynomial degree 3,WheelsControl.csv,206,LShoulderPitch,2.631989
Robotics (Pepper),Polynomial degree 3,WheelsControl.csv,207,LaserF06Y.1,2.597389
Robotics (Pepper),Polynomial degree 3,WheelsControl.csv,208,RShoulderRollStiff,2.565107
Robotics (Pepper),Polynomial degree 3,WheelsControl.csv,209,LedFaceBL2,2.544158
Robotics (Pepper),Polynomial degree 3,WheelsControl.csv,210,LedFaceBR7,2.544158
Robotics (Pepper),Polynomial degree 3,WheelsControl.csv,211,LedFaceBL7,2.539133
Robotics (Pepper),Polynomial degree 3,WheelsControl.csv,212,LedFaceBR2,2.539133
Robotics (Pepper),Polynomial degree 3,WheelsControl.csv,213,LElbowRollStiff,2.517168
Robotics (Pepper),Polynomial degree 3,WheelsControl.csv,214,LElbowRoll,2.376651
Robotics (Pepper),Polynomial degree 3,WheelsControl.csv,215,LHand,2.368899
Robotics (Pepper),Polynomial degree 3,WheelsControl.csv,216,HeadPicthStiff,2.285424
Robotics (Pepper),Polynomial degree 3,WheelsControl.csv,217,RElbowRoll,2.238558
Robotics (Pepper),Polynomial degree 3,WheelsControl.csv,218,AccelerometerZ,1.987008
Robotics (Pepper),Polynomial degree 3,WheelsControl.csv,219,RShoulderPitch,1.853217
Robotics (Pepper),Polynomial degree 3,WheelsControl.csv,220,LaserR09Y,1.844807
Robotics (Pepper),Polynomial degree 3,WheelsControl.csv,221,LWristYaw,1.690762
Robotics (Pepper),Polynomial degree 3,WheelsControl.csv,222,LedEarR3,1.681327
Robotics (Pepper),Polynomial degree 3,WheelsControl.csv,223,LedEarL3,1.681327
Robotics (Pepper),Polynomial degree 3,WheelsControl.csv,224,LElbowYaw,1.487411
Robotics (Pepper),Polynomial degree 3,WheelsControl.csv,225,RWristYaw,1.353499
Robotics (Pepper),Polynomial degree 3,WheelsControl.csv,226,TabletTouchY,1.240713
Robotics (Pepper),Polynomial degree 3,WheelsControl.csv,227,RhandStiff,1.231567
Robotics (Pepper),Polynomial degree 3,WheelsControl.csv,228,LShoulderRoll,0.943322
Robotics (Pepper),Polynomial degree 3,WheelsControl.csv,229,LedShoulderB,0.787486
Robotics (Pepper),Polynomial degree 3,WheelsControl.csv,230,LaserVeR01Y,0.675884
Robotics (Pepper),Polynomial degree 3,WheelsControl.csv,231,RElbowYaw,0.636634
Robotics (Pepper),Polynomial degree 3,WheelsControl.csv,232,LaserF07Y,0.628177
Robotics (Pepper),Polynomial degree 3,WheelsControl.csv,233,Rhand,0.613901
Robotics (Pepper),Polynomial degree 3,WheelsControl.csv,234,LaserF07Y.1,0.588441
Robotics (Pepper),Polynomial degree 3,WheelsControl.csv,235,HipPicth,0.423792
Robotics (Pepper),Polynomial degree 3,WheelsControl.csv,236,TabletTouchX,0.370143
Robotics (Pepper),Polynomial degree 3,WheelsControl.csv,237,KneePicth,0.368381
Robotics (Pepper),Polynomial degree 3,WheelsControl.csv,238,LHandStiff,0.356995
Robotics (Pepper),Polynomial degree 3,WheelsControl.csv,239,RShoulderRoll,0.334377
Robotics (Pepper),Polynomial degree 3,WheelsControl.csv,240,HipRoll,0.239905
Robotics (Pepper),Polynomial degree 3,WheelsControl.csv,241,GyroscopeY,0.155791
Robotics (Pepper),Polynomial degree 3,WheelsControl.csv,242,AnglesY,0.106469
Robotics (Pepper),Polynomial degree 3,WheelsControl.csv,243,AnglesX,0.082624
Robotics (Pepper),Polynomial degree 3,WheelsControl.csv,244,GyroscopeX,0.027319
Robotics (Pepper),Polynomial degree 3,JointControl.csv,1,WheelBStiff,948.798743
Robotics (Pepper),Polynomial degree 3,JointControl.csv,2,WheelFRStiff,691.750689
Robotics (Pepper),Polynomial degree 3,JointControl.csv,3,WheelBTemp,624.131296
Robotics (Pepper),Polynomial degree 3,JointControl.csv,4,KneePicthTemp,460.733915
Robotics (Pepper),Polynomial degree 3,JointControl.csv,5,HipRollTemp,420.675526
Robotics (Pepper),Polynomial degree 3,JointControl.csv,6,HeadPicthTemp,390.136500
Robotics (Pepper),Polynomial degree 3,JointControl.csv,7,LShoulderRollTemp,309.376605
Robotics (Pepper),Polynomial degree 3,JointControl.csv,8,HipPicthTemp,192.890440
Robotics (Pepper),Polynomial degree 3,JointControl.csv,9,RElbowRollTemp,183.396203
Robotics (Pepper),Polynomial degree 3,JointControl.csv,10,RShoulderRollTemp,174.337140
Robotics (Pepper),Polynomial degree 3,JointControl.csv,11,LaserR09X,156.083787
Robotics (Pepper),Polynomial degree 3,JointControl.csv,12,LElbowYawTemp,152.122991
Robotics (Pepper),Polynomial degree 3,JointControl.csv,13,RElbowYawTemp,152.015064
Robotics (Pepper),Polynomial degree 3,JointControl.csv,14,LaserF01X.1,138.071979
Robotics (Pepper),Polynomial degree 3,JointControl.csv,15,LaserF04X,137.449000
Robotics (Pepper),Polynomial degree 3,JointControl.csv,16,LElbowRollTemp,123.533050
Robotics (Pepper),Polynomial degree 3,JointControl.csv,17,WheelFRTemp,122.169002
Robotics (Pepper),Polynomial degree 3,JointControl.csv,18,LaserL12X,120.787492
Robotics (Pepper),Polynomial degree 3,JointControl.csv,19,LWristYawTemp,119.324233
Robotics (Pepper),Polynomial degree 3,JointControl.csv,20,LaserR07X,118.894875
Robotics (Pepper),Polynomial degree 3,JointControl.csv,21,LaserF02X,117.249879
Robotics (Pepper),Polynomial degree 3,JointControl.csv,22,LaserR01X,111.080230
Robotics (Pepper),Polynomial degree 3,JointControl.csv,23,LaserR04X,103.526243
Robotics (Pepper),Polynomial degree 3,JointControl.csv,24,LaserF11X,101.927743
Robotics (Pepper),Polynomial degree 3,JointControl.csv,25,LaserF01X,100.109747
Robotics (Pepper),Polynomial degree 3,JointControl.csv,26,WheelFLTemp,97.278403
Robotics (Pepper),Polynomial degree 3,JointControl.csv,27,RShoulderPitchTemp,95.480034
Robotics (Pepper),Polynomial degree 3,JointControl.csv,28,LaserF08X,92.855860
Robotics (Pepper),Polynomial degree 3,JointControl.csv,29,LShoulderPitchTemp,91.954896
Robotics (Pepper),Polynomial degree 3,JointControl.csv,30,LaserR03X,91.025552
Robotics (Pepper),Polynomial degree 3,JointControl.csv,31,HeadYawTemp,90.410936
Robotics (Pepper),Polynomial degree 3,JointControl.csv,32,LaserF04X.1,86.203791
Robotics (Pepper),Polynomial degree 3,JointControl.csv,33,LaserF08X.1,81.538606
Robotics (Pepper),Polynomial degree 3,JointControl.csv,34,LaserF03X,78.272725
Robotics (Pepper),Polynomial degree 3,JointControl.csv,35,LHandTemp,76.744283
Robotics (Pepper),Polynomial degree 3,JointControl.csv,36,LaserR15X,75.418718
Robotics (Pepper),Polynomial degree 3,JointControl.csv,37,LaserF09X,72.301939
Robotics (Pepper),Polynomial degree 3,JointControl.csv,38,LaserShovel01X,72.200465
Robotics (Pepper),Polynomial degree 3,JointControl.csv,39,LaserShovel02X,72.139011
Robotics (Pepper),Polynomial degree 3,JointControl.csv,40,LaserShovel03X,71.901839
Robotics (Pepper),Polynomial degree 3,JointControl.csv,41,LaserR01Y,68.978948
Robotics (Pepper),Polynomial degree 3,JointControl.csv,42,LaserR10X,68.948246
Robotics (Pepper),Polynomial degree 3,JointControl.csv,43,LaserR02X,67.466336
Robotics (Pepper),Polynomial degree 3,JointControl.csv,44,LaserF15X,65.201240
Robotics (Pepper),Polynomial degree 3,JointControl.csv,45,LaserL15X,64.291962
Robotics (Pepper),Polynomial degree 3,JointControl.csv,46,LaserShovel01Y,62.848761
Robotics (Pepper),Polynomial degree 3,JointControl.csv,47,LaserF01Y.1,62.480952
Robotics (Pepper),Polynomial degree 3,JointControl.csv,48,RhandTemp,58.430078
Robotics (Pepper),Polynomial degree 3,JointControl.csv,49,LaserR08X,56.219836
Robotics (Pepper),Polynomial degree 3,JointControl.csv,50,LaserF07X.1,56.084743
Robotics (Pepper),Polynomial degree 3,JointControl.csv,51,LaserF14X,55.024093
Robotics (Pepper),Polynomial degree 3,JointControl.csv,52,LaserF06X.1,52.780095
Robotics (Pepper),Polynomial degree 3,JointControl.csv,53,LaserF05X.1,46.744399
Robotics (Pepper),Polynomial degree 3,JointControl.csv,54,LaserL12Y,46.309546
Robotics (Pepper),Polynomial degree 3,JointControl.csv,55,LaserF07X,46.293714
Robotics (Pepper),Polynomial degree 3,JointControl.csv,56,LaserShovel03Y,46.211901
Robotics (Pepper),Polynomial degree 3,JointControl.csv,57,LaserR13X,43.824895
Robotics (Pepper),Polynomial degree 3,JointControl.csv,58,LaserL15Y,42.292857
Robotics (Pepper),Polynomial degree 3,JointControl.csv,59,LaserF02X.1,41.210972
Robotics (Pepper),Polynomial degree 3,JointControl.csv,60,LaserR12X,40.721138
Robotics (Pepper),Polynomial degree 3,JointControl.csv,61,LaserR03Y,39.765718
Robotics (Pepper),Polynomial degree 3,JointControl.csv,62,LaserF01Y,38.381766
Robotics (Pepper),Polynomial degree 3,JointControl.csv,63,LaserF03X.1,37.895044
Robotics (Pepper),Polynomial degree 3,JointControl.csv,64,LaserF02Y,37.206057
Robotics (Pepper),Polynomial degree 3,JointControl.csv,65,LaserR04Y,36.616520
Robotics (Pepper),Polynomial degree 3,JointControl.csv,66,LaserR15Y,36.533969
Robotics (Pepper),Polynomial degree 3,JointControl.csv,67,SonarF,36.030627
Robotics (Pepper),Polynomial degree 3,JointControl.csv,68,LaserR11X,35.491370
Robotics (Pepper),Polynomial degree 3,JointControl.csv,69,LaserR02Y,35.449417
Robotics (Pepper),Polynomial degree 3,JointControl.csv,70,AnglesZ,33.382533
Robotics (Pepper),Polynomial degree 3,JointControl.csv,71,LaserF15Y,32.112442
Robotics (Pepper),Polynomial degree 3,JointControl.csv,72,RWristYawTemp,29.894461
Robotics (Pepper),Polynomial degree 3,JointControl.csv,73,InfraRedR,29.836631
Robotics (Pepper),Polynomial degree 3,JointControl.csv,74,LaserR14X,28.936180
Robotics (Pepper),Polynomial degree 3,JointControl.csv,75,LaserR06X,28.718149
Robotics (Pepper),Polynomial degree 3,JointControl.csv,76,LaserF13X,28.256223
Robotics (Pepper),Polynomial degree 3,JointControl.csv,77,LaserF04Y,26.376261
Robotics (Pepper),Polynomial degree 3,JointControl.csv,78,LaserF10X,25.300774
Robotics (Pepper),Polynomial degree 3,JointControl.csv,79,LaserShovel02Y,24.122354
Robotics (Pepper),Polynomial degree 3,JointControl.csv,80,LaserF05X,24.011336
Robotics (Pepper),Polynomial degree 3,JointControl.csv,81,HeadYawStiff,23.799379
Robotics (Pepper),Polynomial degree 3,JointControl.csv,82,LWristYaw,23.795876
Robotics (Pepper),Polynomial degree 3,JointControl.csv,83,LaserL11X,23.654702
Robotics (Pepper),Polynomial degree 3,JointControl.csv,84,LaserF14Y,23.186049
Robotics (Pepper),Polynomial degree 3,JointControl.csv,85,LaserF11Y,23.037405
Robotics (Pepper),Polynomial degree 3,JointControl.csv,86,SonarB,22.675627
Robotics (Pepper),Polynomial degree 3,JointControl.csv,87,LaserF12X,21.772621
Robotics (Pepper),Polynomial degree 3,JointControl.csv,88,LaserF09X.1,21.657929
Robotics (Pepper),Polynomial degree 3,JointControl.csv,89,LaserF03Y,19.855714
Robotics (Pepper),Polynomial degree 3,JointControl.csv,90,LaserL10X,19.280394
Robotics (Pepper),Polynomial degree 3,JointControl.csv,91,HipRollStiff,19.088960
Robotics (Pepper),Polynomial degree 3,JointControl.csv,92,HeadPicth,18.649026
Robotics (Pepper),Polynomial degree 3,JointControl.csv,93,LaserF04Y.1,18.302213
Robotics (Pepper),Polynomial degree 3,JointControl.csv,94,KneePicthStiff,16.532337
Robotics (Pepper),Polynomial degree 3,JointControl.csv,95,LaserVeL01X,15.823881
Robotics (Pepper),Polynomial degree 3,JointControl.csv,96,LElbowYawStiff,15.429976
Robotics (Pepper),Polynomial degree 3,JointControl.csv,97,HipPicthStiff,15.403760
Robotics (Pepper),Polynomial degree 3,JointControl.csv,98,LElbowRollStiff,15.215931
Robotics (Pepper),Polynomial degree 3,JointControl.csv,99,LaserF02Y.1,15.185149
Robotics (Pepper),Polynomial degree 3,JointControl.csv,100,LShoulderPitchStiff,15.129253
Robotics (Pepper),Polynomial degree 3,JointControl.csv,101,LaserR05X,14.937109
Robotics (Pepper),Polynomial degree 3,JointControl.csv,102,LaserR07Y,14.845145
Robotics (Pepper),Polynomial degree 3,JointControl.csv,103,LWristYawStiff,14.687479
Robotics (Pepper),Polynomial degree 3,JointControl.csv,104,LaserF06X,14.672307
Robotics (Pepper),Polynomial degree 3,JointControl.csv,105,LaserR13Y,13.906636
Robotics (Pepper),Polynomial degree 3,JointControl.csv,106,LaserVeR01X,12.363347
Robotics (Pepper),Polynomial degree 3,JointControl.csv,107,LaserR14Y,11.530220
Robotics (Pepper),Polynomial degree 3,JointControl.csv,108,LaserF03Y.1,10.942918
Robotics (Pepper),Polynomial degree 3,JointControl.csv,109,RShoulderPitch,10.517838
Robotics (Pepper),Polynomial degree 3,JointControl.csv,110,HeadYaw,10.230729
Robotics (Pepper),Polynomial degree 3,JointControl.csv,111,LaserF13Y,9.994030
Robotics (Pepper),Polynomial degree 3,JointControl.csv,112,LaserR12Y,9.765006
Robotics (Pepper),Polynomial degree 3,JointControl.csv,113,RShoulderPitchStiff,9.018966
Robotics (Pepper),Polynomial degree 3,JointControl.csv,114,LShoulderPitch,8.782054
Robotics (Pepper),Polynomial degree 3,JointControl.csv,115,LShoulderRollStiff,8.716827
Robotics (Pepper),Polynomial degree 3,JointControl.csv,116,HeadPicthStiff,8.528742
Robotics (Pepper),Polynomial degree 3,JointControl.csv,117,LaserL13X,8.314564
Robotics (Pepper),Polynomial degree 3,JointControl.csv,118,LaserL14X,7.667819
Robotics (Pepper),Polynomial degree 3,JointControl.csv,119,LaserF09Y,7.590733
Robotics (Pepper),Polynomial degree 3,JointControl.csv,120,LedFaceBL8,7.547894
Robotics (Pepper),Polynomial degree 3,JointControl.csv,121,LedFaceBR1,7.547894
Robotics (Pepper),Polynomial degree 3,JointControl.csv,122,LedFaceGL8,7.537096
Robotics (Pepper),Polynomial degree 3,JointControl.csv,123,LedFaceGR1,7.537096
Robotics (Pepper),Polynomial degree 3,JointControl.csv,124,LedFaceRL1,7.533020
Robotics (Pepper),Polynomial degree 3,JointControl.csv,125,LedFaceRL2,7.533020
Robotics (Pepper),Polynomial degree 3,JointControl.csv,126,LedFaceRL3,7.533020
Robotics (Pepper),Polynomial degree 3,JointControl.csv,127,LedFaceRL4,7.533020
Robotics (Pepper),Polynomial degree 3,JointControl.csv,128,LedFaceRL5,7.533020
Robotics (Pepper),Polynomial degree 3,JointControl.csv,129,LedFaceRL6,7.533020
Robotics (Pepper),Polynomial degree 3,JointControl.csv,130,LedFaceRL7,7.533020
Robotics (Pepper),Polynomial degree 3,JointControl.csv,131,LedFaceRL8,7.533020
Robotics (Pepper),Polynomial degree 3,JointControl.csv,132,LedFaceRR1,7.533020
Robotics (Pepper),Polynomial degree 3,JointControl.csv,133,LedFaceRR2,7.533020
Robotics (Pepper),Polynomial degree 3,JointControl.csv,134,LedFaceRR3,7.533020
Robotics (Pepper),Polynomial degree 3,JointControl.csv,135,LedFaceRR4,7.533020
Robotics (Pepper),Polynomial degree 3,JointControl.csv,136,LedFaceRR5,7.533020
Robotics (Pepper),Polynomial degree 3,JointControl.csv,137,LedFaceRR6,7.533020
Robotics (Pepper),Polynomial degree 3,JointControl.csv,138,LedFaceRR7,7.533020
Robotics (Pepper),Polynomial degree 3,JointControl.csv,139,LedFaceRR8,7.533020
Robotics (Pepper),Polynomial degree 3,JointControl.csv,140,LedFaceGL1,7.433444
Robotics (Pepper),Polynomial degree 3,JointControl.csv,141,LedFaceGR8,7.433444
Robotics (Pepper),Polynomial degree 3,JointControl.csv,142,LedFaceBL1,7.361963
Robotics (Pepper),Polynomial degree 3,JointControl.csv,143,LedFaceBR8,7.361963
Robotics (Pepper),Polynomial degree 3,JointControl.csv,144,LedFaceGL2,7.317112
Robotics (Pepper),Polynomial degree 3,JointControl.csv,145,LedFaceGR7,7.317112
Robotics (Pepper),Polynomial degree 3,JointControl.csv,146,LedFaceGL7,7.281551
Robotics (Pepper),Polynomial degree 3,JointControl.csv,147,LedFaceGR2,7.281551
Robotics (Pepper),Polynomial degree 3,JointControl.csv,148,LaserL11Y,7.167123
Robotics (Pepper),Polynomial degree 3,JointControl.csv,149,LedFaceGL6,6.749723
Robotics (Pepper),Polynomial degree 3,JointControl.csv,150,LedFaceGR3,6.749723
Robotics (Pepper),Polynomial degree 3,JointControl.csv,151,InfraRedL,6.690938
Robotics (Pepper),Polynomial degree 3,JointControl.csv,152,LedFaceBL6,6.568838
Robotics (Pepper),Polynomial degree 3,JointControl.csv,153,LedFaceBR3,6.568838
Robotics (Pepper),Polynomial degree 3,JointControl.csv,154,LHand,6.476671
Robotics (Pepper),Polynomial degree 3,JointControl.csv,155,LaserF05Y.1,6.458260
Robotics (Pepper),Polynomial degree 3,JointControl.csv,156,LaserF08Y.1,6.410067
Robotics (Pepper),Polynomial degree 3,JointControl.csv,157,LaserR10Y,6.328374
Robotics (Pepper),Polynomial degree 3,JointControl.csv,158,LaserF12Y,6.287259
Robotics (Pepper),Polynomial degree 3,JointControl.csv,159,LedFaceGL3,6.075008
Robotics (Pepper),Polynomial degree 3,JointControl.csv,160,LedFaceGR6,6.075008
Robotics (Pepper),Polynomial degree 3,JointControl.csv,161,LElbowRoll,5.926747
Robotics (Pepper),Polynomial degree 3,JointControl.csv,162,RElbowYawStiff,5.880664
Robotics (Pepper),Polynomial degree 3,JointControl.csv,163,LaserR11Y,5.853022
Robotics (Pepper),Polynomial degree 3,JointControl.csv,164,RShoulderRollStiff,5.816574
Robotics (Pepper),Polynomial degree 3,JointControl.csv,165,LaserR06Y,5.705881
Robotics (Pepper),Polynomial degree 3,JointControl.csv,166,RElbowRollStiff,5.547336
Robotics (Pepper),Polynomial degree 3,JointControl.csv,167,LedFaceGL4,5.505413
Robotics (Pepper),Polynomial degree 3,JointControl.csv,168,LedFaceGR5,5.505413
Robotics (Pepper),Polynomial degree 3,JointControl.csv,169,RElbowRoll,5.410559
Robotics (Pepper),Polynomial degree 3,JointControl.csv,170,LElbowYaw,5.370936
Robotics (Pepper),Polynomial degree 3,JointControl.csv,171,LedEarR1,5.313518
Robotics (Pepper),Polynomial degree 3,JointControl.csv,172,LedEarR2,5.313518
Robotics (Pepper),Polynomial degree 3,JointControl.csv,173,LedEarR4,5.313518
Robotics (Pepper),Polynomial degree 3,JointControl.csv,174,LedEarR5,5.313518
Robotics (Pepper),Polynomial degree 3,JointControl.csv,175,LedEarR6,5.313518
Robotics (Pepper),Polynomial degree 3,JointControl.csv,176,LedEarR7,5.313518
Robotics (Pepper),Polynomial degree 3,JointControl.csv,177,LedEarR9,5.313518
Robotics (Pepper),Polynomial degree 3,JointControl.csv,178,LedEarR10,5.313518
Robotics (Pepper),Polynomial degree 3,JointControl.csv,179,LedEarL1,5.313518
Robotics (Pepper),Polynomial degree 3,JointControl.csv,180,LedEarL2,5.313518
Robotics (Pepper),Polynomial degree 3,JointControl.csv,181,LedEarL4,5.313518
Robotics (Pepper),Polynomial degree 3,JointControl.csv,182,LedEarL5,5.313518
Robotics (Pepper),Polynomial degree 3,JointControl.csv,183,LedEarL6,5.313518
Robotics (Pepper),Polynomial degree 3,JointControl.csv,184,LedEarL7,5.313518
Robotics (Pepper),Polynomial degree 3,JointControl.csv,185,LedEarL9,5.313518
Robotics (Pepper),Polynomial degree 3,JointControl.csv,186,LedEarL10,5.313518
Robotics (Pepper),Polynomial degree 3,JointControl.csv,187,RWristYawStiff,5.164287
Robotics (Pepper),Polynomial degree 3,JointControl.csv,188,LedFaceBL5,5.070425
Robotics (Pepper),Polynomial degree 3,JointControl.csv,189,LedFaceBR4,5.070425
Robotics (Pepper),Polynomial degree 3,JointControl.csv,190,WheelFRSpeed,4.991734
Robotics (Pepper),Polynomial degree 3,JointControl.csv,191,LedEarR8,4.976381
Robotics (Pepper),Polynomial degree 3,JointControl.csv,192,LedEarL8,4.976381
Robotics (Pepper),Polynomial degree 3,JointControl.csv,193,WheelFLSpeed,4.909976
Robotics (Pepper),Polynomial degree 3,JointControl.csv,194,WheelBSpeed,4.531544
Robotics (Pepper),Polynomial degree 3,JointControl.csv,195,LaserL10Y,4.357697
Robotics (Pepper),Polynomial degree 3,JointControl.csv,196,LaserL14Y,4.288473
Robotics (Pepper),Polynomial degree 3,JointControl.csv,197,LaserF08Y,4.252423
Robotics (Pepper),Polynomial degree 3,JointControl.csv,198,LaserF10Y,4.172450
Robotics (Pepper),Polynomial degree 3,JointControl.csv,199,LaserR05Y,4.102564
Robotics (Pepper),Polynomial degree 3,JointControl.csv,200,LaserL13Y,3.894311
Robotics (Pepper),Polynomial degree 3,JointControl.csv,201,LedFaceBL3,3.736201
Robotics (Pepper),Polynomial degree 3,JointControl.csv,202,LedFaceBR6,3.736201
Robotics (Pepper),Polynomial degree 3,JointControl.csv,203,LedFaceBL2,3.716191
Robotics (Pepper),Polynomial degree 3,JointControl.csv,204,LedFaceBR7,3.716191
Robotics (Pepper),Polynomial degree 3,JointControl.csv,205,TabletTouchX,3.602406
Robotics (Pepper),Polynomial degree 3,JointControl.csv,206,LHandStiff,3.580734
Robotics (Pepper),Polynomial degree 3,JointControl.csv,207,LaserF06Y.1,3.455535
Robotics (Pepper),Polynomial degree 3,JointControl.csv,208,LaserF09Y.1,3.281415
Robotics (Pepper),Polynomial degree 3,JointControl.csv,209,RElbowYaw,3.274844
Robotics (Pepper),Polynomial degree 3,JointControl.csv,210,TabletTouchY,3.203174
Robotics (Pepper),Polynomial degree 3,JointControl.csv,211,LaserF05Y,3.157599
Robotics (Pepper),Polynomial degree 3,JointControl.csv,212,LaserR09Y,3.061685
Robotics (Pepper),Polynomial degree 3,JointControl.csv,213,LedFaceBL4,3.027607
Robotics (Pepper),Polynomial degree 3,JointControl.csv,214,LedFaceBR5,3.027607
Robotics (Pepper),Polynomial degree 3,JointControl.csv,215,RWristYaw,2.973337
Robotics (Pepper),Polynomial degree 3,JointControl.csv,216,LaserR08Y,2.943077
Robotics (Pepper),Polynomial degree 3,JointControl.csv,217,AccelerometerZ,2.878844
Robotics (Pepper),Polynomial degree 3,JointControl.csv,218,RhandStiff,2.721786
Robotics (Pepper),Polynomial degree 3,JointControl.csv,219,LShoulderRoll,2.679085
Robotics (Pepper),Polynomial degree 3,JointControl.csv,220,LedEarR3,2.384781
Robotics (Pepper),Polynomial degree 3,JointControl.csv,221,LedEarL3,2.384781
Robotics (Pepper),Polynomial degree 3,JointControl.csv,222,AccelerometerX,2.081443
Robotics (Pepper),Polynomial degree 3,JointControl.csv,223,Rhand,2.056741
Robotics (Pepper),Polynomial degree 3,JointControl.csv,224,GyroscopeZ,1.851468
Robotics (Pepper),Polynomial degree 3,JointControl.csv,225,KneePicth,1.669835
Robotics (Pepper),Polynomial degree 3,JointControl.csv,226,LaserVeR01Y,1.655804
Robotics (Pepper),Polynomial degree 3,JointControl.csv,227,HipPicth,1.554888
Robotics (Pepper),Polynomial degree 3,JointControl.csv,228,AccelerometerY,1.517735
Robotics (Pepper),Polynomial degree 3,JointControl.csv,229,WheelFLStiff,1.453468
Robotics (Pepper),Polynomial degree 3,JointControl.csv,230,LedFaceGL5,1.375254
Robotics (Pepper),Polynomial degree 3,JointControl.csv,231,LedFaceGR4,1.375254
Robotics (Pepper),Polynomial degree 3,JointControl.csv,232,LaserVeL01Y,1.348695
Robotics (Pepper),Polynomial degree 3,JointControl.csv,233,LedFaceBL7,1.284127
Robotics (Pepper),Polynomial degree 3,JointControl.csv,234,LedFaceBR2,1.284127
Robotics (Pepper),Polynomial degree 3,JointControl.csv,235,LaserF06Y,1.056980
Robotics (Pepper),Polynomial degree 3,JointControl.csv,236,RShoulderRoll,1.016922
Robotics (Pepper),Polynomial degree 3,JointControl.csv,237,LedShoulderB,0.606603
Robotics (Pepper),Polynomial degree 3,JointControl.csv,238,LaserF07Y,0.605344
Robotics (Pepper),Polynomial degree 3,JointControl.csv,239,LaserF07Y.1,0.366671
Robotics (Pepper),Polynomial degree 3,JointControl.csv,240,HipRoll,0.181161
Robotics (Pepper),Polynomial degree 3,JointControl.csv,241,GyroscopeY,0.113800
Robotics (Pepper),Polynomial degree 3,JointControl.csv,242,AnglesY,0.109929
Robotics (Pepper),Polynomial degree 3,JointControl.csv,243,AnglesX,0.106169
Robotics (Pepper),Polynomial degree 3,JointControl.csv,244,GyroscopeX,0.011930
Robotics (Pepper),Polynomial degree 3,LedsControl.csv,1,TabletTouchX,8865.393579
Robotics (Pepper),Polynomial degree 3,LedsControl.csv,2,TabletTouchY,8594.960072
Robotics (Pepper),Polynomial degree 3,LedsControl.csv,3,WheelBStiff,378.244669
Robotics (Pepper),Polynomial degree 3,LedsControl.csv,4,WheelFRStiff,283.139481
Robotics (Pepper),Polynomial degree 3,LedsControl.csv,5,LWristYawTemp,232.992194
Robotics (Pepper),Polynomial degree 3,LedsControl.csv,6,HeadPicthTemp,228.858695
Robotics (Pepper),Polynomial degree 3,LedsControl.csv,7,WheelBTemp,220.732061
Robotics (Pepper),Polynomial degree 3,LedsControl.csv,8,HipRollTemp,175.714023
Robotics (Pepper),Polynomial degree 3,LedsControl.csv,9,KneePicthTemp,162.529868
Robotics (Pepper),Polynomial degree 3,LedsControl.csv,10,LaserR09X,147.281913
Robotics (Pepper),Polynomial degree 3,LedsControl.csv,11,LHandTemp,133.655308
Robotics (Pepper),Polynomial degree 3,LedsControl.csv,12,WheelFRTemp,132.302382
Robotics (Pepper),Polynomial degree 3,LedsControl.csv,13,LaserF01X,121.075260
Robotics (Pepper),Polynomial degree 3,LedsControl.csv,14,LaserR07X,118.582039
Robotics (Pepper),Polynomial degree 3,LedsControl.csv,15,RShoulderRollTemp,116.709733
Robotics (Pepper),Polynomial degree 3,LedsControl.csv,16,LShoulderRollTemp,108.933108
Robotics (Pepper),Polynomial degree 3,LedsControl.csv,17,LaserR04X,105.339558
Robotics (Pepper),Polynomial degree 3,LedsControl.csv,18,LaserF07X,104.762137
Robotics (Pepper),Polynomial degree 3,LedsControl.csv,19,RElbowRollTemp,103.931728
Robotics (Pepper),Polynomial degree 3,LedsControl.csv,20,LaserF04X,103.858950
Robotics (Pepper),Polynomial degree 3,LedsControl.csv,21,LaserF09X,103.164544
Robotics (Pepper),Polynomial degree 3,LedsControl.csv,22,LaserF15X,100.089316
Robotics (Pepper),Polynomial degree 3,LedsControl.csv,23,LaserR01X,96.789316
Robotics (Pepper),Polynomial degree 3,LedsControl.csv,24,LaserF14X,95.056981
Robotics (Pepper),Polynomial degree 3,LedsControl.csv,25,AnglesZ,85.366891
Robotics (Pepper),Polynomial degree 3,LedsControl.csv,26,LaserR06X,84.014403
Robotics (Pepper),Polynomial degree 3,LedsControl.csv,27,LaserF11X,81.186469
Robotics (Pepper),Polynomial degree 3,LedsControl.csv,28,LaserR02X,80.811678
Robotics (Pepper),Polynomial degree 3,LedsControl.csv,29,LElbowYawTemp,80.425937
Robotics (Pepper),Polynomial degree 3,LedsControl.csv,30,LElbowRollTemp,77.514911
Robotics (Pepper),Polynomial degree 3,LedsControl.csv,31,HipPicthTemp,74.504755
Robotics (Pepper),Polynomial degree 3,LedsControl.csv,32,LaserR10X,73.347467
Robotics (Pepper),Polynomial degree 3,LedsControl.csv,33,LaserF13X,70.562892
Robotics (Pepper),Polynomial degree 3,LedsControl.csv,34,LaserF12X,67.120476
Robotics (Pepper),Polynomial degree 3,LedsControl.csv,35,LaserF08X,66.792629
Robotics (Pepper),Polynomial degree 3,LedsControl.csv,36,RElbowYawTemp,66.392994
Robotics (Pepper),Polynomial degree 3,LedsControl.csv,37,LaserShovel01X,65.423071
Robotics (Pepper),Polynomial degree 3,LedsControl.csv,38,LaserShovel02X,65.065949
Robotics (Pepper),Polynomial degree 3,LedsControl.csv,39,LaserShovel03X,63.660904
Robotics (Pepper),Polynomial degree 3,LedsControl.csv,40,LaserL15X,60.876944
Robotics (Pepper),Polynomial degree 3,LedsControl.csv,41,LaserR01Y,60.104532
Robotics (Pepper),Polynomial degree 3,LedsControl.csv,42,LaserL12X,58.488273
Robotics (Pepper),Polynomial degree 3,LedsControl.csv,43,LaserF05X,57.383657
Robotics (Pepper),Polynomial degree 3,LedsControl.csv,44,LaserL13X,57.226053
Robotics (Pepper),Polynomial degree 3,LedsControl.csv,45,LaserF03X,52.957606
Robotics (Pepper),Polynomial degree 3,LedsControl.csv,46,LaserR15X,51.423570
Robotics (Pepper),Polynomial degree 3,LedsControl.csv,47,WheelFLTemp,49.439832
Robotics (Pepper),Polynomial degree 3,LedsControl.csv,48,LaserF15Y,49.295264
Robotics (Pepper),Polynomial degree 3,LedsControl.csv,49,LaserR05X,48.846075
Robotics (Pepper),Polynomial degree 3,LedsControl.csv,50,RhandTemp,48.210324
Robotics (Pepper),Polynomial degree 3,LedsControl.csv,51,LaserR13X,47.452357
Robotics (Pepper),Polynomial degree 3,LedsControl.csv,52,LaserR03X,47.324317
Robotics (Pepper),Polynomial degree 3,LedsControl.csv,53,LaserL11X,47.308467
Robotics (Pepper),Polynomial degree 3,LedsControl.csv,54,LaserF01Y,46.419879
Robotics (Pepper),Polynomial degree 3,LedsControl.csv,55,LaserF08X.1,44.982066
Robotics (Pepper),Polynomial degree 3,LedsControl.csv,56,LaserR11X,42.524741
Robotics (Pepper),Polynomial degree 3,LedsControl.csv,57,LaserR02Y,42.461575
Robotics (Pepper),Polynomial degree 3,LedsControl.csv,58,RWristYawTemp,42.153518
Robotics (Pepper),Polynomial degree 3,LedsControl.csv,59,LaserF05X.1,42.083579
Robotics (Pepper),Polynomial degree 3,LedsControl.csv,60,LaserR08X,41.952777
Robotics (Pepper),Polynomial degree 3,LedsControl.csv,61,HeadYawTemp,41.010443
Robotics (Pepper),Polynomial degree 3,LedsControl.csv,62,LaserF14Y,40.055105
Robotics (Pepper),Polynomial degree 3,LedsControl.csv,63,LaserL15Y,40.046373
Robotics (Pepper),Polynomial degree 3,LedsControl.csv,64,LaserR04Y,37.257877
Robotics (Pepper),Polynomial degree 3,LedsControl.csv,65,LaserR12X,36.252418
Robotics (Pepper),Polynomial degree 3,LedsControl.csv,66,LaserShovel03Y,35.900478
Robotics (Pepper),Polynomial degree 3,LedsControl.csv,67,LaserShovel02Y,35.723763
Robotics (Pepper),Polynomial degree 3,LedsControl.csv,68,LShoulderPitchTemp,34.086515
Robotics (Pepper),Polynomial degree 3,LedsControl.csv,69,LaserR14X,33.899391
Robotics (Pepper),Polynomial degree 3,LedsControl.csv,70,LaserF09X.1,32.244296
Robotics (Pepper),Polynomial degree 3,LedsControl.csv,71,LaserF07X.1,31.705773
Robotics (Pepper),Polynomial degree 3,LedsControl.csv,72,RShoulderPitchTemp,31.620066
Robotics (Pepper),Polynomial degree 3,LedsControl.csv,73,LaserF01X.1,31.439457
Robotics (Pepper),Polynomial degree 3,LedsControl.csv,74,LaserF04X.1,30.626349
Robotics (Pepper),Polynomial degree 3,LedsControl.csv,75,LaserF06X.1,30.031309
Robotics (Pepper),Polynomial degree 3,LedsControl.csv,76,LaserShovel01Y,29.004009
Robotics (Pepper),Polynomial degree 3,LedsControl.csv,77,LaserF02X.1,27.788569
Robotics (Pepper),Polynomial degree 3,LedsControl.csv,78,LaserL13Y,26.803090
Robotics (Pepper),Polynomial degree 3,LedsControl.csv,79,LaserF06X,26.659746
Robotics (Pepper),Polynomial degree 3,LedsControl.csv,80,LaserF02X,26.187669
Robotics (Pepper),Polynomial degree 3,LedsControl.csv,81,LaserF10X,26.116941
Robotics (Pepper),Polynomial degree 3,LedsControl.csv,82,LedFaceBR1,25.229434
Robotics (Pepper),Polynomial degree 3,LedsControl.csv,83,LaserF03X.1,25.173259
Robotics (Pepper),Polynomial degree 3,LedsControl.csv,84,LaserF13Y,24.957605
Robotics (Pepper),Polynomial degree 3,LedsControl.csv,85,LaserR15Y,24.910356
Robotics (Pepper),Polynomial degree 3,LedsControl.csv,86,HeadYawStiff,24.214243
Robotics (Pepper),Polynomial degree 3,LedsControl.csv,87,LedFaceBL1,23.891813
Robotics (Pepper),Polynomial degree 3,LedsControl.csv,88,SonarF,23.750768
Robotics (Pepper),Polynomial degree 3,LedsControl.csv,89,LedFaceBL3,23.703802
Robotics (Pepper),Polynomial degree 3,LedsControl.csv,90,LedFaceBL8,22.927689
Robotics (Pepper),Polynomial degree 3,LedsControl.csv,91,InfraRedR,22.729807
Robotics (Pepper),Polynomial degree 3,LedsControl.csv,92,LaserL12Y,22.424220
Robotics (Pepper),Polynomial degree 3,LedsControl.csv,93,LedFaceBR6,22.256524
Robotics (Pepper),Polynomial degree 3,LedsControl.csv,94,LedFaceBR8,21.922693
Robotics (Pepper),Polynomial degree 3,LedsControl.csv,95,LedFaceRL1,21.723946
Robotics (Pepper),Polynomial degree 3,LedsControl.csv,96,LedFaceGR2,21.030898
Robotics (Pepper),Polynomial degree 3,LedsControl.csv,97,LaserR03Y,20.674255
Robotics (Pepper),Polynomial degree 3,LedsControl.csv,98,LedFaceRR8,20.471024
Robotics (Pepper),Polynomial degree 3,LedsControl.csv,99,LedFaceGL4,20.208041
Robotics (Pepper),Polynomial degree 3,LedsControl.csv,100,LaserL10X,20.046354
Robotics (Pepper),Polynomial degree 3,LedsControl.csv,101,LaserF04Y,19.930380
Robotics (Pepper),Polynomial degree 3,LedsControl.csv,102,LaserL14X,19.837778
Robotics (Pepper),Polynomial degree 3,LedsControl.csv,103,LedFaceGR3,19.714747
Robotics (Pepper),Polynomial degree 3,LedsControl.csv,104,InfraRedL,19.674540
Robotics (Pepper),Polynomial degree 3,LedsControl.csv,105,LedFaceRR1,19.550266
Robotics (Pepper),Polynomial degree 3,LedsControl.csv,106,LedFaceRL8,19.540251
Robotics (Pepper),Polynomial degree 3,LedsControl.csv,107,LaserF12Y,19.382319
Robotics (Pepper),Polynomial degree 3,LedsControl.csv,108,LedFaceGL2,18.571540
Robotics (Pepper),Polynomial degree 3,LedsControl.csv,109,LedFaceGL3,18.499926
Robotics (Pepper),Polynomial degree 3,LedsControl.csv,110,LedFaceRL7,18.370776
Robotics (Pepper),Polynomial degree 3,LedsControl.csv,111,LaserF11Y,18.349524
Robotics (Pepper),Polynomial degree 3,LedsControl.csv,112,HeadPicth,17.938907
Robotics (Pepper),Polynomial degree 3,LedsControl.csv,113,LedFaceRL6,17.609438
Robotics (Pepper),Polynomial degree 3,LedsControl.csv,114,LedFaceRR4,17.102830
Robotics (Pepper),Polynomial degree 3,LedsControl.csv,115,LedFaceGR8,17.051896
Robotics (Pepper),Polynomial degree 3,LedsControl.csv,116,LedFaceRR7,17.037119
Robotics (Pepper),Polynomial degree 3,LedsControl.csv,117,LedFaceBL4,16.807324
Robotics (Pepper),Polynomial degree 3,LedsControl.csv,118,LaserR06Y,16.692448
Robotics (Pepper),Polynomial degree 3,LedsControl.csv,119,LedFaceBL5,16.556686
Robotics (Pepper),Polynomial degree 3,LedsControl.csv,120,LedFaceGL7,16.347334
Robotics (Pepper),Polynomial degree 3,LedsControl.csv,121,LedFaceBR4,16.307161
Robotics (Pepper),Polynomial degree 3,LedsControl.csv,122,LedFaceGL8,16.302974
Robotics (Pepper),Polynomial degree 3,LedsControl.csv,123,LedFaceGL1,15.952964
Robotics (Pepper),Polynomial degree 3,LedsControl.csv,124,LedFaceBR5,15.814035
Robotics (Pepper),Polynomial degree 3,LedsControl.csv,125,LedFaceRL5,15.805034
Robotics (Pepper),Polynomial degree 3,LedsControl.csv,126,LedFaceGR7,15.350209
Robotics (Pepper),Polynomial degree 3,LedsControl.csv,127,LaserR13Y,15.057713
Robotics (Pepper),Polynomial degree 3,LedsControl.csv,128,LedFaceBL7,15.010240
Robotics (Pepper),Polynomial degree 3,LedsControl.csv,129,LedFaceBL6,14.834171
Robotics (Pepper),Polynomial degree 3,LedsControl.csv,130,LaserR07Y,14.806084
Robotics (Pepper),Polynomial degree 3,LedsControl.csv,131,LedFaceRR6,14.458238
Robotics (Pepper),Polynomial degree 3,LedsControl.csv,132,LedFaceBL2,14.457410
Robotics (Pepper),Polynomial degree 3,LedsControl.csv,133,LedFaceRL4,14.448203
Robotics (Pepper),Polynomial degree 3,LedsControl.csv,134,LedFaceRR5,14.346522
Robotics (Pepper),Polynomial degree 3,LedsControl.csv,135,LaserL11Y,14.333962
Robotics (Pepper),Polynomial degree 3,LedsControl.csv,136,LedFaceBR7,14.291181
Robotics (Pepper),Polynomial degree 3,LedsControl.csv,137,LedFaceBR3,14.286329
Robotics (Pepper),Polynomial degree 3,LedsControl.csv,138,LedFaceBR2,14.269258
Robotics (Pepper),Polynomial degree 3,LedsControl.csv,139,LedFaceGR6,14.261217
Robotics (Pepper),Polynomial degree 3,LedsControl.csv,140,LaserF01Y.1,14.227125
Robotics (Pepper),Polynomial degree 3,LedsControl.csv,141,LedFaceGR1,14.085326
Robotics (Pepper),Polynomial degree 3,LedsControl.csv,142,HeadPicthStiff,13.962582
Robotics (Pepper),Polynomial degree 3,LedsControl.csv,143,LedFaceGR4,13.913659
Robotics (Pepper),Polynomial degree 3,LedsControl.csv,144,LedFaceGL6,13.641666
Robotics (Pepper),Polynomial degree 3,LedsControl.csv,145,LaserR14Y,13.507915
Robotics (Pepper),Polynomial degree 3,LedsControl.csv,146,LaserF03Y,13.433940
Robotics (Pepper),Polynomial degree 3,LedsControl.csv,147,LaserR05Y,13.415859
Robotics (Pepper),Polynomial degree 3,LedsControl.csv,148,LedFaceGR5,12.877278
Robotics (Pepper),Polynomial degree 3,LedsControl.csv,149,LedFaceRL3,12.682907
Robotics (Pepper),Polynomial degree 3,LedsControl.csv,150,LaserVeL01X,12.484920
Robotics (Pepper),Polynomial degree 3,LedsControl.csv,151,LedFaceRL2,11.747605
Robotics (Pepper),Polynomial degree 3,LedsControl.csv,152,LaserVeR01X,11.668892
Robotics (Pepper),Polynomial degree 3,LedsControl.csv,153,LaserL14Y,11.094912
Robotics (Pepper),Polynomial degree 3,LedsControl.csv,154,LaserF09Y,10.830893
Robotics (Pepper),Polynomial degree 3,LedsControl.csv,155,LedFaceRR3,10.588079
Robotics (Pepper),Polynomial degree 3,LedsControl.csv,156,LedFaceGL5,10.411759
Robotics (Pepper),Polynomial degree 3,LedsControl.csv,157,SonarB,10.342926
Robotics (Pepper),Polynomial degree 3,LedsControl.csv,158,LedEarR1,10.257672
Robotics (Pepper),Polynomial degree 3,LedsControl.csv,159,LedEarR5,10.257672
Robotics (Pepper),Polynomial degree 3,LedsControl.csv,160,LedEarR6,10.257672
Robotics (Pepper),Polynomial degree 3,LedsControl.csv,161,LedEarR10,10.257672
Robotics (Pepper),Polynomial degree 3,LedsControl.csv,162,LedEarL1,10.257672
Robotics (Pepper),Polynomial degree 3,LedsControl.csv,163,LedEarL5,10.257672
Robotics (Pepper),Polynomial degree 3,LedsControl.csv,164,LedEarL6,10.257672
Robotics (Pepper),Polynomial degree 3,LedsControl.csv,165,LedEarL10,10.257672
Robotics (Pepper),Polynomial degree 3,LedsControl.csv,166,LaserF02Y.1,10.239350
Robotics (Pepper),Polynomial degree 3,LedsControl.csv,167,LedFaceRR2,10.098009
Robotics (Pepper),Polynomial degree 3,LedsControl.csv,168,LedEarR2,9.839324
Robotics (Pepper),Polynomial degree 3,LedsControl.csv,169,LedEarR4,9.839324
Robotics (Pepper),Polynomial degree 3,LedsControl.csv,170,LedEarR7,9.839324
Robotics (Pepper),Polynomial degree 3,LedsControl.csv,171,LedEarR9,9.839324
Robotics (Pepper),Polynomial degree 3,LedsControl.csv,172,LedEarL2,9.839324
Robotics (Pepper),Polynomial degree 3,LedsControl.csv,173,LedEarL4,9.839324
Robotics (Pepper),Polynomial degree 3,LedsControl.csv,174,LedEarL7,9.839324
Robotics (Pepper),Polynomial degree 3,LedsControl.csv,175,LedEarL9,9.839324
Robotics (Pepper),Polynomial degree 3,LedsControl.csv,176,LedEarR8,9.310479
Robotics (Pepper),Polynomial degree 3,LedsControl.csv,177,LedEarL8,9.310479
Robotics (Pepper),Polynomial degree 3,LedsControl.csv,178,LaserR12Y,8.693398
Robotics (Pepper),Polynomial degree 3,LedsControl.csv,179,WheelFRSpeed,8.562445
Robotics (Pepper),Polynomial degree 3,LedsControl.csv,180,WheelFLSpeed,8.457229
Robotics (Pepper),Polynomial degree 3,LedsControl.csv,181,LaserF02Y,8.309943
Robotics (Pepper),Polynomial degree 3,LedsControl.csv,182,Rhand,8.234642
Robotics (Pepper),Polynomial degree 3,LedsControl.csv,183,HipRollStiff,8.124447
Robotics (Pepper),Polynomial degree 3,LedsControl.csv,184,WheelBSpeed,7.770022
Robotics (Pepper),Polynomial degree 3,LedsControl.csv,185,LaserF05Y,7.546210
Robotics (Pepper),Polynomial degree 3,LedsControl.csv,186,KneePicthStiff,7.398648
Robotics (Pepper),Polynomial degree 3,LedsControl.csv,187,HipPicthStiff,7.308062
Robotics (Pepper),Polynomial degree 3,LedsControl.csv,188,LaserF03Y.1,7.269259
Robotics (Pepper),Polynomial degree 3,LedsControl.csv,189,LaserR11Y,7.012923
Robotics (Pepper),Polynomial degree 3,LedsControl.csv,190,LaserR10Y,6.732154
Robotics (Pepper),Polynomial degree 3,LedsControl.csv,191,LaserF04Y.1,6.502382
Robotics (Pepper),Polynomial degree 3,LedsControl.csv,192,LaserF05Y.1,5.814315
Robotics (Pepper),Polynomial degree 3,LedsControl.csv,193,LedEarR3,5.742013
Robotics (Pepper),Polynomial degree 3,LedsControl.csv,194,LedEarL3,5.742013
Robotics (Pepper),Polynomial degree 3,LedsControl.csv,195,AccelerometerX,5.224588
Robotics (Pepper),Polynomial degree 3,LedsControl.csv,196,RWristYaw,5.141262
Robotics (Pepper),Polynomial degree 3,LedsControl.csv,197,LaserF09Y.1,4.885366
Robotics (Pepper),Polynomial degree 3,LedsControl.csv,198,LedShoulderB,4.593431
Robotics (Pepper),Polynomial degree 3,LedsControl.csv,199,LaserL10Y,4.530817
Robotics (Pepper),Polynomial degree 3,LedsControl.csv,200,LaserF10Y,4.307048
Robotics (Pepper),Polynomial degree 3,LedsControl.csv,201,LWristYaw,4.144115
Robotics (Pepper),Polynomial degree 3,LedsControl.csv,202,LHand,4.110966
Robotics (Pepper),Polynomial degree 3,LedsControl.csv,203,LaserF08Y.1,3.536215
Robotics (Pepper),Polynomial degree 3,LedsControl.csv,204,LShoulderPitchStiff,3.453317
Robotics (Pepper),Polynomial degree 3,LedsControl.csv,205,RElbowRollStiff,3.415577
Robotics (Pepper),Polynomial degree 3,LedsControl.csv,206,LElbowRollStiff,3.379579
Robotics (Pepper),Polynomial degree 3,LedsControl.csv,207,LElbowYawStiff,3.290788
Robotics (Pepper),Polynomial degree 3,LedsControl.csv,208,LWristYawStiff,3.200187
Robotics (Pepper),Polynomial degree 3,LedsControl.csv,209,GyroscopeZ,3.177272
Robotics (Pepper),Polynomial degree 3,LedsControl.csv,210,RElbowYawStiff,3.161772
Robotics (Pepper),Polynomial degree 3,LedsControl.csv,211,LaserF08Y,3.058832
Robotics (Pepper),Polynomial degree 3,LedsControl.csv,212,RShoulderRollStiff,2.909009
Robotics (Pepper),Polynomial degree 3,LedsControl.csv,213,LaserR09Y,2.889031
Robotics (Pepper),Polynomial degree 3,LedsControl.csv,214,LShoulderRollStiff,2.730907
Robotics (Pepper),Polynomial degree 3,LedsControl.csv,215,RWristYawStiff,2.645353
Robotics (Pepper),Polynomial degree 3,LedsControl.csv,216,RElbowRoll,2.454607
Robotics (Pepper),Polynomial degree 3,LedsControl.csv,217,LElbowYaw,2.452686
Robotics (Pepper),Polynomial degree 3,LedsControl.csv,218,RElbowYaw,2.434415
Robotics (Pepper),Polynomial degree 3,LedsControl.csv,219,RShoulderPitchStiff,2.385052
Robotics (Pepper),Polynomial degree 3,LedsControl.csv,220,HeadYaw,2.225239
Robotics (Pepper),Polynomial degree 3,LedsControl.csv,221,LaserR08Y,2.196204
Robotics (Pepper),Polynomial degree 3,LedsControl.csv,222,LaserF06Y.1,1.966162
Robotics (Pepper),Polynomial degree 3,LedsControl.csv,223,LaserF06Y,1.920544
Robotics (Pepper),Polynomial degree 3,LedsControl.csv,224,LElbowRoll,1.544269
Robotics (Pepper),Polynomial degree 3,LedsControl.csv,225,AccelerometerZ,1.414661
Robotics (Pepper),Polynomial degree 3,LedsControl.csv,226,LaserF07Y,1.369887
Robotics (Pepper),Polynomial degree 3,LedsControl.csv,227,AccelerometerY,1.326167
Robotics (Pepper),Polynomial degree 3,LedsControl.csv,228,LShoulderPitch,1.173532
Robotics (Pepper),Polynomial degree 3,LedsControl.csv,229,HipPicth,1.045095
Robotics (Pepper),Polynomial degree 3,LedsControl.csv,230,WheelFLStiff,1.000288
Robotics (Pepper),Polynomial degree 3,LedsControl.csv,231,LaserVeL01Y,0.935218
Robotics (Pepper),Polynomial degree 3,LedsControl.csv,232,LShoulderRoll,0.915326
Robotics (Pepper),Polynomial degree 3,LedsControl.csv,233,RhandStiff,0.892058
Robotics (Pepper),Polynomial degree 3,LedsControl.csv,234,LaserVeR01Y,0.880941
Robotics (Pepper),Polynomial degree 3,LedsControl.csv,235,RShoulderRoll,0.853129
Robotics (Pepper),Polynomial degree 3,LedsControl.csv,236,RShoulderPitch,0.671342
Robotics (Pepper),Polynomial degree 3,LedsControl.csv,237,KneePicth,0.556144
Robotics (Pepper),Polynomial degree 3,LedsControl.csv,238,HipRoll,0.321966
Robotics (Pepper),Polynomial degree 3,LedsControl.csv,239,LHandStiff,0.300364
Robotics (Pepper),Polynomial degree 3,LedsControl.csv,240,LaserF07Y.1,0.207286
Robotics (Pepper),Polynomial degree 3,LedsControl.csv,241,GyroscopeY,0.196720
Robotics (Pepper),Polynomial degree 3,LedsControl.csv,242,AnglesY,0.121559
Robotics (Pepper),Polynomial degree 3,LedsControl.csv,243,AnglesX,0.093103
Robotics (Pepper),Polynomial degree 3,LedsControl.csv,244,GyroscopeX,0.041979
Robotics (Pepper),RBF + Ridge,WheelsControl.csv,1,WheelBTemp,32.431620
Robotics (Pepper),RBF + Ridge,WheelsControl.csv,2,WheelFRTemp,29.574511
Robotics (Pepper),RBF + Ridge,WheelsControl.csv,3,WheelBStiff,24.041558
Robotics (Pepper),RBF + Ridge,WheelsControl.csv,4,WheelFRStiff,17.505315
Robotics (Pepper),RBF + Ridge,WheelsControl.csv,5,HeadPicthTemp,14.727961
Robotics (Pepper),RBF + Ridge,WheelsControl.csv,6,WheelFLTemp,14.653731
Robotics (Pepper),RBF + Ridge,WheelsControl.csv,7,LElbowYawTemp,14.070549
Robotics (Pepper),RBF + Ridge,WheelsControl.csv,8,RElbowYawTemp,12.684817
Robotics (Pepper),RBF + Ridge,WheelsControl.csv,9,LaserShovel01X,10.333068
Robotics (Pepper),RBF + Ridge,WheelsControl.csv,10,LaserShovel02X,10.249131
Robotics (Pepper),RBF + Ridge,WheelsControl.csv,11,LaserShovel03X,9.919110
Robotics (Pepper),RBF + Ridge,WheelsControl.csv,12,HipPicthTemp,8.954645
Robotics (Pepper),RBF + Ridge,WheelsControl.csv,13,LShoulderRollTemp,8.596314
Robotics (Pepper),RBF + Ridge,WheelsControl.csv,14,KneePicthTemp,8.505123
Robotics (Pepper),RBF + Ridge,WheelsControl.csv,15,HeadYawTemp,8.423578
Robotics (Pepper),RBF + Ridge,WheelsControl.csv,16,RShoulderRollTemp,7.165647
Robotics (Pepper),RBF + Ridge,WheelsControl.csv,17,LShoulderPitchTemp,6.831985
Robotics (Pepper),RBF + Ridge,WheelsControl.csv,18,LaserShovel01Y,6.456202
Robotics (Pepper),RBF + Ridge,WheelsControl.csv,19,RShoulderPitchTemp,6.004895
Robotics (Pepper),RBF + Ridge,WheelsControl.csv,20,LaserR01X,5.933786
Robotics (Pepper),RBF + Ridge,WheelsControl.csv,21,LaserShovel03Y,5.487939
Robotics (Pepper),RBF + Ridge,WheelsControl.csv,22,LaserR14X,5.470205
Robotics (Pepper),RBF + Ridge,WheelsControl.csv,23,LaserF01X.1,5.083367
Robotics (Pepper),RBF + Ridge,WheelsControl.csv,24,LaserF09X,4.984489
Robotics (Pepper),RBF + Ridge,WheelsControl.csv,25,RWristYawTemp,4.923925
Robotics (Pepper),RBF + Ridge,WheelsControl.csv,26,LaserShovel02Y,4.910688
Robotics (Pepper),RBF + Ridge,WheelsControl.csv,27,LaserF01X,4.670961
Robotics (Pepper),RBF + Ridge,WheelsControl.csv,28,LaserF02X.1,4.534585
Robotics (Pepper),RBF + Ridge,WheelsControl.csv,29,LaserF03X.1,4.301279
Robotics (Pepper),RBF + Ridge,WheelsControl.csv,30,LaserF02X,4.022291
Robotics (Pepper),RBF + Ridge,WheelsControl.csv,31,HeadYaw,3.991106
Robotics (Pepper),RBF + Ridge,WheelsControl.csv,32,LaserF15X,3.915716
Robotics (Pepper),RBF + Ridge,WheelsControl.csv,33,LaserR10X,3.896915
Robotics (Pepper),RBF + Ridge,WheelsControl.csv,34,LaserR01Y,3.684781
Robotics (Pepper),RBF + Ridge,WheelsControl.csv,35,LaserR03X,3.674082
Robotics (Pepper),RBF + Ridge,WheelsControl.csv,36,LaserF08X,3.602882
Robotics (Pepper),RBF + Ridge,WheelsControl.csv,37,LaserL13X,3.587061
Robotics (Pepper),RBF + Ridge,WheelsControl.csv,38,LElbowRollTemp,3.321057
Robotics (Pepper),RBF + Ridge,WheelsControl.csv,39,LaserR13X,3.315052
Robotics (Pepper),RBF + Ridge,WheelsControl.csv,40,RElbowRollTemp,3.308032
Robotics (Pepper),RBF + Ridge,WheelsControl.csv,41,LaserR12X,3.235584
Robotics (Pepper),RBF + Ridge,WheelsControl.csv,42,LWristYawTemp,3.191088
Robotics (Pepper),RBF + Ridge,WheelsControl.csv,43,LaserL14X,3.177492
Robotics (Pepper),RBF + Ridge,WheelsControl.csv,44,LaserR02X,3.168323
Robotics (Pepper),RBF + Ridge,WheelsControl.csv,45,LaserF14X,3.112540
Robotics (Pepper),RBF + Ridge,WheelsControl.csv,46,LaserR06X,3.015675
Robotics (Pepper),RBF + Ridge,WheelsControl.csv,47,LaserL12X,2.952700
Robotics (Pepper),RBF + Ridge,WheelsControl.csv,48,LaserR11X,2.932073
Robotics (Pepper),RBF + Ridge,WheelsControl.csv,49,WheelFLSpeed,2.859593
Robotics (Pepper),RBF + Ridge,WheelsControl.csv,50,AnglesZ,2.776879
Robotics (Pepper),RBF + Ridge,WheelsControl.csv,51,LaserL11X,2.752773
Robotics (Pepper),RBF + Ridge,WheelsControl.csv,52,LaserF10X,2.714994
Robotics (Pepper),RBF + Ridge,WheelsControl.csv,53,LaserL15X,2.674748
Robotics (Pepper),RBF + Ridge,WheelsControl.csv,54,WheelBSpeed,2.603072
Robotics (Pepper),RBF + Ridge,WheelsControl.csv,55,LaserF03X,2.548691
Robotics (Pepper),RBF + Ridge,WheelsControl.csv,56,HipRollTemp,2.513277
Robotics (Pepper),RBF + Ridge,WheelsControl.csv,57,LaserR05X,2.465653
Robotics (Pepper),RBF + Ridge,WheelsControl.csv,58,LaserF13X,2.451342
Robotics (Pepper),RBF + Ridge,WheelsControl.csv,59,WheelFRSpeed,2.412124
Robotics (Pepper),RBF + Ridge,WheelsControl.csv,60,LaserF07X.1,2.386896
Robotics (Pepper),RBF + Ridge,WheelsControl.csv,61,LaserR09X,2.375638
Robotics (Pepper),RBF + Ridge,WheelsControl.csv,62,SonarB,2.329677
Robotics (Pepper),RBF + Ridge,WheelsControl.csv,63,LaserF01Y.1,2.300348
Robotics (Pepper),RBF + Ridge,WheelsControl.csv,64,LaserF09X.1,2.264733
Robotics (Pepper),RBF + Ridge,WheelsControl.csv,65,LaserF12X,2.258260
Robotics (Pepper),RBF + Ridge,WheelsControl.csv,66,LaserF06X,2.243357
Robotics (Pepper),RBF + Ridge,WheelsControl.csv,67,LaserF04X,2.235478
Robotics (Pepper),RBF + Ridge,WheelsControl.csv,68,LaserF05X,2.209344
Robotics (Pepper),RBF + Ridge,WheelsControl.csv,69,LaserL10X,2.192539
Robotics (Pepper),RBF + Ridge,WheelsControl.csv,70,LaserR14Y,2.179716
Robotics (Pepper),RBF + Ridge,WheelsControl.csv,71,LaserR08X,2.166097
Robotics (Pepper),RBF + Ridge,WheelsControl.csv,72,LaserF07X,2.093707
Robotics (Pepper),RBF + Ridge,WheelsControl.csv,73,WheelFLStiff,1.977205
Robotics (Pepper),RBF + Ridge,WheelsControl.csv,74,LaserF15Y,1.928540
Robotics (Pepper),RBF + Ridge,WheelsControl.csv,75,LaserVeR01X,1.902658
Robotics (Pepper),RBF + Ridge,WheelsControl.csv,76,HeadYawStiff,1.806459
Robotics (Pepper),RBF + Ridge,WheelsControl.csv,77,LaserF01Y,1.790832
Robotics (Pepper),RBF + Ridge,WheelsControl.csv,78,LaserL14Y,1.777114
Robotics (Pepper),RBF + Ridge,WheelsControl.csv,79,LaserL15Y,1.759516
Robotics (Pepper),RBF + Ridge,WheelsControl.csv,80,LaserF08X.1,1.715191
Robotics (Pepper),RBF + Ridge,WheelsControl.csv,81,LaserR15X,1.705015
Robotics (Pepper),RBF + Ridge,WheelsControl.csv,82,LaserL13Y,1.680080
Robotics (Pepper),RBF + Ridge,WheelsControl.csv,83,SonarF,1.676662
Robotics (Pepper),RBF + Ridge,WheelsControl.csv,84,LaserF02Y.1,1.670874
Robotics (Pepper),RBF + Ridge,WheelsControl.csv,85,LaserR02Y,1.664759
Robotics (Pepper),RBF + Ridge,WheelsControl.csv,86,LaserR03Y,1.605071
Robotics (Pepper),RBF + Ridge,WheelsControl.csv,87,LShoulderPitchStiff,1.588811
Robotics (Pepper),RBF + Ridge,WheelsControl.csv,88,LElbowYawStiff,1.585899
Robotics (Pepper),RBF + Ridge,WheelsControl.csv,89,RElbowYawStiff,1.558632
Robotics (Pepper),RBF + Ridge,WheelsControl.csv,90,RShoulderPitchStiff,1.533167
Robotics (Pepper),RBF + Ridge,WheelsControl.csv,91,LaserR07X,1.523936
Robotics (Pepper),RBF + Ridge,WheelsControl.csv,92,LElbowRollStiff,1.522839
Robotics (Pepper),RBF + Ridge,WheelsControl.csv,93,LaserR04X,1.512807
Robotics (Pepper),RBF + Ridge,WheelsControl.csv,94,LHandTemp,1.511442
Robotics (Pepper),RBF + Ridge,WheelsControl.csv,95,LWristYawStiff,1.499003
Robotics (Pepper),RBF + Ridge,WheelsControl.csv,96,HeadPicthStiff,1.488594
Robotics (Pepper),RBF + Ridge,WheelsControl.csv,97,KneePicthStiff,1.484209
Robotics (Pepper),RBF + Ridge,WheelsControl.csv,98,RElbowRollStiff,1.440928
Robotics (Pepper),RBF + Ridge,WheelsControl.csv,99,LaserF11X,1.437601
Robotics (Pepper),RBF + Ridge,WheelsControl.csv,100,HipPicthStiff,1.409184
Robotics (Pepper),RBF + Ridge,WheelsControl.csv,101,RWristYawStiff,1.390950
Robotics (Pepper),RBF + Ridge,WheelsControl.csv,102,LShoulderRollStiff,1.382205
Robotics (Pepper),RBF + Ridge,WheelsControl.csv,103,HipRollStiff,1.361024
Robotics (Pepper),RBF + Ridge,WheelsControl.csv,104,LaserVeL01X,1.338293
Robotics (Pepper),RBF + Ridge,WheelsControl.csv,105,RShoulderRollStiff,1.331914
Robotics (Pepper),RBF + Ridge,WheelsControl.csv,106,LaserF14Y,1.311562
Robotics (Pepper),RBF + Ridge,WheelsControl.csv,107,LWristYaw,1.278322
Robotics (Pepper),RBF + Ridge,WheelsControl.csv,108,LaserF04X.1,1.276829
Robotics (Pepper),RBF + Ridge,WheelsControl.csv,109,LaserF02Y,1.276364
Robotics (Pepper),RBF + Ridge,WheelsControl.csv,110,LaserF03Y.1,1.242077
Robotics (Pepper),RBF + Ridge,WheelsControl.csv,111,LaserF06X.1,1.238231
Robotics (Pepper),RBF + Ridge,WheelsControl.csv,112,LaserL12Y,1.132056
Robotics (Pepper),RBF + Ridge,WheelsControl.csv,113,RWristYaw,1.114346
Robotics (Pepper),RBF + Ridge,WheelsControl.csv,114,HeadPicth,1.093241
Robotics (Pepper),RBF + Ridge,WheelsControl.csv,115,RhandTemp,1.073878
Robotics (Pepper),RBF + Ridge,WheelsControl.csv,116,LaserR13Y,1.051941
Robotics (Pepper),RBF + Ridge,WheelsControl.csv,117,GyroscopeZ,1.036591
Robotics (Pepper),RBF + Ridge,WheelsControl.csv,118,InfraRedL,1.028233
Robotics (Pepper),RBF + Ridge,WheelsControl.csv,119,RElbowYaw,1.006108
Robotics (Pepper),RBF + Ridge,WheelsControl.csv,120,LaserF05X.1,0.975490
Robotics (Pepper),RBF + Ridge,WheelsControl.csv,121,LElbowYaw,0.920098
Robotics (Pepper),RBF + Ridge,WheelsControl.csv,122,LaserF13Y,0.867023
Robotics (Pepper),RBF + Ridge,WheelsControl.csv,123,LaserL11Y,0.834061
Robotics (Pepper),RBF + Ridge,WheelsControl.csv,124,LaserR15Y,0.825935
Robotics (Pepper),RBF + Ridge,WheelsControl.csv,125,LaserR12Y,0.775899
Robotics (Pepper),RBF + Ridge,WheelsControl.csv,126,LaserR05Y,0.677206
Robotics (Pepper),RBF + Ridge,WheelsControl.csv,127,LaserF12Y,0.652116
Robotics (Pepper),RBF + Ridge,WheelsControl.csv,128,LaserF03Y,0.646535
Robotics (Pepper),RBF + Ridge,WheelsControl.csv,129,LaserR06Y,0.599171
Robotics (Pepper),RBF + Ridge,WheelsControl.csv,130,RShoulderPitch,0.544403
Robotics (Pepper),RBF + Ridge,WheelsControl.csv,131,LaserR04Y,0.535070
Robotics (Pepper),RBF + Ridge,WheelsControl.csv,132,LaserF09Y,0.523304
Robotics (Pepper),RBF + Ridge,WheelsControl.csv,133,LaserL10Y,0.495551
Robotics (Pepper),RBF + Ridge,WheelsControl.csv,134,InfraRedR,0.494422
Robotics (Pepper),RBF + Ridge,WheelsControl.csv,135,LShoulderPitch,0.485867
Robotics (Pepper),RBF + Ridge,WheelsControl.csv,136,LaserR11Y,0.483540
Robotics (Pepper),RBF + Ridge,WheelsControl.csv,137,LaserF10Y,0.447740
Robotics (Pepper),RBF + Ridge,WheelsControl.csv,138,LaserF04Y,0.428985
Robotics (Pepper),RBF + Ridge,WheelsControl.csv,139,RElbowRoll,0.409965
Robotics (Pepper),RBF + Ridge,WheelsControl.csv,140,LElbowRoll,0.367789
Robotics (Pepper),RBF + Ridge,WheelsControl.csv,141,LaserR10Y,0.357676
Robotics (Pepper),RBF + Ridge,WheelsControl.csv,142,LedEarR8,0.352550
Robotics (Pepper),RBF + Ridge,WheelsControl.csv,143,LedEarL8,0.352550
Robotics (Pepper),RBF + Ridge,WheelsControl.csv,144,LaserF09Y.1,0.343132
Robotics (Pepper),RBF + Ridge,WheelsControl.csv,145,LaserF11Y,0.324922
Robotics (Pepper),RBF + Ridge,WheelsControl.csv,146,LedEarR1,0.308584
Robotics (Pepper),RBF + Ridge,WheelsControl.csv,147,LedEarR2,0.308584
Robotics (Pepper),RBF + Ridge,WheelsControl.csv,148,LedEarR4,0.308584
Robotics (Pepper),RBF + Ridge,WheelsControl.csv,149,LedEarR5,0.308584
Robotics (Pepper),RBF + Ridge,WheelsControl.csv,150,LedEarR6,0.308584
Robotics (Pepper),RBF + Ridge,WheelsControl.csv,151,LedEarR7,0.308584
Robotics (Pepper),RBF + Ridge,WheelsControl.csv,152,LedEarR9,0.308584
Robotics (Pepper),RBF + Ridge,WheelsControl.csv,153,LedEarR10,0.308584
Robotics (Pepper),RBF + Ridge,WheelsControl.csv,154,LedEarL1,0.308584
Robotics (Pepper),RBF + Ridge,WheelsControl.csv,155,LedEarL2,0.308584
Robotics (Pepper),RBF + Ridge,WheelsControl.csv,156,LedEarL4,0.308584
Robotics (Pepper),RBF + Ridge,WheelsControl.csv,157,LedEarL5,0.308584
Robotics (Pepper),RBF + Ridge,WheelsControl.csv,158,LedEarL6,0.308584
Robotics (Pepper),RBF + Ridge,WheelsControl.csv,159,LedEarL7,0.308584
Robotics (Pepper),RBF + Ridge,WheelsControl.csv,160,LedEarL9,0.308584
Robotics (Pepper),RBF + Ridge,WheelsControl.csv,161,LedEarL10,0.308584
Robotics (Pepper),RBF + Ridge,WheelsControl.csv,162,LedFaceGL5,0.296757
Robotics (Pepper),RBF + Ridge,WheelsControl.csv,163,LedFaceGR4,0.296757
Robotics (Pepper),RBF + Ridge,WheelsControl.csv,164,LaserF05Y,0.290539
Robotics (Pepper),RBF + Ridge,WheelsControl.csv,165,LedFaceGL4,0.287222
Robotics (Pepper),RBF + Ridge,WheelsControl.csv,166,LedFaceGR5,0.287222
Robotics (Pepper),RBF + Ridge,WheelsControl.csv,167,LedFaceGL2,0.285165
Robotics (Pepper),RBF + Ridge,WheelsControl.csv,168,LedFaceGR7,0.285165
Robotics (Pepper),RBF + Ridge,WheelsControl.csv,169,LedFaceGL3,0.285064
Robotics (Pepper),RBF + Ridge,WheelsControl.csv,170,LedFaceGR6,0.285064
Robotics (Pepper),RBF + Ridge,WheelsControl.csv,171,LedFaceGL1,0.284431
Robotics (Pepper),RBF + Ridge,WheelsControl.csv,172,LedFaceGR8,0.284431
Robotics (Pepper),RBF + Ridge,WheelsControl.csv,173,LedFaceGL6,0.283520
Robotics (Pepper),RBF + Ridge,WheelsControl.csv,174,LedFaceGR3,0.283520
Robotics (Pepper),RBF + Ridge,WheelsControl.csv,175,LedFaceGL7,0.281868
Robotics (Pepper),RBF + Ridge,WheelsControl.csv,176,LedFaceGR2,0.281868
Robotics (Pepper),RBF + Ridge,WheelsControl.csv,177,LedFaceGL8,0.280589
Robotics (Pepper),RBF + Ridge,WheelsControl.csv,178,LedFaceGR1,0.280589
Robotics (Pepper),RBF + Ridge,WheelsControl.csv,179,LedFaceRL1,0.280217
Robotics (Pepper),RBF + Ridge,WheelsControl.csv,180,LedFaceRL2,0.280217
Robotics (Pepper),RBF + Ridge,WheelsControl.csv,181,LedFaceRL3,0.280217
Robotics (Pepper),RBF + Ridge,WheelsControl.csv,182,LedFaceRL4,0.280217
Robotics (Pepper),RBF + Ridge,WheelsControl.csv,183,LedFaceRL5,0.280217
Robotics (Pepper),RBF + Ridge,WheelsControl.csv,184,LedFaceRL6,0.280217
Robotics (Pepper),RBF + Ridge,WheelsControl.csv,185,LedFaceRL7,0.280217
Robotics (Pepper),RBF + Ridge,WheelsControl.csv,186,LedFaceRL8,0.280217
Robotics (Pepper),RBF + Ridge,WheelsControl.csv,187,LedFaceRR1,0.280217
Robotics (Pepper),RBF + Ridge,WheelsControl.csv,188,LedFaceRR2,0.280217
Robotics (Pepper),RBF + Ridge,WheelsControl.csv,189,LedFaceRR3,0.280217
Robotics (Pepper),RBF + Ridge,WheelsControl.csv,190,LedFaceRR4,0.280217
Robotics (Pepper),RBF + Ridge,WheelsControl.csv,191,LedFaceRR5,0.280217
Robotics (Pepper),RBF + Ridge,WheelsControl.csv,192,LedFaceRR6,0.280217
Robotics (Pepper),RBF + Ridge,WheelsControl.csv,193,LedFaceRR7,0.280217
Robotics (Pepper),RBF + Ridge,WheelsControl.csv,194,LedFaceRR8,0.280217
Robotics (Pepper),RBF + Ridge,WheelsControl.csv,195,LaserF04Y.1,0.271088
Robotics (Pepper),RBF + Ridge,WheelsControl.csv,196,AccelerometerY,0.246534
Robotics (Pepper),RBF + Ridge,WheelsControl.csv,197,LShoulderRoll,0.227916
Robotics (Pepper),RBF + Ridge,WheelsControl.csv,198,RhandStiff,0.220296
Robotics (Pepper),RBF + Ridge,WheelsControl.csv,199,LaserVeL01Y,0.218395
Robotics (Pepper),RBF + Ridge,WheelsControl.csv,200,LedEarR3,0.214814
Robotics (Pepper),RBF + Ridge,WheelsControl.csv,201,LedEarL3,0.214814
Robotics (Pepper),RBF + Ridge,WheelsControl.csv,202,LaserVeR01Y,0.201952
Robotics (Pepper),RBF + Ridge,WheelsControl.csv,203,Rhand,0.197618
Robotics (Pepper),RBF + Ridge,WheelsControl.csv,204,LaserR07Y,0.190278
Robotics (Pepper),RBF + Ridge,WheelsControl.csv,205,LedFaceBL4,0.175415
Robotics (Pepper),RBF + Ridge,WheelsControl.csv,206,LedFaceBR5,0.175415
Robotics (Pepper),RBF + Ridge,WheelsControl.csv,207,TabletTouchY,0.175407
Robotics (Pepper),RBF + Ridge,WheelsControl.csv,208,LHand,0.170383
Robotics (Pepper),RBF + Ridge,WheelsControl.csv,209,LaserF08Y,0.164997
Robotics (Pepper),RBF + Ridge,WheelsControl.csv,210,LedFaceBL5,0.162791
Robotics (Pepper),RBF + Ridge,WheelsControl.csv,211,LedFaceBR4,0.162791
Robotics (Pepper),RBF + Ridge,WheelsControl.csv,212,LedFaceBL3,0.162761
Robotics (Pepper),RBF + Ridge,WheelsControl.csv,213,LedFaceBR6,0.162761
Robotics (Pepper),RBF + Ridge,WheelsControl.csv,214,LaserF06Y,0.161609
Robotics (Pepper),RBF + Ridge,WheelsControl.csv,215,LedFaceBL6,0.161165
Robotics (Pepper),RBF + Ridge,WheelsControl.csv,216,LedFaceBR3,0.161165
Robotics (Pepper),RBF + Ridge,WheelsControl.csv,217,LedFaceBL1,0.161016
Robotics (Pepper),RBF + Ridge,WheelsControl.csv,218,LedFaceBR8,0.161016
Robotics (Pepper),RBF + Ridge,WheelsControl.csv,219,LedFaceBL7,0.156471
Robotics (Pepper),RBF + Ridge,WheelsControl.csv,220,LedFaceBR2,0.156471
Robotics (Pepper),RBF + Ridge,WheelsControl.csv,221,LedFaceBL2,0.154702
Robotics (Pepper),RBF + Ridge,WheelsControl.csv,222,LedFaceBR7,0.154702
Robotics (Pepper),RBF + Ridge,WheelsControl.csv,223,LedFaceBL8,0.151111
Robotics (Pepper),RBF + Ridge,WheelsControl.csv,224,LedFaceBR1,0.151111
Robotics (Pepper),RBF + Ridge,WheelsControl.csv,225,TabletTouchX,0.137594
Robotics (Pepper),RBF + Ridge,WheelsControl.csv,226,AccelerometerX,0.135128
Robotics (Pepper),RBF + Ridge,WheelsControl.csv,227,LaserF08Y.1,0.134838
Robotics (Pepper),RBF + Ridge,WheelsControl.csv,228,LaserF05Y.1,0.134775
Robotics (Pepper),RBF + Ridge,WheelsControl.csv,229,AccelerometerZ,0.134726
Robotics (Pepper),RBF + Ridge,WheelsControl.csv,230,RShoulderRoll,0.134630
Robotics (Pepper),RBF + Ridge,WheelsControl.csv,231,LaserR08Y,0.113394
Robotics (Pepper),RBF + Ridge,WheelsControl.csv,232,LHandStiff,0.085761
Robotics (Pepper),RBF + Ridge,WheelsControl.csv,233,LaserF06Y.1,0.081068
Robotics (Pepper),RBF + Ridge,WheelsControl.csv,234,KneePicth,0.061574
Robotics (Pepper),RBF + Ridge,WheelsControl.csv,235,HipPicth,0.059200
Robotics (Pepper),RBF + Ridge,WheelsControl.csv,236,LaserR09Y,0.046600
Robotics (Pepper),RBF + Ridge,WheelsControl.csv,237,LedShoulderB,0.035896
Robotics (Pepper),RBF + Ridge,WheelsControl.csv,238,LaserF07Y,0.027378
Robotics (Pepper),RBF + Ridge,WheelsControl.csv,239,GyroscopeY,0.018784
Robotics (Pepper),RBF + Ridge,WheelsControl.csv,240,LaserF07Y.1,0.015605
Robotics (Pepper),RBF + Ridge,WheelsControl.csv,241,GyroscopeX,0.014223
Robotics (Pepper),RBF + Ridge,WheelsControl.csv,242,HipRoll,0.013652
Robotics (Pepper),RBF + Ridge,WheelsControl.csv,243,AnglesY,0.009294
Robotics (Pepper),RBF + Ridge,WheelsControl.csv,244,AnglesX,0.006019
Robotics (Pepper),RBF + Ridge,JointControl.csv,1,KneePicthTemp,239.778841
Robotics (Pepper),RBF + Ridge,JointControl.csv,2,HipPicthTemp,117.651166
Robotics (Pepper),RBF + Ridge,JointControl.csv,3,WheelBTemp,88.861572
Robotics (Pepper),RBF + Ridge,JointControl.csv,4,RShoulderRollTemp,73.406733
Robotics (Pepper),RBF + Ridge,JointControl.csv,5,RElbowRollTemp,73.114667
Robotics (Pepper),RBF + Ridge,JointControl.csv,6,WheelBStiff,67.402324
Robotics (Pepper),RBF + Ridge,JointControl.csv,7,WheelFRTemp,58.212443
Robotics (Pepper),RBF + Ridge,JointControl.csv,8,RElbowYawTemp,56.145292
Robotics (Pepper),RBF + Ridge,JointControl.csv,9,HeadPicthTemp,54.500757
Robotics (Pepper),RBF + Ridge,JointControl.csv,10,HeadYawTemp,51.368350
Robotics (Pepper),RBF + Ridge,JointControl.csv,11,WheelFRStiff,50.423395
Robotics (Pepper),RBF + Ridge,JointControl.csv,12,LaserR07X,39.618078
Robotics (Pepper),RBF + Ridge,JointControl.csv,13,RShoulderPitchTemp,38.967403
Robotics (Pepper),RBF + Ridge,JointControl.csv,14,LaserR08X,38.319454
Robotics (Pepper),RBF + Ridge,JointControl.csv,15,LaserR06X,33.572177
Robotics (Pepper),RBF + Ridge,JointControl.csv,16,LaserR05X,24.661455
Robotics (Pepper),RBF + Ridge,JointControl.csv,17,HipRollTemp,24.608208
Robotics (Pepper),RBF + Ridge,JointControl.csv,18,LElbowYawTemp,23.681950
Robotics (Pepper),RBF + Ridge,JointControl.csv,19,LaserR04X,22.906265
Robotics (Pepper),RBF + Ridge,JointControl.csv,20,WheelFLTemp,20.501554
Robotics (Pepper),RBF + Ridge,JointControl.csv,21,LaserR15X,19.285407
Robotics (Pepper),RBF + Ridge,JointControl.csv,22,LaserR10X,18.997156
Robotics (Pepper),RBF + Ridge,JointControl.csv,23,LaserShovel03Y,18.194981
Robotics (Pepper),RBF + Ridge,JointControl.csv,24,RWristYawTemp,18.148636
Robotics (Pepper),RBF + Ridge,JointControl.csv,25,LaserF01X,15.470659
Robotics (Pepper),RBF + Ridge,JointControl.csv,26,LShoulderRollTemp,13.556499
Robotics (Pepper),RBF + Ridge,JointControl.csv,27,LaserShovel03X,12.764873
Robotics (Pepper),RBF + Ridge,JointControl.csv,28,LaserR02X,12.752204
Robotics (Pepper),RBF + Ridge,JointControl.csv,29,LaserShovel02X,12.723039
Robotics (Pepper),RBF + Ridge,JointControl.csv,30,LaserShovel01X,12.712511
Robotics (Pepper),RBF + Ridge,JointControl.csv,31,LShoulderPitchTemp,12.530609
Robotics (Pepper),RBF + Ridge,JointControl.csv,32,LaserR09X,12.008019
Robotics (Pepper),RBF + Ridge,JointControl.csv,33,LaserShovel02Y,11.825955
Robotics (Pepper),RBF + Ridge,JointControl.csv,34,LaserF02X,11.742403
Robotics (Pepper),RBF + Ridge,JointControl.csv,35,LaserR01X,11.338774
Robotics (Pepper),RBF + Ridge,JointControl.csv,36,LElbowRollTemp,11.025725
Robotics (Pepper),RBF + Ridge,JointControl.csv,37,LWristYaw,10.697751
Robotics (Pepper),RBF + Ridge,JointControl.csv,38,LaserR11X,10.452891
Robotics (Pepper),RBF + Ridge,JointControl.csv,39,LaserR12X,10.308181
Robotics (Pepper),RBF + Ridge,JointControl.csv,40,LHandTemp,10.027953
Robotics (Pepper),RBF + Ridge,JointControl.csv,41,LaserR15Y,9.342143
Robotics (Pepper),RBF + Ridge,JointControl.csv,42,LaserF14X,8.276721
Robotics (Pepper),RBF + Ridge,JointControl.csv,43,LaserR04Y,8.101788
Robotics (Pepper),RBF + Ridge,JointControl.csv,44,LaserL13X,7.722151
Robotics (Pepper),RBF + Ridge,JointControl.csv,45,LaserF07X,7.713564
Robotics (Pepper),RBF + Ridge,JointControl.csv,46,LaserF03X,7.651627
Robotics (Pepper),RBF + Ridge,JointControl.csv,47,LaserShovel01Y,7.503042
Robotics (Pepper),RBF + Ridge,JointControl.csv,48,LaserF15X,7.128233
Robotics (Pepper),RBF + Ridge,JointControl.csv,49,RhandTemp,7.047868
Robotics (Pepper),RBF + Ridge,JointControl.csv,50,LaserR01Y,7.041187
Robotics (Pepper),RBF + Ridge,JointControl.csv,51,LaserF08X,7.021066
Robotics (Pepper),RBF + Ridge,JointControl.csv,52,LaserF04X,6.815914
Robotics (Pepper),RBF + Ridge,JointControl.csv,53,LaserR05Y,6.773412
Robotics (Pepper),RBF + Ridge,JointControl.csv,54,LaserR02Y,6.700500
Robotics (Pepper),RBF + Ridge,JointControl.csv,55,LaserR06Y,6.670307
Robotics (Pepper),RBF + Ridge,JointControl.csv,56,LaserL12X,6.166532
Robotics (Pepper),RBF + Ridge,JointControl.csv,57,LaserF01Y,5.931402
Robotics (Pepper),RBF + Ridge,JointControl.csv,58,LaserL15X,5.929256
Robotics (Pepper),RBF + Ridge,JointControl.csv,59,LaserR03X,5.924814
Robotics (Pepper),RBF + Ridge,JointControl.csv,60,SonarF,5.316706
Robotics (Pepper),RBF + Ridge,JointControl.csv,61,LaserL14X,5.283450
Robotics (Pepper),RBF + Ridge,JointControl.csv,62,LaserR07Y,4.946690
Robotics (Pepper),RBF + Ridge,JointControl.csv,63,LaserF05X,4.372469
Robotics (Pepper),RBF + Ridge,JointControl.csv,64,LaserL11X,4.152109
Robotics (Pepper),RBF + Ridge,JointControl.csv,65,LaserF01X.1,4.147568
Robotics (Pepper),RBF + Ridge,JointControl.csv,66,LaserF10X,4.039504
Robotics (Pepper),RBF + Ridge,JointControl.csv,67,AnglesZ,3.982809
Robotics (Pepper),RBF + Ridge,JointControl.csv,68,LaserF09X.1,3.956726
Robotics (Pepper),RBF + Ridge,JointControl.csv,69,LaserF09X,3.939436
Robotics (Pepper),RBF + Ridge,JointControl.csv,70,LaserL15Y,3.900413
Robotics (Pepper),RBF + Ridge,JointControl.csv,71,InfraRedR,3.784371
Robotics (Pepper),RBF + Ridge,JointControl.csv,72,LElbowYaw,3.748989
Robotics (Pepper),RBF + Ridge,JointControl.csv,73,LaserF02Y,3.726132
Robotics (Pepper),RBF + Ridge,JointControl.csv,74,LShoulderPitchStiff,3.719046
Robotics (Pepper),RBF + Ridge,JointControl.csv,75,LElbowRollStiff,3.710757
Robotics (Pepper),RBF + Ridge,JointControl.csv,76,LaserF05X.1,3.657650
Robotics (Pepper),RBF + Ridge,JointControl.csv,77,LaserF11X,3.643318
Robotics (Pepper),RBF + Ridge,JointControl.csv,78,LaserL10X,3.640633
Robotics (Pepper),RBF + Ridge,JointControl.csv,79,LaserL13Y,3.616841
Robotics (Pepper),RBF + Ridge,JointControl.csv,80,LWristYawStiff,3.561640
Robotics (Pepper),RBF + Ridge,JointControl.csv,81,LaserF15Y,3.510745
Robotics (Pepper),RBF + Ridge,JointControl.csv,82,LaserF14Y,3.487644
Robotics (Pepper),RBF + Ridge,JointControl.csv,83,LaserF03X.1,3.399217
Robotics (Pepper),RBF + Ridge,JointControl.csv,84,LaserF12X,3.383776
Robotics (Pepper),RBF + Ridge,JointControl.csv,85,LElbowYawStiff,3.355449
Robotics (Pepper),RBF + Ridge,JointControl.csv,86,LaserF06X.1,3.330099
Robotics (Pepper),RBF + Ridge,JointControl.csv,87,LaserF02X.1,3.243145
Robotics (Pepper),RBF + Ridge,JointControl.csv,88,LWristYawTemp,3.168890
Robotics (Pepper),RBF + Ridge,JointControl.csv,89,SonarB,2.994383
Robotics (Pepper),RBF + Ridge,JointControl.csv,90,LaserL14Y,2.954939
Robotics (Pepper),RBF + Ridge,JointControl.csv,91,LaserF07X.1,2.804051
Robotics (Pepper),RBF + Ridge,JointControl.csv,92,LaserVeR01X,2.746359
Robotics (Pepper),RBF + Ridge,JointControl.csv,93,LaserR03Y,2.588334
Robotics (Pepper),RBF + Ridge,JointControl.csv,94,LaserR12Y,2.471921
Robotics (Pepper),RBF + Ridge,JointControl.csv,95,LaserF13X,2.453242
Robotics (Pepper),RBF + Ridge,JointControl.csv,96,LaserL12Y,2.364229
Robotics (Pepper),RBF + Ridge,JointControl.csv,97,LaserF06X,2.356999
Robotics (Pepper),RBF + Ridge,JointControl.csv,98,LShoulderRollStiff,2.258592
Robotics (Pepper),RBF + Ridge,JointControl.csv,99,LElbowRoll,2.202019
Robotics (Pepper),RBF + Ridge,JointControl.csv,100,LaserR08Y,2.006002
Robotics (Pepper),RBF + Ridge,JointControl.csv,101,LaserF03Y,1.941015
Robotics (Pepper),RBF + Ridge,JointControl.csv,102,LaserF01Y.1,1.876876
Robotics (Pepper),RBF + Ridge,JointControl.csv,103,LHandStiff,1.835995
Robotics (Pepper),RBF + Ridge,JointControl.csv,104,LaserR10Y,1.743643
Robotics (Pepper),RBF + Ridge,JointControl.csv,105,LaserVeL01X,1.737531
Robotics (Pepper),RBF + Ridge,JointControl.csv,106,LaserR11Y,1.723827
Robotics (Pepper),RBF + Ridge,JointControl.csv,107,LaserF08X.1,1.716845
Robotics (Pepper),RBF + Ridge,JointControl.csv,108,HeadPicthStiff,1.716820
Robotics (Pepper),RBF + Ridge,JointControl.csv,109,LaserF04X.1,1.661102
Robotics (Pepper),RBF + Ridge,JointControl.csv,110,HipPicthStiff,1.636571
Robotics (Pepper),RBF + Ridge,JointControl.csv,111,LShoulderPitch,1.477262
Robotics (Pepper),RBF + Ridge,JointControl.csv,112,RShoulderPitch,1.431094
Robotics (Pepper),RBF + Ridge,JointControl.csv,113,LaserR13X,1.371547
Robotics (Pepper),RBF + Ridge,JointControl.csv,114,LShoulderRoll,1.356660
Robotics (Pepper),RBF + Ridge,JointControl.csv,115,KneePicthStiff,1.310196
Robotics (Pepper),RBF + Ridge,JointControl.csv,116,LaserF04Y,1.307964
Robotics (Pepper),RBF + Ridge,JointControl.csv,117,LaserR14X,1.290724
Robotics (Pepper),RBF + Ridge,JointControl.csv,118,LaserL11Y,1.258045
Robotics (Pepper),RBF + Ridge,JointControl.csv,119,RWristYawStiff,1.235227
Robotics (Pepper),RBF + Ridge,JointControl.csv,120,LaserF02Y.1,1.195013
Robotics (Pepper),RBF + Ridge,JointControl.csv,121,LedEarR8,1.171823
Robotics (Pepper),RBF + Ridge,JointControl.csv,122,LedEarL8,1.171823
Robotics (Pepper),RBF + Ridge,JointControl.csv,123,HipRollStiff,1.135269
Robotics (Pepper),RBF + Ridge,JointControl.csv,124,HeadYaw,1.072314
Robotics (Pepper),RBF + Ridge,JointControl.csv,125,InfraRedL,1.067370
Robotics (Pepper),RBF + Ridge,JointControl.csv,126,LedEarR1,1.060899
Robotics (Pepper),RBF + Ridge,JointControl.csv,127,LedEarR2,1.060899
Robotics (Pepper),RBF + Ridge,JointControl.csv,128,LedEarR4,1.060899
Robotics (Pepper),RBF + Ridge,JointControl.csv,129,LedEarR5,1.060899
Robotics (Pepper),RBF + Ridge,JointControl.csv,130,LedEarR6,1.060899
Robotics (Pepper),RBF + Ridge,JointControl.csv,131,LedEarR7,1.060899
Robotics (Pepper),RBF + Ridge,JointControl.csv,132,LedEarR9,1.060899
Robotics (Pepper),RBF + Ridge,JointControl.csv,133,LedEarR10,1.060899
Robotics (Pepper),RBF + Ridge,JointControl.csv,134,LedEarL1,1.060899
Robotics (Pepper),RBF + Ridge,JointControl.csv,135,LedEarL2,1.060899
Robotics (Pepper),RBF + Ridge,JointControl.csv,136,LedEarL4,1.060899
Robotics (Pepper),RBF + Ridge,JointControl.csv,137,LedEarL5,1.060899
Robotics (Pepper),RBF + Ridge,JointControl.csv,138,LedEarL6,1.060899
Robotics (Pepper),RBF + Ridge,JointControl.csv,139,LedEarL7,1.060899
Robotics (Pepper),RBF + Ridge,JointControl.csv,140,LedEarL9,1.060899
Robotics (Pepper),RBF + Ridge,JointControl.csv,141,LedEarL10,1.060899
Robotics (Pepper),RBF + Ridge,JointControl.csv,142,RElbowYawStiff,1.030964
Robotics (Pepper),RBF + Ridge,JointControl.csv,143,HeadYawStiff,1.014668
Robotics (Pepper),RBF + Ridge,JointControl.csv,144,HeadPicth,0.988895
Robotics (Pepper),RBF + Ridge,JointControl.csv,145,LaserF03Y.1,0.981589
Robotics (Pepper),RBF + Ridge,JointControl.csv,146,LaserF12Y,0.977130
Robotics (Pepper),RBF + Ridge,JointControl.csv,147,LaserF13Y,0.867695
Robotics (Pepper),RBF + Ridge,JointControl.csv,148,RElbowYaw,0.863680
Robotics (Pepper),RBF + Ridge,JointControl.csv,149,LedEarR3,0.856332
Robotics (Pepper),RBF + Ridge,JointControl.csv,150,LedEarL3,0.856332
Robotics (Pepper),RBF + Ridge,JointControl.csv,151,LHand,0.833618
Robotics (Pepper),RBF + Ridge,JointControl.csv,152,LaserF11Y,0.823452
Robotics (Pepper),RBF + Ridge,JointControl.csv,153,LaserL10Y,0.822845
Robotics (Pepper),RBF + Ridge,JointControl.csv,154,RShoulderRollStiff,0.760342
Robotics (Pepper),RBF + Ridge,JointControl.csv,155,RElbowRollStiff,0.724485
Robotics (Pepper),RBF + Ridge,JointControl.csv,156,RhandStiff,0.678707
Robotics (Pepper),RBF + Ridge,JointControl.csv,157,TabletTouchY,0.676939
Robotics (Pepper),RBF + Ridge,JointControl.csv,158,LaserF10Y,0.666170
Robotics (Pepper),RBF + Ridge,JointControl.csv,159,LaserF09Y.1,0.599488
Robotics (Pepper),RBF + Ridge,JointControl.csv,160,RElbowRoll,0.598627
Robotics (Pepper),RBF + Ridge,JointControl.csv,161,KneePicth,0.588928
Robotics (Pepper),RBF + Ridge,JointControl.csv,162,RWristYaw,0.585553
Robotics (Pepper),RBF + Ridge,JointControl.csv,163,LaserF05Y,0.574999
Robotics (Pepper),RBF + Ridge,JointControl.csv,164,RShoulderPitchStiff,0.564189
Robotics (Pepper),RBF + Ridge,JointControl.csv,165,LaserR14Y,0.514316
Robotics (Pepper),RBF + Ridge,JointControl.csv,166,LaserF05Y.1,0.505345
Robotics (Pepper),RBF + Ridge,JointControl.csv,167,Rhand,0.467183
Robotics (Pepper),RBF + Ridge,JointControl.csv,168,LaserR13Y,0.435223
Robotics (Pepper),RBF + Ridge,JointControl.csv,169,LaserF09Y,0.413588
Robotics (Pepper),RBF + Ridge,JointControl.csv,170,TabletTouchX,0.394609
Robotics (Pepper),RBF + Ridge,JointControl.csv,171,LaserF04Y.1,0.352674
Robotics (Pepper),RBF + Ridge,JointControl.csv,172,LaserF08Y,0.321536
Robotics (Pepper),RBF + Ridge,JointControl.csv,173,AccelerometerZ,0.304487
Robotics (Pepper),RBF + Ridge,JointControl.csv,174,HipPicth,0.276221
Robotics (Pepper),RBF + Ridge,JointControl.csv,175,AccelerometerX,0.258070
Robotics (Pepper),RBF + Ridge,JointControl.csv,176,LaserR09Y,0.235545
Robotics (Pepper),RBF + Ridge,JointControl.csv,177,LaserF06Y.1,0.218023
Robotics (Pepper),RBF + Ridge,JointControl.csv,178,WheelFLStiff,0.213016
Robotics (Pepper),RBF + Ridge,JointControl.csv,179,LedShoulderB,0.212370
Robotics (Pepper),RBF + Ridge,JointControl.csv,180,LedFaceRL1,0.203298
Robotics (Pepper),RBF + Ridge,JointControl.csv,181,LedFaceRL2,0.203298
Robotics (Pepper),RBF + Ridge,JointControl.csv,182,LedFaceRL3,0.203298
Robotics (Pepper),RBF + Ridge,JointControl.csv,183,LedFaceRL4,0.203298
Robotics (Pepper),RBF + Ridge,JointControl.csv,184,LedFaceRL5,0.203298
Robotics (Pepper),RBF + Ridge,JointControl.csv,185,LedFaceRL6,0.203298
Robotics (Pepper),RBF + Ridge,JointControl.csv,186,LedFaceRL7,0.203298
Robotics (Pepper),RBF + Ridge,JointControl.csv,187,LedFaceRL8,0.203298
Robotics (Pepper),RBF + Ridge,JointControl.csv,188,LedFaceRR1,0.203298
Robotics (Pepper),RBF + Ridge,JointControl.csv,189,LedFaceRR2,0.203298
Robotics (Pepper),RBF + Ridge,JointControl.csv,190,LedFaceRR3,0.203298
Robotics (Pepper),RBF + Ridge,JointControl.csv,191,LedFaceRR4,0.203298
Robotics (Pepper),RBF + Ridge,JointControl.csv,192,LedFaceRR5,0.203298
Robotics (Pepper),RBF + Ridge,JointControl.csv,193,LedFaceRR6,0.203298
Robotics (Pepper),RBF + Ridge,JointControl.csv,194,LedFaceRR7,0.203298
Robotics (Pepper),RBF + Ridge,JointControl.csv,195,LedFaceRR8,0.203298
Robotics (Pepper),RBF + Ridge,JointControl.csv,196,LedFaceGL8,0.201267
Robotics (Pepper),RBF + Ridge,JointControl.csv,197,LedFaceGR1,0.201267
Robotics (Pepper),RBF + Ridge,JointControl.csv,198,LedFaceBL8,0.197206
Robotics (Pepper),RBF + Ridge,JointControl.csv,199,LedFaceBR1,0.197206
Robotics (Pepper),RBF + Ridge,JointControl.csv,200,LedFaceGL7,0.194904
Robotics (Pepper),RBF + Ridge,JointControl.csv,201,LedFaceGR2,0.194904
Robotics (Pepper),RBF + Ridge,JointControl.csv,202,LedFaceGL2,0.193577
Robotics (Pepper),RBF + Ridge,JointControl.csv,203,LedFaceGR7,0.193577
Robotics (Pepper),RBF + Ridge,JointControl.csv,204,LedFaceGL3,0.192624
Robotics (Pepper),RBF + Ridge,JointControl.csv,205,LedFaceGR6,0.192624
Robotics (Pepper),RBF + Ridge,JointControl.csv,206,LedFaceGL6,0.187205
Robotics (Pepper),RBF + Ridge,JointControl.csv,207,LedFaceGR3,0.187205
Robotics (Pepper),RBF + Ridge,JointControl.csv,208,LedFaceGL1,0.185992
Robotics (Pepper),RBF + Ridge,JointControl.csv,209,LedFaceGR8,0.185992
Robotics (Pepper),RBF + Ridge,JointControl.csv,210,LedFaceGL4,0.177789
Robotics (Pepper),RBF + Ridge,JointControl.csv,211,LedFaceGR5,0.177789
Robotics (Pepper),RBF + Ridge,JointControl.csv,212,RShoulderRoll,0.176859
Robotics (Pepper),RBF + Ridge,JointControl.csv,213,LedFaceBL3,0.171910
Robotics (Pepper),RBF + Ridge,JointControl.csv,214,LedFaceBR6,0.171910
Robotics (Pepper),RBF + Ridge,JointControl.csv,215,LaserF06Y,0.169796
Robotics (Pepper),RBF + Ridge,JointControl.csv,216,AccelerometerY,0.167479
Robotics (Pepper),RBF + Ridge,JointControl.csv,217,LedFaceBL1,0.151390
Robotics (Pepper),RBF + Ridge,JointControl.csv,218,LedFaceBR8,0.151390
Robotics (Pepper),RBF + Ridge,JointControl.csv,219,LaserVeL01Y,0.144840
Robotics (Pepper),RBF + Ridge,JointControl.csv,220,LedFaceGL5,0.140517
Robotics (Pepper),RBF + Ridge,JointControl.csv,221,LedFaceGR4,0.140517
Robotics (Pepper),RBF + Ridge,JointControl.csv,222,LedFaceBL7,0.139455
Robotics (Pepper),RBF + Ridge,JointControl.csv,223,LedFaceBR2,0.139455
Robotics (Pepper),RBF + Ridge,JointControl.csv,224,LaserF08Y.1,0.134968
Robotics (Pepper),RBF + Ridge,JointControl.csv,225,LaserVeR01Y,0.129093
Robotics (Pepper),RBF + Ridge,JointControl.csv,226,LedFaceBL5,0.122974
Robotics (Pepper),RBF + Ridge,JointControl.csv,227,LedFaceBR4,0.122974
Robotics (Pepper),RBF + Ridge,JointControl.csv,228,LaserF07Y,0.100864
Robotics (Pepper),RBF + Ridge,JointControl.csv,229,LedFaceBL2,0.081045
Robotics (Pepper),RBF + Ridge,JointControl.csv,230,LedFaceBR7,0.081045
Robotics (Pepper),RBF + Ridge,JointControl.csv,231,WheelFRSpeed,0.080267
Robotics (Pepper),RBF + Ridge,JointControl.csv,232,WheelFLSpeed,0.078242
Robotics (Pepper),RBF + Ridge,JointControl.csv,233,WheelBSpeed,0.073007
Robotics (Pepper),RBF + Ridge,JointControl.csv,234,LedFaceBL6,0.066933
Robotics (Pepper),RBF + Ridge,JointControl.csv,235,LedFaceBR3,0.066933
Robotics (Pepper),RBF + Ridge,JointControl.csv,236,LedFaceBL4,0.049141
Robotics (Pepper),RBF + Ridge,JointControl.csv,237,LedFaceBR5,0.049141
Robotics (Pepper),RBF + Ridge,JointControl.csv,238,HipRoll,0.043103
Robotics (Pepper),RBF + Ridge,JointControl.csv,239,GyroscopeZ,0.038645
Robotics (Pepper),RBF + Ridge,JointControl.csv,240,LaserF07Y.1,0.018332
Robotics (Pepper),RBF + Ridge,JointControl.csv,241,AnglesX,0.015893
Robotics (Pepper),RBF + Ridge,JointControl.csv,242,GyroscopeY,0.014718
Robotics (Pepper),RBF + Ridge,JointControl.csv,243,AnglesY,0.011690
Robotics (Pepper),RBF + Ridge,JointControl.csv,244,GyroscopeX,0.003578
Robotics (Pepper),RBF + Ridge,LedsControl.csv,1,TabletTouchX,355.780491
Robotics (Pepper),RBF + Ridge,LedsControl.csv,2,TabletTouchY,160.158795
Robotics (Pepper),RBF + Ridge,LedsControl.csv,3,HeadPicthTemp,46.920228
Robotics (Pepper),RBF + Ridge,LedsControl.csv,4,RElbowRollTemp,45.555876
Robotics (Pepper),RBF + Ridge,LedsControl.csv,5,RElbowYawTemp,44.476874
Robotics (Pepper),RBF + Ridge,LedsControl.csv,6,WheelFRTemp,34.847847
Robotics (Pepper),RBF + Ridge,LedsControl.csv,7,WheelBTemp,30.220005
Robotics (Pepper),RBF + Ridge,LedsControl.csv,8,KneePicthTemp,29.217488
Robotics (Pepper),RBF + Ridge,LedsControl.csv,9,LElbowYawTemp,27.455092
Robotics (Pepper),RBF + Ridge,LedsControl.csv,10,WheelBStiff,24.648435
Robotics (Pepper),RBF + Ridge,LedsControl.csv,11,RShoulderPitchTemp,20.336803
Robotics (Pepper),RBF + Ridge,LedsControl.csv,12,RShoulderRollTemp,19.830277
Robotics (Pepper),RBF + Ridge,LedsControl.csv,13,LaserF01X,18.992397
Robotics (Pepper),RBF + Ridge,LedsControl.csv,14,WheelFRStiff,18.436060
Robotics (Pepper),RBF + Ridge,LedsControl.csv,15,HipPicthTemp,17.855488
Robotics (Pepper),RBF + Ridge,LedsControl.csv,16,LShoulderRollTemp,15.850440
Robotics (Pepper),RBF + Ridge,LedsControl.csv,17,LShoulderPitchTemp,15.605548
Robotics (Pepper),RBF + Ridge,LedsControl.csv,18,LaserR09X,13.761520
Robotics (Pepper),RBF + Ridge,LedsControl.csv,19,LaserR07X,13.318249
Robotics (Pepper),RBF + Ridge,LedsControl.csv,20,LWristYawTemp,13.055963
Robotics (Pepper),RBF + Ridge,LedsControl.csv,21,HeadYawTemp,13.054497
Robotics (Pepper),RBF + Ridge,LedsControl.csv,22,LaserR11X,12.970035
Robotics (Pepper),RBF + Ridge,LedsControl.csv,23,LaserR10X,12.046389
Robotics (Pepper),RBF + Ridge,LedsControl.csv,24,LaserR08X,11.810519
Robotics (Pepper),RBF + Ridge,LedsControl.csv,25,LaserShovel01X,11.794765
Robotics (Pepper),RBF + Ridge,LedsControl.csv,26,LaserShovel02X,11.760881
Robotics (Pepper),RBF + Ridge,LedsControl.csv,27,LaserShovel03X,11.628079
Robotics (Pepper),RBF + Ridge,LedsControl.csv,28,LaserR12X,11.597168
Robotics (Pepper),RBF + Ridge,LedsControl.csv,29,LaserR06X,11.314685
Robotics (Pepper),RBF + Ridge,LedsControl.csv,30,LElbowRollTemp,10.689683
Robotics (Pepper),RBF + Ridge,LedsControl.csv,31,WheelFLTemp,10.197604
Robotics (Pepper),RBF + Ridge,LedsControl.csv,32,LaserR04X,9.861454
Robotics (Pepper),RBF + Ridge,LedsControl.csv,33,LaserShovel03Y,9.741991
Robotics (Pepper),RBF + Ridge,LedsControl.csv,34,LaserR01X,8.802966
Robotics (Pepper),RBF + Ridge,LedsControl.csv,35,LaserF01X.1,8.469290
Robotics (Pepper),RBF + Ridge,LedsControl.csv,36,LaserR02X,8.441503
Robotics (Pepper),RBF + Ridge,LedsControl.csv,37,LaserR05X,8.338277
Robotics (Pepper),RBF + Ridge,LedsControl.csv,38,LaserF06X.1,8.088324
Robotics (Pepper),RBF + Ridge,LedsControl.csv,39,LaserShovel02Y,7.893465
Robotics (Pepper),RBF + Ridge,LedsControl.csv,40,HipRollTemp,7.682184
Robotics (Pepper),RBF + Ridge,LedsControl.csv,41,LaserF05X.1,7.325511
Robotics (Pepper),RBF + Ridge,LedsControl.csv,42,LaserF01Y,7.281626
Robotics (Pepper),RBF + Ridge,LedsControl.csv,43,LaserF11X,7.276132
Robotics (Pepper),RBF + Ridge,LedsControl.csv,44,LaserL15X,7.190807
Robotics (Pepper),RBF + Ridge,LedsControl.csv,45,LaserF04X.1,6.745397
Robotics (Pepper),RBF + Ridge,LedsControl.csv,46,LaserF02X.1,6.672998
Robotics (Pepper),RBF + Ridge,LedsControl.csv,47,LaserShovel01Y,6.490569
Robotics (Pepper),RBF + Ridge,LedsControl.csv,48,LaserF14X,6.412056
Robotics (Pepper),RBF + Ridge,LedsControl.csv,49,LaserF03X.1,6.392701
Robotics (Pepper),RBF + Ridge,LedsControl.csv,50,HipPicthStiff,6.111071
Robotics (Pepper),RBF + Ridge,LedsControl.csv,51,RhandTemp,6.057131
Robotics (Pepper),RBF + Ridge,LedsControl.csv,52,LaserF07X.1,6.019811
Robotics (Pepper),RBF + Ridge,LedsControl.csv,53,LaserF02X,5.846791
Robotics (Pepper),RBF + Ridge,LedsControl.csv,54,LaserF06X,5.833358
Robotics (Pepper),RBF + Ridge,LedsControl.csv,55,LaserR03X,5.798501
Robotics (Pepper),RBF + Ridge,LedsControl.csv,56,KneePicthStiff,5.796478
Robotics (Pepper),RBF + Ridge,LedsControl.csv,57,LHandTemp,5.525724
Robotics (Pepper),RBF + Ridge,LedsControl.csv,58,RElbowYaw,5.467158
Robotics (Pepper),RBF + Ridge,LedsControl.csv,59,LaserR01Y,5.466493
Robotics (Pepper),RBF + Ridge,LedsControl.csv,60,HipPicth,5.252674
Robotics (Pepper),RBF + Ridge,LedsControl.csv,61,LaserF12X,5.233096
Robotics (Pepper),RBF + Ridge,LedsControl.csv,62,HipRollStiff,5.007440
Robotics (Pepper),RBF + Ridge,LedsControl.csv,63,LaserF10X,4.985991
Robotics (Pepper),RBF + Ridge,LedsControl.csv,64,LaserR15X,4.902348
Robotics (Pepper),RBF + Ridge,LedsControl.csv,65,LaserR13X,4.850892
Robotics (Pepper),RBF + Ridge,LedsControl.csv,66,RWristYawTemp,4.821637
Robotics (Pepper),RBF + Ridge,LedsControl.csv,67,LaserF05X,4.800807
Robotics (Pepper),RBF + Ridge,LedsControl.csv,68,InfraRedR,4.746340
Robotics (Pepper),RBF + Ridge,LedsControl.csv,69,LaserL15Y,4.730292
Robotics (Pepper),RBF + Ridge,LedsControl.csv,70,LaserF07X,4.711282
Robotics (Pepper),RBF + Ridge,LedsControl.csv,71,HeadPicth,4.652826
Robotics (Pepper),RBF + Ridge,LedsControl.csv,72,AnglesZ,4.588385
Robotics (Pepper),RBF + Ridge,LedsControl.csv,73,LaserF09X.1,4.552076
Robotics (Pepper),RBF + Ridge,LedsControl.csv,74,LaserR02Y,4.435492
Robotics (Pepper),RBF + Ridge,LedsControl.csv,75,LaserF08X.1,4.304749
Robotics (Pepper),RBF + Ridge,LedsControl.csv,76,LaserF04X,4.057185
Robotics (Pepper),RBF + Ridge,LedsControl.csv,77,LaserF15X,3.990348
Robotics (Pepper),RBF + Ridge,LedsControl.csv,78,LaserL11X,3.965999
Robotics (Pepper),RBF + Ridge,LedsControl.csv,79,LaserF01Y.1,3.832561
Robotics (Pepper),RBF + Ridge,LedsControl.csv,80,LaserF09X,3.784949
Robotics (Pepper),RBF + Ridge,LedsControl.csv,81,LaserL12X,3.739456
Robotics (Pepper),RBF + Ridge,LedsControl.csv,82,LaserR14X,3.700432
Robotics (Pepper),RBF + Ridge,LedsControl.csv,83,LElbowYaw,3.616032
Robotics (Pepper),RBF + Ridge,LedsControl.csv,84,LaserL13X,3.540396
Robotics (Pepper),RBF + Ridge,LedsControl.csv,85,LaserR04Y,3.487928
Robotics (Pepper),RBF + Ridge,LedsControl.csv,86,LaserF13X,3.365800
Robotics (Pepper),RBF + Ridge,LedsControl.csv,87,LaserF08X,3.357446
Robotics (Pepper),RBF + Ridge,LedsControl.csv,88,LaserL10X,3.353380
Robotics (Pepper),RBF + Ridge,LedsControl.csv,89,RWristYaw,3.012927
Robotics (Pepper),RBF + Ridge,LedsControl.csv,90,SonarF,2.938632
Robotics (Pepper),RBF + Ridge,LedsControl.csv,91,LShoulderPitch,2.817590
Robotics (Pepper),RBF + Ridge,LedsControl.csv,92,LaserR12Y,2.781023
Robotics (Pepper),RBF + Ridge,LedsControl.csv,93,LaserF14Y,2.701912
Robotics (Pepper),RBF + Ridge,LedsControl.csv,94,KneePicth,2.647265
Robotics (Pepper),RBF + Ridge,LedsControl.csv,95,RShoulderPitch,2.552657
Robotics (Pepper),RBF + Ridge,LedsControl.csv,96,LaserR03Y,2.533152
Robotics (Pepper),RBF + Ridge,LedsControl.csv,97,LaserF02Y.1,2.458823
Robotics (Pepper),RBF + Ridge,LedsControl.csv,98,LaserR15Y,2.374772
Robotics (Pepper),RBF + Ridge,LedsControl.csv,99,HeadPicthStiff,2.341607
Robotics (Pepper),RBF + Ridge,LedsControl.csv,100,LaserR05Y,2.290156
Robotics (Pepper),RBF + Ridge,LedsControl.csv,101,RShoulderRollStiff,2.265637
Robotics (Pepper),RBF + Ridge,LedsControl.csv,102,LaserR06Y,2.248064
Robotics (Pepper),RBF + Ridge,LedsControl.csv,103,LaserL14X,2.231930
Robotics (Pepper),RBF + Ridge,LedsControl.csv,104,LaserR11Y,2.138939
Robotics (Pepper),RBF + Ridge,LedsControl.csv,105,RElbowRollStiff,2.039344
Robotics (Pepper),RBF + Ridge,LedsControl.csv,106,LaserF15Y,1.965297
Robotics (Pepper),RBF + Ridge,LedsControl.csv,107,RShoulderPitchStiff,1.953534
Robotics (Pepper),RBF + Ridge,LedsControl.csv,108,LaserVeL01X,1.872793
Robotics (Pepper),RBF + Ridge,LedsControl.csv,109,LaserF02Y,1.855320
Robotics (Pepper),RBF + Ridge,LedsControl.csv,110,LaserF03Y.1,1.846014
Robotics (Pepper),RBF + Ridge,LedsControl.csv,111,HeadYawStiff,1.802195
Robotics (Pepper),RBF + Ridge,LedsControl.csv,112,RWristYawStiff,1.782323
Robotics (Pepper),RBF + Ridge,LedsControl.csv,113,RElbowRoll,1.704336
Robotics (Pepper),RBF + Ridge,LedsControl.csv,114,LaserR07Y,1.662909
Robotics (Pepper),RBF + Ridge,LedsControl.csv,115,LaserL13Y,1.658223
Robotics (Pepper),RBF + Ridge,LedsControl.csv,116,LaserF11Y,1.644530
Robotics (Pepper),RBF + Ridge,LedsControl.csv,117,LedEarR8,1.637732
Robotics (Pepper),RBF + Ridge,LedsControl.csv,118,LedEarL8,1.637732
Robotics (Pepper),RBF + Ridge,LedsControl.csv,119,RElbowYawStiff,1.602614
Robotics (Pepper),RBF + Ridge,LedsControl.csv,120,LedEarR3,1.596688
Robotics (Pepper),RBF + Ridge,LedsControl.csv,121,LedEarL3,1.596688
Robotics (Pepper),RBF + Ridge,LedsControl.csv,122,LedEarR2,1.559700
Robotics (Pepper),RBF + Ridge,LedsControl.csv,123,LedEarR4,1.559700
Robotics (Pepper),RBF + Ridge,LedsControl.csv,124,LedEarR7,1.559700
Robotics (Pepper),RBF + Ridge,LedsControl.csv,125,LedEarR9,1.559700
Robotics (Pepper),RBF + Ridge,LedsControl.csv,126,LedEarL2,1.559700
Robotics (Pepper),RBF + Ridge,LedsControl.csv,127,LedEarL4,1.559700
Robotics (Pepper),RBF + Ridge,LedsControl.csv,128,LedEarL7,1.559700
Robotics (Pepper),RBF + Ridge,LedsControl.csv,129,LedEarL9,1.559700
Robotics (Pepper),RBF + Ridge,LedsControl.csv,130,SonarB,1.554487
Robotics (Pepper),RBF + Ridge,LedsControl.csv,131,LedEarR1,1.546245
Robotics (Pepper),RBF + Ridge,LedsControl.csv,132,LedEarR5,1.546245
Robotics (Pepper),RBF + Ridge,LedsControl.csv,133,LedEarR6,1.546245
Robotics (Pepper),RBF + Ridge,LedsControl.csv,134,LedEarR10,1.546245
Robotics (Pepper),RBF + Ridge,LedsControl.csv,135,LedEarL1,1.546245
Robotics (Pepper),RBF + Ridge,LedsControl.csv,136,LedEarL5,1.546245
Robotics (Pepper),RBF + Ridge,LedsControl.csv,137,LedEarL6,1.546245
Robotics (Pepper),RBF + Ridge,LedsControl.csv,138,LedEarL10,1.546245
Robotics (Pepper),RBF + Ridge,LedsControl.csv,139,LaserR13Y,1.539299
Robotics (Pepper),RBF + Ridge,LedsControl.csv,140,LaserF12Y,1.511156
Robotics (Pepper),RBF + Ridge,LedsControl.csv,141,LaserR14Y,1.474514
Robotics (Pepper),RBF + Ridge,LedsControl.csv,142,LedFaceBR2,1.434599
Robotics (Pepper),RBF + Ridge,LedsControl.csv,143,LaserL12Y,1.433696
Robotics (Pepper),RBF + Ridge,LedsControl.csv,144,LaserF04Y.1,1.432138
Robotics (Pepper),RBF + Ridge,LedsControl.csv,145,RhandStiff,1.431821
Robotics (Pepper),RBF + Ridge,LedsControl.csv,146,LedFaceBL2,1.429239
Robotics (Pepper),RBF + Ridge,LedsControl.csv,147,LedFaceBR1,1.363348
Robotics (Pepper),RBF + Ridge,LedsControl.csv,148,LShoulderRollStiff,1.358099
Robotics (Pepper),RBF + Ridge,LedsControl.csv,149,LElbowRollStiff,1.341354
Robotics (Pepper),RBF + Ridge,LedsControl.csv,150,LedFaceBL7,1.326056
Robotics (Pepper),RBF + Ridge,LedsControl.csv,151,LedFaceBR7,1.324395
Robotics (Pepper),RBF + Ridge,LedsControl.csv,152,LedFaceBL1,1.323565
Robotics (Pepper),RBF + Ridge,LedsControl.csv,153,InfraRedL,1.314298
Robotics (Pepper),RBF + Ridge,LedsControl.csv,154,LedFaceBL8,1.313641
Robotics (Pepper),RBF + Ridge,LedsControl.csv,155,LedFaceBL6,1.299804
Robotics (Pepper),RBF + Ridge,LedsControl.csv,156,LShoulderPitchStiff,1.296845
Robotics (Pepper),RBF + Ridge,LedsControl.csv,157,LWristYawStiff,1.296821
Robotics (Pepper),RBF + Ridge,LedsControl.csv,158,LedFaceBR3,1.268840
Robotics (Pepper),RBF + Ridge,LedsControl.csv,159,LedFaceBL4,1.266821
Robotics (Pepper),RBF + Ridge,LedsControl.csv,160,LedFaceBL3,1.264809
Robotics (Pepper),RBF + Ridge,LedsControl.csv,161,LaserL14Y,1.248278
Robotics (Pepper),RBF + Ridge,LedsControl.csv,162,LaserVeR01X,1.234038
Robotics (Pepper),RBF + Ridge,LedsControl.csv,163,LedFaceBR5,1.205538
Robotics (Pepper),RBF + Ridge,LedsControl.csv,164,LedFaceBR6,1.203052
Robotics (Pepper),RBF + Ridge,LedsControl.csv,165,LaserL11Y,1.201655
Robotics (Pepper),RBF + Ridge,LedsControl.csv,166,LedFaceGR1,1.200377
Robotics (Pepper),RBF + Ridge,LedsControl.csv,167,LedFaceGL1,1.198745
Robotics (Pepper),RBF + Ridge,LedsControl.csv,168,LedFaceRL6,1.198742
Robotics (Pepper),RBF + Ridge,LedsControl.csv,169,LaserF13Y,1.190460
Robotics (Pepper),RBF + Ridge,LedsControl.csv,170,LaserF03X,1.190255
Robotics (Pepper),RBF + Ridge,LedsControl.csv,171,LedFaceBR8,1.186507
Robotics (Pepper),RBF + Ridge,LedsControl.csv,172,LElbowYawStiff,1.176836
Robotics (Pepper),RBF + Ridge,LedsControl.csv,173,LaserR10Y,1.105671
Robotics (Pepper),RBF + Ridge,LedsControl.csv,174,LedFaceBR4,1.105019
Robotics (Pepper),RBF + Ridge,LedsControl.csv,175,LedFaceRR6,1.080643
Robotics (Pepper),RBF + Ridge,LedsControl.csv,176,LedFaceBL5,1.059827
Robotics (Pepper),RBF + Ridge,LedsControl.csv,177,LElbowRoll,1.035530
Robotics (Pepper),RBF + Ridge,LedsControl.csv,178,LaserF05Y.1,1.012101
Robotics (Pepper),RBF + Ridge,LedsControl.csv,179,LedFaceGL3,1.005833
Robotics (Pepper),RBF + Ridge,LedsControl.csv,180,LedFaceRR7,0.999534
Robotics (Pepper),RBF + Ridge,LedsControl.csv,181,LedFaceGL2,0.984599
Robotics (Pepper),RBF + Ridge,LedsControl.csv,182,LedFaceGL7,0.971275
Robotics (Pepper),RBF + Ridge,LedsControl.csv,183,LHandStiff,0.962071
Robotics (Pepper),RBF + Ridge,LedsControl.csv,184,LedFaceGL4,0.960516
Robotics (Pepper),RBF + Ridge,LedsControl.csv,185,LedFaceGR3,0.949441
Robotics (Pepper),RBF + Ridge,LedsControl.csv,186,LedFaceGR4,0.948218
Robotics (Pepper),RBF + Ridge,LedsControl.csv,187,LedFaceRL1,0.936297
Robotics (Pepper),RBF + Ridge,LedsControl.csv,188,LedFaceGR7,0.925049
Robotics (Pepper),RBF + Ridge,LedsControl.csv,189,LedFaceRL7,0.921706
Robotics (Pepper),RBF + Ridge,LedsControl.csv,190,LedFaceRR4,0.919807
Robotics (Pepper),RBF + Ridge,LedsControl.csv,191,HeadYaw,0.914710
Robotics (Pepper),RBF + Ridge,LedsControl.csv,192,LedFaceRR1,0.908067
Robotics (Pepper),RBF + Ridge,LedsControl.csv,193,LedFaceGR8,0.904783
Robotics (Pepper),RBF + Ridge,LedsControl.csv,194,LedFaceRR8,0.895378
Robotics (Pepper),RBF + Ridge,LedsControl.csv,195,LedFaceGL8,0.890132
Robotics (Pepper),RBF + Ridge,LedsControl.csv,196,LedFaceGL5,0.880433
Robotics (Pepper),RBF + Ridge,LedsControl.csv,197,LedFaceRL8,0.880286
Robotics (Pepper),RBF + Ridge,LedsControl.csv,198,LedFaceGR2,0.869653
Robotics (Pepper),RBF + Ridge,LedsControl.csv,199,LedFaceRR5,0.859935
Robotics (Pepper),RBF + Ridge,LedsControl.csv,200,LedFaceRR2,0.856396
Robotics (Pepper),RBF + Ridge,LedsControl.csv,201,LaserF10Y,0.822259
Robotics (Pepper),RBF + Ridge,LedsControl.csv,202,LedFaceGR5,0.812135
Robotics (Pepper),RBF + Ridge,LedsControl.csv,203,LedShoulderB,0.802815
Robotics (Pepper),RBF + Ridge,LedsControl.csv,204,LedFaceRL2,0.795354
Robotics (Pepper),RBF + Ridge,LedsControl.csv,205,LedFaceRL5,0.791032
Robotics (Pepper),RBF + Ridge,LedsControl.csv,206,LaserF04Y,0.778568
Robotics (Pepper),RBF + Ridge,LedsControl.csv,207,LedFaceRL4,0.777877
Robotics (Pepper),RBF + Ridge,LedsControl.csv,208,LaserL10Y,0.757921
Robotics (Pepper),RBF + Ridge,LedsControl.csv,209,LedFaceRL3,0.727798
Robotics (Pepper),RBF + Ridge,LedsControl.csv,210,LaserF09Y.1,0.689690
Robotics (Pepper),RBF + Ridge,LedsControl.csv,211,LedFaceGL6,0.677642
Robotics (Pepper),RBF + Ridge,LedsControl.csv,212,LedFaceGR6,0.646638
Robotics (Pepper),RBF + Ridge,LedsControl.csv,213,Rhand,0.632351
Robotics (Pepper),RBF + Ridge,LedsControl.csv,214,LaserF05Y,0.631328
Robotics (Pepper),RBF + Ridge,LedsControl.csv,215,LaserR08Y,0.618274
Robotics (Pepper),RBF + Ridge,LedsControl.csv,216,LedFaceRR3,0.543380
Robotics (Pepper),RBF + Ridge,LedsControl.csv,217,LaserF06Y.1,0.529546
Robotics (Pepper),RBF + Ridge,LedsControl.csv,218,LaserF06Y,0.420230
Robotics (Pepper),RBF + Ridge,LedsControl.csv,219,LaserF09Y,0.397369
Robotics (Pepper),RBF + Ridge,LedsControl.csv,220,AccelerometerZ,0.351353
Robotics (Pepper),RBF + Ridge,LedsControl.csv,221,LaserF08Y.1,0.338413
Robotics (Pepper),RBF + Ridge,LedsControl.csv,222,LHand,0.313706
Robotics (Pepper),RBF + Ridge,LedsControl.csv,223,RShoulderRoll,0.308842
Robotics (Pepper),RBF + Ridge,LedsControl.csv,224,LaserF03Y,0.301936
Robotics (Pepper),RBF + Ridge,LedsControl.csv,225,LWristYaw,0.298820
Robotics (Pepper),RBF + Ridge,LedsControl.csv,226,LaserR09Y,0.269941
Robotics (Pepper),RBF + Ridge,LedsControl.csv,227,WheelFLStiff,0.178094
Robotics (Pepper),RBF + Ridge,LedsControl.csv,228,LaserF08Y,0.153757
Robotics (Pepper),RBF + Ridge,LedsControl.csv,229,WheelBSpeed,0.138695
Robotics (Pepper),RBF + Ridge,LedsControl.csv,230,WheelFLSpeed,0.137995
Robotics (Pepper),RBF + Ridge,LedsControl.csv,231,WheelFRSpeed,0.128129
Robotics (Pepper),RBF + Ridge,LedsControl.csv,232,LShoulderRoll,0.112454
Robotics (Pepper),RBF + Ridge,LedsControl.csv,233,LaserVeL01Y,0.111466
Robotics (Pepper),RBF + Ridge,LedsControl.csv,234,LaserVeR01Y,0.108025
Robotics (Pepper),RBF + Ridge,LedsControl.csv,235,AccelerometerX,0.105338
Robotics (Pepper),RBF + Ridge,LedsControl.csv,236,AccelerometerY,0.065736
Robotics (Pepper),RBF + Ridge,LedsControl.csv,237,LaserF07Y,0.061606
Robotics (Pepper),RBF + Ridge,LedsControl.csv,238,GyroscopeZ,0.053691
Robotics (Pepper),RBF + Ridge,LedsControl.csv,239,LaserF07Y.1,0.039356
Robotics (Pepper),RBF + Ridge,LedsControl.csv,240,HipRoll,0.025160
Robotics (Pepper),RBF + Ridge,LedsControl.csv,241,GyroscopeY,0.013776
Robotics (Pepper),RBF + Ridge,LedsControl.csv,242,GyroscopeX,0.006739
Robotics (Pepper),RBF + Ridge,LedsControl.csv,243,AnglesX,0.006251
Robotics (Pepper),RBF + Ridge,LedsControl.csv,244,AnglesY,0.004839
