Dataset,Model Variant,Fault Name,Rank,Variable,Score
Industrial (TEP),Linear / Ridge,Fault_1,1,XMEAS_1,71.176893
Industrial (TEP),Linear / Ridge,Fault_1,2,XMEAS_20,63.902589
Industrial (TEP),Linear / Ridge,Fault_1,3,XMEAS_4,32.110445
Industrial (TEP),Linear / Ridge,Fault_1,4,XMV_5,16.729515
Industrial (TEP),Linear / Ridge,Fault_1,5,XMEAS_19,15.089706
Industrial (TEP),Linear / Ridge,Fault_1,6,XMV_9,13.846400
Industrial (TEP),Linear / Ridge,Fault_1,7,XMEAS_16,13.764557
Industrial (TEP),Linear / Ridge,Fault_1,8,XMEAS_29,10.270771
Industrial (TEP),Linear / Ridge,Fault_1,9,XMEAS_18,9.010096
Industrial (TEP),Linear / Ridge,Fault_1,10,XMEAS_7,8.411214
Industrial (TEP),Linear / Ridge,Fault_1,11,XMEAS_28,6.580712
Industrial (TEP),Linear / Ridge,Fault_1,12,XMEAS_3,6.209602
Industrial (TEP),Linear / Ridge,Fault_1,13,XMV_4,5.901430
Industrial (TEP),Linear / Ridge,Fault_1,14,XMEAS_8,5.425559
Industrial (TEP),Linear / Ridge,Fault_1,15,XMEAS_27,5.171041
Industrial (TEP),Linear / Ridge,Fault_1,16,XMEAS_30,5.101556
Industrial (TEP),Linear / Ridge,Fault_1,17,XMEAS_25,4.351168
Industrial (TEP),Linear / Ridge,Fault_1,18,XMEAS_38,4.188535
Industrial (TEP),Linear / Ridge,Fault_1,19,XMEAS_33,4.038137
Industrial (TEP),Linear / Ridge,Fault_1,20,XMV_11,3.838911
Industrial (TEP),Linear / Ridge,Fault_1,21,XMEAS_17,3.765225
Industrial (TEP),Linear / Ridge,Fault_1,22,XMEAS_34,3.571705
Industrial (TEP),Linear / Ridge,Fault_1,23,XMEAS_31,3.555907
Industrial (TEP),Linear / Ridge,Fault_1,24,XMV_6,3.496374
Industrial (TEP),Linear / Ridge,Fault_1,25,XMEAS_35,3.442286
Industrial (TEP),Linear / Ridge,Fault_1,26,XMEAS_21,3.433907
Industrial (TEP),Linear / Ridge,Fault_1,27,XMV_2,3.424575
Industrial (TEP),Linear / Ridge,Fault_1,28,XMEAS_13,3.388307
Industrial (TEP),Linear / Ridge,Fault_1,29,XMEAS_23,3.381967
Industrial (TEP),Linear / Ridge,Fault_1,30,XMEAS_10,3.296259
Industrial (TEP),Linear / Ridge,Fault_1,31,XMV_10,3.226679
Industrial (TEP),Linear / Ridge,Fault_1,32,XMEAS_9,2.757996
Industrial (TEP),Linear / Ridge,Fault_1,33,XMEAS_22,2.744716
Industrial (TEP),Linear / Ridge,Fault_1,34,XMV_1,2.544652
Industrial (TEP),Linear / Ridge,Fault_1,35,XMEAS_6,1.880865
Industrial (TEP),Linear / Ridge,Fault_1,36,XMEAS_36,1.606956
Industrial (TEP),Linear / Ridge,Fault_1,37,XMV_3,1.428293
Industrial (TEP),Linear / Ridge,Fault_1,38,XMEAS_11,1.414099
Industrial (TEP),Linear / Ridge,Fault_1,39,XMEAS_39,1.375269
Industrial (TEP),Linear / Ridge,Fault_1,40,XMEAS_41,1.222756
Industrial (TEP),Linear / Ridge,Fault_1,41,XMEAS_5,1.220139
Industrial (TEP),Linear / Ridge,Fault_1,42,XMEAS_37,1.212834
Industrial (TEP),Linear / Ridge,Fault_1,43,XMEAS_12,1.086037
Industrial (TEP),Linear / Ridge,Fault_1,44,XMV_7,1.085593
Industrial (TEP),Linear / Ridge,Fault_1,45,XMEAS_24,1.085541
Industrial (TEP),Linear / Ridge,Fault_1,46,XMEAS_15,1.077659
Industrial (TEP),Linear / Ridge,Fault_1,47,XMV_8,1.076921
Industrial (TEP),Linear / Ridge,Fault_1,48,XMEAS_26,0.987562
Industrial (TEP),Linear / Ridge,Fault_1,49,XMEAS_32,0.948534
Industrial (TEP),Linear / Ridge,Fault_1,50,XMEAS_14,0.653376
Industrial (TEP),Linear / Ridge,Fault_1,51,XMEAS_2,0.577657
Industrial (TEP),Linear / Ridge,Fault_1,52,XMEAS_40,0.391648
Industrial (TEP),Linear / Ridge,Fault_2,1,XMEAS_10,43.273483
Industrial (TEP),Linear / Ridge,Fault_2,2,XMEAS_30,32.053761
Industrial (TEP),Linear / Ridge,Fault_2,3,XMV_11,22.535894
Industrial (TEP),Linear / Ridge,Fault_2,4,XMEAS_22,21.828948
Industrial (TEP),Linear / Ridge,Fault_2,5,XMEAS_17,20.143277
Industrial (TEP),Linear / Ridge,Fault_2,6,XMEAS_4,12.594435
Industrial (TEP),Linear / Ridge,Fault_2,7,XMEAS_28,12.484332
Industrial (TEP),Linear / Ridge,Fault_2,8,XMEAS_34,12.049818
Industrial (TEP),Linear / Ridge,Fault_2,9,XMEAS_11,11.899602
Industrial (TEP),Linear / Ridge,Fault_2,10,XMEAS_24,10.201324
Industrial (TEP),Linear / Ridge,Fault_2,11,XMEAS_18,9.076148
Industrial (TEP),Linear / Ridge,Fault_2,12,XMEAS_39,8.977988
Industrial (TEP),Linear / Ridge,Fault_2,13,XMV_5,8.420152
Industrial (TEP),Linear / Ridge,Fault_2,14,XMEAS_20,7.954186
Industrial (TEP),Linear / Ridge,Fault_2,15,XMEAS_3,6.402810
Industrial (TEP),Linear / Ridge,Fault_2,16,XMEAS_21,6.162238
Industrial (TEP),Linear / Ridge,Fault_2,17,XMEAS_16,5.608720
Industrial (TEP),Linear / Ridge,Fault_2,18,XMV_9,4.884260
Industrial (TEP),Linear / Ridge,Fault_2,19,XMV_2,4.389165
Industrial (TEP),Linear / Ridge,Fault_2,20,XMV_4,4.091732
Industrial (TEP),Linear / Ridge,Fault_2,21,XMEAS_9,3.145092
Industrial (TEP),Linear / Ridge,Fault_2,22,XMV_1,2.386833
Industrial (TEP),Linear / Ridge,Fault_2,23,XMEAS_7,2.382446
Industrial (TEP),Linear / Ridge,Fault_2,24,XMEAS_27,2.343849
Industrial (TEP),Linear / Ridge,Fault_2,25,XMV_6,2.341262
Industrial (TEP),Linear / Ridge,Fault_2,26,XMEAS_13,2.271066
Industrial (TEP),Linear / Ridge,Fault_2,27,XMEAS_19,1.785467
Industrial (TEP),Linear / Ridge,Fault_2,28,XMEAS_36,1.665809
Industrial (TEP),Linear / Ridge,Fault_2,29,XMEAS_33,1.611623
Industrial (TEP),Linear / Ridge,Fault_2,30,XMEAS_8,1.558988
Industrial (TEP),Linear / Ridge,Fault_2,31,XMEAS_31,1.552007
Industrial (TEP),Linear / Ridge,Fault_2,32,XMEAS_29,1.539754
Industrial (TEP),Linear / Ridge,Fault_2,33,XMEAS_38,1.521551
Industrial (TEP),Linear / Ridge,Fault_2,34,XMEAS_37,1.480731
Industrial (TEP),Linear / Ridge,Fault_2,35,XMEAS_5,1.431865
Industrial (TEP),Linear / Ridge,Fault_2,36,XMEAS_2,1.377150
Industrial (TEP),Linear / Ridge,Fault_2,37,XMEAS_25,1.301537
Industrial (TEP),Linear / Ridge,Fault_2,38,XMEAS_35,1.289525
Industrial (TEP),Linear / Ridge,Fault_2,39,XMV_10,1.270883
Industrial (TEP),Linear / Ridge,Fault_2,40,XMEAS_23,1.254815
Industrial (TEP),Linear / Ridge,Fault_2,41,XMV_3,1.159388
Industrial (TEP),Linear / Ridge,Fault_2,42,XMEAS_1,1.098142
Industrial (TEP),Linear / Ridge,Fault_2,43,XMEAS_12,1.086243
Industrial (TEP),Linear / Ridge,Fault_2,44,XMV_7,1.085203
Industrial (TEP),Linear / Ridge,Fault_2,45,XMEAS_15,1.079708
Industrial (TEP),Linear / Ridge,Fault_2,46,XMV_8,1.078620
Industrial (TEP),Linear / Ridge,Fault_2,47,XMEAS_32,1.058605
Industrial (TEP),Linear / Ridge,Fault_2,48,XMEAS_41,0.946457
Industrial (TEP),Linear / Ridge,Fault_2,49,XMEAS_26,0.691440
Industrial (TEP),Linear / Ridge,Fault_2,50,XMEAS_14,0.620911
Industrial (TEP),Linear / Ridge,Fault_2,51,XMEAS_40,0.537598
Industrial (TEP),Linear / Ridge,Fault_2,52,XMEAS_6,0.333709
Industrial (TEP),Linear / Ridge,Fault_3,1,XMEAS_20,6.576190
Industrial (TEP),Linear / Ridge,Fault_3,2,XMV_9,3.641747
Industrial (TEP),Linear / Ridge,Fault_3,3,XMV_5,3.264506
Industrial (TEP),Linear / Ridge,Fault_3,4,XMEAS_21,2.575545
Industrial (TEP),Linear / Ridge,Fault_3,5,XMEAS_27,2.375064
Industrial (TEP),Linear / Ridge,Fault_3,6,XMEAS_29,2.335171
Industrial (TEP),Linear / Ridge,Fault_3,7,XMEAS_16,1.980942
Industrial (TEP),Linear / Ridge,Fault_3,8,XMEAS_30,1.954728
Industrial (TEP),Linear / Ridge,Fault_3,9,XMEAS_19,1.787808
Industrial (TEP),Linear / Ridge,Fault_3,10,XMEAS_1,1.708927
Industrial (TEP),Linear / Ridge,Fault_3,11,XMEAS_18,1.594941
Industrial (TEP),Linear / Ridge,Fault_3,12,XMEAS_13,1.521361
Industrial (TEP),Linear / Ridge,Fault_3,13,XMV_6,1.518168
Industrial (TEP),Linear / Ridge,Fault_3,14,XMEAS_33,1.500401
Industrial (TEP),Linear / Ridge,Fault_3,15,XMEAS_3,1.445301
Industrial (TEP),Linear / Ridge,Fault_3,16,XMV_10,1.405152
Industrial (TEP),Linear / Ridge,Fault_3,17,XMEAS_5,1.401844
Industrial (TEP),Linear / Ridge,Fault_3,18,XMV_4,1.386828
Industrial (TEP),Linear / Ridge,Fault_3,19,XMEAS_37,1.370674
Industrial (TEP),Linear / Ridge,Fault_3,20,XMEAS_25,1.308540
Industrial (TEP),Linear / Ridge,Fault_3,21,XMEAS_10,1.279055
Industrial (TEP),Linear / Ridge,Fault_3,22,XMEAS_39,1.264452
Industrial (TEP),Linear / Ridge,Fault_3,23,XMV_3,1.243872
Industrial (TEP),Linear / Ridge,Fault_3,24,XMV_11,1.199979
Industrial (TEP),Linear / Ridge,Fault_3,25,XMV_1,1.192167
Industrial (TEP),Linear / Ridge,Fault_3,26,XMEAS_34,1.153020
Industrial (TEP),Linear / Ridge,Fault_3,27,XMEAS_23,1.149833
Industrial (TEP),Linear / Ridge,Fault_3,28,XMEAS_17,1.112194
Industrial (TEP),Linear / Ridge,Fault_3,29,XMV_7,1.086262
Industrial (TEP),Linear / Ridge,Fault_3,30,XMEAS_12,1.084694
Industrial (TEP),Linear / Ridge,Fault_3,31,XMV_8,1.077225
Industrial (TEP),Linear / Ridge,Fault_3,32,XMEAS_15,1.075485
Industrial (TEP),Linear / Ridge,Fault_3,33,XMEAS_24,0.947061
Industrial (TEP),Linear / Ridge,Fault_3,34,XMEAS_36,0.898658
Industrial (TEP),Linear / Ridge,Fault_3,35,XMEAS_41,0.881920
Industrial (TEP),Linear / Ridge,Fault_3,36,XMEAS_4,0.852223
Industrial (TEP),Linear / Ridge,Fault_3,37,XMEAS_11,0.842193
Industrial (TEP),Linear / Ridge,Fault_3,38,XMV_2,0.818467
Industrial (TEP),Linear / Ridge,Fault_3,39,XMEAS_22,0.809088
Industrial (TEP),Linear / Ridge,Fault_3,40,XMEAS_28,0.767941
Industrial (TEP),Linear / Ridge,Fault_3,41,XMEAS_32,0.757248
Industrial (TEP),Linear / Ridge,Fault_3,42,XMEAS_8,0.747562
Industrial (TEP),Linear / Ridge,Fault_3,43,XMEAS_35,0.744007
Industrial (TEP),Linear / Ridge,Fault_3,44,XMEAS_14,0.698950
Industrial (TEP),Linear / Ridge,Fault_3,45,XMEAS_26,0.680734
Industrial (TEP),Linear / Ridge,Fault_3,46,XMEAS_38,0.646164
Industrial (TEP),Linear / Ridge,Fault_3,47,XMEAS_6,0.631451
Industrial (TEP),Linear / Ridge,Fault_3,48,XMEAS_31,0.619076
Industrial (TEP),Linear / Ridge,Fault_3,49,XMEAS_2,0.606768
Industrial (TEP),Linear / Ridge,Fault_3,50,XMEAS_9,0.569211
Industrial (TEP),Linear / Ridge,Fault_3,51,XMEAS_40,0.510616
Industrial (TEP),Linear / Ridge,Fault_3,52,XMEAS_7,0.486878
Industrial (TEP),Linear / Ridge,Fault_4,1,XMV_10,40.190436
Industrial (TEP),Linear / Ridge,Fault_4,2,XMEAS_20,6.574956
Industrial (TEP),Linear / Ridge,Fault_4,3,XMV_9,3.719316
Industrial (TEP),Linear / Ridge,Fault_4,4,XMV_5,3.351886
Industrial (TEP),Linear / Ridge,Fault_4,5,XMEAS_27,2.378420
Industrial (TEP),Linear / Ridge,Fault_4,6,XMEAS_29,2.363181
Industrial (TEP),Linear / Ridge,Fault_4,7,XMEAS_16,2.032464
Industrial (TEP),Linear / Ridge,Fault_4,8,XMEAS_30,1.999022
Industrial (TEP),Linear / Ridge,Fault_4,9,XMEAS_19,1.787464
Industrial (TEP),Linear / Ridge,Fault_4,10,XMEAS_1,1.721816
Industrial (TEP),Linear / Ridge,Fault_4,11,XMEAS_18,1.597890
Industrial (TEP),Linear / Ridge,Fault_4,12,XMEAS_13,1.538563
Industrial (TEP),Linear / Ridge,Fault_4,13,XMEAS_33,1.528769
Industrial (TEP),Linear / Ridge,Fault_4,14,XMV_6,1.525337
Industrial (TEP),Linear / Ridge,Fault_4,15,XMEAS_3,1.417637
Industrial (TEP),Linear / Ridge,Fault_4,16,XMEAS_5,1.401526
Industrial (TEP),Linear / Ridge,Fault_4,17,XMV_4,1.387111
Industrial (TEP),Linear / Ridge,Fault_4,18,XMEAS_37,1.369414
Industrial (TEP),Linear / Ridge,Fault_4,19,XMV_1,1.333007
Industrial (TEP),Linear / Ridge,Fault_4,20,XMEAS_25,1.316925
Industrial (TEP),Linear / Ridge,Fault_4,21,XMEAS_10,1.303303
Industrial (TEP),Linear / Ridge,Fault_4,22,XMEAS_21,1.276422
Industrial (TEP),Linear / Ridge,Fault_4,23,XMEAS_39,1.258004
Industrial (TEP),Linear / Ridge,Fault_4,24,XMV_3,1.244764
Industrial (TEP),Linear / Ridge,Fault_4,25,XMV_11,1.201760
Industrial (TEP),Linear / Ridge,Fault_4,26,XMEAS_34,1.178877
Industrial (TEP),Linear / Ridge,Fault_4,27,XMEAS_23,1.158010
Industrial (TEP),Linear / Ridge,Fault_4,28,XMEAS_17,1.105147
Industrial (TEP),Linear / Ridge,Fault_4,29,XMV_7,1.085984
Industrial (TEP),Linear / Ridge,Fault_4,30,XMEAS_12,1.084993
Industrial (TEP),Linear / Ridge,Fault_4,31,XMEAS_15,1.077206
Industrial (TEP),Linear / Ridge,Fault_4,32,XMV_8,1.075477
Industrial (TEP),Linear / Ridge,Fault_4,33,XMEAS_24,0.941249
Industrial (TEP),Linear / Ridge,Fault_4,34,XMEAS_36,0.896304
Industrial (TEP),Linear / Ridge,Fault_4,35,XMEAS_41,0.883719
Industrial (TEP),Linear / Ridge,Fault_4,36,XMEAS_4,0.858490
Industrial (TEP),Linear / Ridge,Fault_4,37,XMEAS_11,0.852514
Industrial (TEP),Linear / Ridge,Fault_4,38,XMV_2,0.825899
Industrial (TEP),Linear / Ridge,Fault_4,39,XMEAS_22,0.807130
Industrial (TEP),Linear / Ridge,Fault_4,40,XMEAS_28,0.772780
Industrial (TEP),Linear / Ridge,Fault_4,41,XMEAS_35,0.761198
Industrial (TEP),Linear / Ridge,Fault_4,42,XMEAS_32,0.754139
Industrial (TEP),Linear / Ridge,Fault_4,43,XMEAS_8,0.753394
Industrial (TEP),Linear / Ridge,Fault_4,44,XMEAS_14,0.711733
Industrial (TEP),Linear / Ridge,Fault_4,45,XMEAS_26,0.672576
Industrial (TEP),Linear / Ridge,Fault_4,46,XMEAS_6,0.636257
Industrial (TEP),Linear / Ridge,Fault_4,47,XMEAS_38,0.635540
Industrial (TEP),Linear / Ridge,Fault_4,48,XMEAS_31,0.624481
Industrial (TEP),Linear / Ridge,Fault_4,49,XMEAS_2,0.606495
Industrial (TEP),Linear / Ridge,Fault_4,50,XMEAS_9,0.551386
Industrial (TEP),Linear / Ridge,Fault_4,51,XMEAS_40,0.509626
Industrial (TEP),Linear / Ridge,Fault_4,52,XMEAS_7,0.505685
Industrial (TEP),Linear / Ridge,Fault_5,1,XMV_11,58.235489
Industrial (TEP),Linear / Ridge,Fault_5,2,XMEAS_17,39.744704
Industrial (TEP),Linear / Ridge,Fault_5,3,XMEAS_20,28.119027
Industrial (TEP),Linear / Ridge,Fault_5,4,XMV_9,12.155081
Industrial (TEP),Linear / Ridge,Fault_5,5,XMEAS_19,4.898662
Industrial (TEP),Linear / Ridge,Fault_5,6,XMEAS_30,4.454776
Industrial (TEP),Linear / Ridge,Fault_5,7,XMV_4,4.357649
Industrial (TEP),Linear / Ridge,Fault_5,8,XMEAS_1,4.326549
Industrial (TEP),Linear / Ridge,Fault_5,9,XMEAS_7,4.244799
Industrial (TEP),Linear / Ridge,Fault_5,10,XMEAS_4,4.178295
Industrial (TEP),Linear / Ridge,Fault_5,11,XMEAS_16,3.729363
Industrial (TEP),Linear / Ridge,Fault_5,12,XMEAS_18,3.521710
Industrial (TEP),Linear / Ridge,Fault_5,13,XMEAS_27,3.385631
Industrial (TEP),Linear / Ridge,Fault_5,14,XMV_5,3.173831
Industrial (TEP),Linear / Ridge,Fault_5,15,XMEAS_38,3.052885
Industrial (TEP),Linear / Ridge,Fault_5,16,XMV_2,3.012803
Industrial (TEP),Linear / Ridge,Fault_5,17,XMEAS_25,2.927917
Industrial (TEP),Linear / Ridge,Fault_5,18,XMEAS_22,2.871544
Industrial (TEP),Linear / Ridge,Fault_5,19,XMEAS_35,2.848059
Industrial (TEP),Linear / Ridge,Fault_5,20,XMEAS_11,2.742322
Industrial (TEP),Linear / Ridge,Fault_5,21,XMEAS_10,2.697259
Industrial (TEP),Linear / Ridge,Fault_5,22,XMEAS_31,2.575622
Industrial (TEP),Linear / Ridge,Fault_5,23,XMEAS_23,2.432921
Industrial (TEP),Linear / Ridge,Fault_5,24,XMV_10,2.395274
Industrial (TEP),Linear / Ridge,Fault_5,25,XMEAS_3,2.286662
Industrial (TEP),Linear / Ridge,Fault_5,26,XMV_1,2.126305
Industrial (TEP),Linear / Ridge,Fault_5,27,XMEAS_28,2.033241
Industrial (TEP),Linear / Ridge,Fault_5,28,XMEAS_9,2.022416
Industrial (TEP),Linear / Ridge,Fault_5,29,XMEAS_29,1.804637
Industrial (TEP),Linear / Ridge,Fault_5,30,XMEAS_33,1.745067
Industrial (TEP),Linear / Ridge,Fault_5,31,XMV_6,1.717345
Industrial (TEP),Linear / Ridge,Fault_5,32,XMEAS_21,1.679654
Industrial (TEP),Linear / Ridge,Fault_5,33,XMEAS_34,1.555523
Industrial (TEP),Linear / Ridge,Fault_5,34,XMEAS_8,1.477265
Industrial (TEP),Linear / Ridge,Fault_5,35,XMEAS_37,1.425326
Industrial (TEP),Linear / Ridge,Fault_5,36,XMEAS_13,1.411601
Industrial (TEP),Linear / Ridge,Fault_5,37,XMEAS_36,1.391027
Industrial (TEP),Linear / Ridge,Fault_5,38,XMV_3,1.343728
Industrial (TEP),Linear / Ridge,Fault_5,39,XMEAS_5,1.318773
Industrial (TEP),Linear / Ridge,Fault_5,40,XMEAS_24,1.246007
Industrial (TEP),Linear / Ridge,Fault_5,41,XMEAS_39,1.218674
Industrial (TEP),Linear / Ridge,Fault_5,42,XMV_7,1.086248
Industrial (TEP),Linear / Ridge,Fault_5,43,XMEAS_12,1.084384
Industrial (TEP),Linear / Ridge,Fault_5,44,XMEAS_15,1.081603
Industrial (TEP),Linear / Ridge,Fault_5,45,XMV_8,1.080774
Industrial (TEP),Linear / Ridge,Fault_5,46,XMEAS_41,0.948053
Industrial (TEP),Linear / Ridge,Fault_5,47,XMEAS_6,0.851525
Industrial (TEP),Linear / Ridge,Fault_5,48,XMEAS_32,0.777605
Industrial (TEP),Linear / Ridge,Fault_5,49,XMEAS_26,0.774024
Industrial (TEP),Linear / Ridge,Fault_5,50,XMEAS_2,0.668177
Industrial (TEP),Linear / Ridge,Fault_5,51,XMEAS_14,0.559985
Industrial (TEP),Linear / Ridge,Fault_5,52,XMEAS_40,0.460662
Industrial (TEP),Linear / Ridge,Fault_6,1,XMV_11,378.572952
Industrial (TEP),Linear / Ridge,Fault_6,2,XMV_3,166.931958
Industrial (TEP),Linear / Ridge,Fault_6,3,XMV_10,56.126129
Industrial (TEP),Linear / Ridge,Fault_6,4,XMEAS_7,47.042332
Industrial (TEP),Linear / Ridge,Fault_6,5,XMEAS_20,42.955430
Industrial (TEP),Linear / Ridge,Fault_6,6,XMEAS_17,41.409332
Industrial (TEP),Linear / Ridge,Fault_6,7,XMV_5,28.266762
Industrial (TEP),Linear / Ridge,Fault_6,8,XMEAS_16,19.869885
Industrial (TEP),Linear / Ridge,Fault_6,9,XMEAS_25,18.731401
Industrial (TEP),Linear / Ridge,Fault_6,10,XMV_2,18.361957
Industrial (TEP),Linear / Ridge,Fault_6,11,XMEAS_29,15.973945
Industrial (TEP),Linear / Ridge,Fault_6,12,XMV_4,12.237512
Industrial (TEP),Linear / Ridge,Fault_6,13,XMV_6,11.754321
Industrial (TEP),Linear / Ridge,Fault_6,14,XMEAS_1,10.758863
Industrial (TEP),Linear / Ridge,Fault_6,15,XMV_9,8.452578
Industrial (TEP),Linear / Ridge,Fault_6,16,XMEAS_35,7.702864
Industrial (TEP),Linear / Ridge,Fault_6,17,XMEAS_19,6.329813
Industrial (TEP),Linear / Ridge,Fault_6,18,XMEAS_13,6.207777
Industrial (TEP),Linear / Ridge,Fault_6,19,XMEAS_4,5.265936
Industrial (TEP),Linear / Ridge,Fault_6,20,XMEAS_30,5.073226
Industrial (TEP),Linear / Ridge,Fault_6,21,XMEAS_18,4.626653
Industrial (TEP),Linear / Ridge,Fault_6,22,XMEAS_23,4.494049
Industrial (TEP),Linear / Ridge,Fault_6,23,XMEAS_3,4.215103
Industrial (TEP),Linear / Ridge,Fault_6,24,XMEAS_31,3.842848
Industrial (TEP),Linear / Ridge,Fault_6,25,XMEAS_21,3.715266
Industrial (TEP),Linear / Ridge,Fault_6,26,XMEAS_28,3.556895
Industrial (TEP),Linear / Ridge,Fault_6,27,XMEAS_27,3.089913
Industrial (TEP),Linear / Ridge,Fault_6,28,XMEAS_33,3.026192
Industrial (TEP),Linear / Ridge,Fault_6,29,XMEAS_8,3.003253
Industrial (TEP),Linear / Ridge,Fault_6,30,XMEAS_11,2.990885
Industrial (TEP),Linear / Ridge,Fault_6,31,XMEAS_34,2.724145
Industrial (TEP),Linear / Ridge,Fault_6,32,XMV_1,2.672613
Industrial (TEP),Linear / Ridge,Fault_6,33,XMEAS_38,2.458237
Industrial (TEP),Linear / Ridge,Fault_6,34,XMEAS_10,2.456282
Industrial (TEP),Linear / Ridge,Fault_6,35,XMEAS_22,2.231982
Industrial (TEP),Linear / Ridge,Fault_6,36,XMEAS_9,2.143534
Industrial (TEP),Linear / Ridge,Fault_6,37,XMEAS_24,1.994644
Industrial (TEP),Linear / Ridge,Fault_6,38,XMEAS_6,1.735305
Industrial (TEP),Linear / Ridge,Fault_6,39,XMEAS_36,1.660341
Industrial (TEP),Linear / Ridge,Fault_6,40,XMEAS_2,1.659214
Industrial (TEP),Linear / Ridge,Fault_6,41,XMEAS_39,1.411608
Industrial (TEP),Linear / Ridge,Fault_6,42,XMEAS_37,1.387885
Industrial (TEP),Linear / Ridge,Fault_6,43,XMEAS_5,1.277998
Industrial (TEP),Linear / Ridge,Fault_6,44,XMEAS_32,1.268003
Industrial (TEP),Linear / Ridge,Fault_6,45,XMEAS_14,1.173166
Industrial (TEP),Linear / Ridge,Fault_6,46,XMEAS_12,1.070305
Industrial (TEP),Linear / Ridge,Fault_6,47,XMV_7,1.069281
Industrial (TEP),Linear / Ridge,Fault_6,48,XMV_8,1.064935
Industrial (TEP),Linear / Ridge,Fault_6,49,XMEAS_15,1.063132
Industrial (TEP),Linear / Ridge,Fault_6,50,XMEAS_41,0.904891
Industrial (TEP),Linear / Ridge,Fault_6,51,XMEAS_26,0.809032
Industrial (TEP),Linear / Ridge,Fault_6,52,XMEAS_40,0.611898
Industrial (TEP),Linear / Ridge,Fault_7,1,XMV_4,74.031699
Industrial (TEP),Linear / Ridge,Fault_7,2,XMEAS_20,49.566756
Industrial (TEP),Linear / Ridge,Fault_7,3,XMV_9,18.674380
Industrial (TEP),Linear / Ridge,Fault_7,4,XMEAS_7,6.911522
Industrial (TEP),Linear / Ridge,Fault_7,5,XMEAS_19,6.748604
Industrial (TEP),Linear / Ridge,Fault_7,6,XMEAS_1,6.165377
Industrial (TEP),Linear / Ridge,Fault_7,7,XMEAS_4,6.153444
Industrial (TEP),Linear / Ridge,Fault_7,8,XMEAS_16,5.950233
Industrial (TEP),Linear / Ridge,Fault_7,9,XMEAS_27,5.535467
Industrial (TEP),Linear / Ridge,Fault_7,10,XMEAS_21,5.476196
Industrial (TEP),Linear / Ridge,Fault_7,11,XMV_5,5.341741
Industrial (TEP),Linear / Ridge,Fault_7,12,XMEAS_38,5.277563
Industrial (TEP),Linear / Ridge,Fault_7,13,XMEAS_30,5.168430
Industrial (TEP),Linear / Ridge,Fault_7,14,XMEAS_9,5.143951
Industrial (TEP),Linear / Ridge,Fault_7,15,XMEAS_18,4.600990
Industrial (TEP),Linear / Ridge,Fault_7,16,XMEAS_25,4.246851
Industrial (TEP),Linear / Ridge,Fault_7,17,XMV_10,4.089867
Industrial (TEP),Linear / Ridge,Fault_7,18,XMEAS_28,4.061797
Industrial (TEP),Linear / Ridge,Fault_7,19,XMV_2,3.895753
Industrial (TEP),Linear / Ridge,Fault_7,20,XMEAS_8,3.888610
Industrial (TEP),Linear / Ridge,Fault_7,21,XMEAS_3,3.721390
Industrial (TEP),Linear / Ridge,Fault_7,22,XMV_1,3.438288
Industrial (TEP),Linear / Ridge,Fault_7,23,XMEAS_31,3.340074
Industrial (TEP),Linear / Ridge,Fault_7,24,XMEAS_35,3.112409
Industrial (TEP),Linear / Ridge,Fault_7,25,XMEAS_33,3.079381
Industrial (TEP),Linear / Ridge,Fault_7,26,XMV_6,3.055229
Industrial (TEP),Linear / Ridge,Fault_7,27,XMEAS_10,2.834109
Industrial (TEP),Linear / Ridge,Fault_7,28,XMEAS_23,2.640689
Industrial (TEP),Linear / Ridge,Fault_7,29,XMEAS_6,2.215497
Industrial (TEP),Linear / Ridge,Fault_7,30,XMEAS_29,2.210857
Industrial (TEP),Linear / Ridge,Fault_7,31,XMEAS_11,2.151982
Industrial (TEP),Linear / Ridge,Fault_7,32,XMEAS_26,2.106561
Industrial (TEP),Linear / Ridge,Fault_7,33,XMEAS_22,1.935262
Industrial (TEP),Linear / Ridge,Fault_7,34,XMEAS_36,1.831349
Industrial (TEP),Linear / Ridge,Fault_7,35,XMEAS_34,1.691297
Industrial (TEP),Linear / Ridge,Fault_7,36,XMEAS_13,1.465002
Industrial (TEP),Linear / Ridge,Fault_7,37,XMEAS_24,1.460299
Industrial (TEP),Linear / Ridge,Fault_7,38,XMV_3,1.398616
Industrial (TEP),Linear / Ridge,Fault_7,39,XMV_11,1.344049
Industrial (TEP),Linear / Ridge,Fault_7,40,XMEAS_5,1.292163
Industrial (TEP),Linear / Ridge,Fault_7,41,XMEAS_39,1.261726
Industrial (TEP),Linear / Ridge,Fault_7,42,XMEAS_37,1.150724
Industrial (TEP),Linear / Ridge,Fault_7,43,XMV_7,1.085805
Industrial (TEP),Linear / Ridge,Fault_7,44,XMEAS_12,1.085632
Industrial (TEP),Linear / Ridge,Fault_7,45,XMEAS_32,1.080131
Industrial (TEP),Linear / Ridge,Fault_7,46,XMV_8,1.078541
Industrial (TEP),Linear / Ridge,Fault_7,47,XMEAS_41,1.077625
Industrial (TEP),Linear / Ridge,Fault_7,48,XMEAS_15,1.076160
Industrial (TEP),Linear / Ridge,Fault_7,49,XMEAS_17,0.990630
Industrial (TEP),Linear / Ridge,Fault_7,50,XMEAS_2,0.683611
Industrial (TEP),Linear / Ridge,Fault_7,51,XMEAS_14,0.536635
Industrial (TEP),Linear / Ridge,Fault_7,52,XMEAS_40,0.324888
Industrial (TEP),Linear / Ridge,Fault_8,1,XMEAS_20,90.247910
Industrial (TEP),Linear / Ridge,Fault_8,2,XMV_5,32.701247
Industrial (TEP),Linear / Ridge,Fault_8,3,XMEAS_16,32.257727
Industrial (TEP),Linear / Ridge,Fault_8,4,XMEAS_28,19.703703
Industrial (TEP),Linear / Ridge,Fault_8,5,XMEAS_10,17.398291
Industrial (TEP),Linear / Ridge,Fault_8,6,XMEAS_34,14.725379
Industrial (TEP),Linear / Ridge,Fault_8,7,XMEAS_1,12.233629
Industrial (TEP),Linear / Ridge,Fault_8,8,XMEAS_29,11.335732
Industrial (TEP),Linear / Ridge,Fault_8,9,XMV_9,11.146148
Industrial (TEP),Linear / Ridge,Fault_8,10,XMEAS_4,9.605675
Industrial (TEP),Linear / Ridge,Fault_8,11,XMEAS_25,8.809162
Industrial (TEP),Linear / Ridge,Fault_8,12,XMEAS_23,8.506124
Industrial (TEP),Linear / Ridge,Fault_8,13,XMEAS_7,8.343408
Industrial (TEP),Linear / Ridge,Fault_8,14,XMEAS_30,8.255145
Industrial (TEP),Linear / Ridge,Fault_8,15,XMEAS_33,7.088941
Industrial (TEP),Linear / Ridge,Fault_8,16,XMEAS_38,6.747316
Industrial (TEP),Linear / Ridge,Fault_8,17,XMV_6,6.558217
Industrial (TEP),Linear / Ridge,Fault_8,18,XMEAS_18,6.533898
Industrial (TEP),Linear / Ridge,Fault_8,19,XMEAS_13,6.321680
Industrial (TEP),Linear / Ridge,Fault_8,20,XMV_4,5.567314
Industrial (TEP),Linear / Ridge,Fault_8,21,XMEAS_21,5.306662
Industrial (TEP),Linear / Ridge,Fault_8,22,XMEAS_19,4.992058
Industrial (TEP),Linear / Ridge,Fault_8,23,XMEAS_3,4.975145
Industrial (TEP),Linear / Ridge,Fault_8,24,XMEAS_27,4.664763
Industrial (TEP),Linear / Ridge,Fault_8,25,XMEAS_35,4.486024
Industrial (TEP),Linear / Ridge,Fault_8,26,XMV_2,4.085124
Industrial (TEP),Linear / Ridge,Fault_8,27,XMV_10,4.063939
Industrial (TEP),Linear / Ridge,Fault_8,28,XMEAS_8,3.950436
Industrial (TEP),Linear / Ridge,Fault_8,29,XMV_1,3.807217
Industrial (TEP),Linear / Ridge,Fault_8,30,XMEAS_31,3.588713
Industrial (TEP),Linear / Ridge,Fault_8,31,XMEAS_9,3.583298
Industrial (TEP),Linear / Ridge,Fault_8,32,XMEAS_22,3.578882
Industrial (TEP),Linear / Ridge,Fault_8,33,XMEAS_17,3.534330
Industrial (TEP),Linear / Ridge,Fault_8,34,XMEAS_11,3.209317
Industrial (TEP),Linear / Ridge,Fault_8,35,XMV_11,2.640975
Industrial (TEP),Linear / Ridge,Fault_8,36,XMEAS_24,2.321432
Industrial (TEP),Linear / Ridge,Fault_8,37,XMEAS_36,1.944483
Industrial (TEP),Linear / Ridge,Fault_8,38,XMEAS_39,1.830518
Industrial (TEP),Linear / Ridge,Fault_8,39,XMEAS_32,1.736286
Industrial (TEP),Linear / Ridge,Fault_8,40,XMV_3,1.427005
Industrial (TEP),Linear / Ridge,Fault_8,41,XMEAS_41,1.343546
Industrial (TEP),Linear / Ridge,Fault_8,42,XMEAS_37,1.338079
Industrial (TEP),Linear / Ridge,Fault_8,43,XMEAS_6,1.316049
Industrial (TEP),Linear / Ridge,Fault_8,44,XMEAS_5,1.215039
Industrial (TEP),Linear / Ridge,Fault_8,45,XMV_7,1.086467
Industrial (TEP),Linear / Ridge,Fault_8,46,XMEAS_12,1.085530
Industrial (TEP),Linear / Ridge,Fault_8,47,XMV_8,1.079255
Industrial (TEP),Linear / Ridge,Fault_8,48,XMEAS_15,1.076703
Industrial (TEP),Linear / Ridge,Fault_8,49,XMEAS_2,0.998123
Industrial (TEP),Linear / Ridge,Fault_8,50,XMEAS_26,0.989379
Industrial (TEP),Linear / Ridge,Fault_8,51,XMEAS_14,0.621482
Industrial (TEP),Linear / Ridge,Fault_8,52,XMEAS_40,0.316180
Industrial (TEP),Linear / Ridge,Fault_9,1,XMEAS_20,6.541647
Industrial (TEP),Linear / Ridge,Fault_9,2,XMV_9,3.697013
Industrial (TEP),Linear / Ridge,Fault_9,3,XMV_5,3.287147
Industrial (TEP),Linear / Ridge,Fault_9,4,XMEAS_27,2.436716
Industrial (TEP),Linear / Ridge,Fault_9,5,XMEAS_29,2.355471
Industrial (TEP),Linear / Ridge,Fault_9,6,XMEAS_30,2.044159
Industrial (TEP),Linear / Ridge,Fault_9,7,XMEAS_16,1.975773
Industrial (TEP),Linear / Ridge,Fault_9,8,XMEAS_19,1.798827
Industrial (TEP),Linear / Ridge,Fault_9,9,XMEAS_1,1.720246
Industrial (TEP),Linear / Ridge,Fault_9,10,XMEAS_18,1.611720
Industrial (TEP),Linear / Ridge,Fault_9,11,XMEAS_33,1.557357
Industrial (TEP),Linear / Ridge,Fault_9,12,XMV_6,1.549431
Industrial (TEP),Linear / Ridge,Fault_9,13,XMEAS_13,1.522962
Industrial (TEP),Linear / Ridge,Fault_9,14,XMV_1,1.472345
Industrial (TEP),Linear / Ridge,Fault_9,15,XMEAS_3,1.439061
Industrial (TEP),Linear / Ridge,Fault_9,16,XMEAS_5,1.413620
Industrial (TEP),Linear / Ridge,Fault_9,17,XMV_4,1.402147
Industrial (TEP),Linear / Ridge,Fault_9,18,XMEAS_37,1.364877
Industrial (TEP),Linear / Ridge,Fault_9,19,XMEAS_10,1.342322
Industrial (TEP),Linear / Ridge,Fault_9,20,XMEAS_25,1.313303
Industrial (TEP),Linear / Ridge,Fault_9,21,XMEAS_39,1.258853
Industrial (TEP),Linear / Ridge,Fault_9,22,XMV_3,1.251530
Industrial (TEP),Linear / Ridge,Fault_9,23,XMEAS_21,1.245299
Industrial (TEP),Linear / Ridge,Fault_9,24,XMEAS_34,1.234691
Industrial (TEP),Linear / Ridge,Fault_9,25,XMV_11,1.194754
Industrial (TEP),Linear / Ridge,Fault_9,26,XMEAS_23,1.145584
Industrial (TEP),Linear / Ridge,Fault_9,27,XMEAS_17,1.110716
Industrial (TEP),Linear / Ridge,Fault_9,28,XMV_7,1.086027
Industrial (TEP),Linear / Ridge,Fault_9,29,XMEAS_12,1.084933
Industrial (TEP),Linear / Ridge,Fault_9,30,XMV_8,1.076388
Industrial (TEP),Linear / Ridge,Fault_9,31,XMEAS_15,1.076308
Industrial (TEP),Linear / Ridge,Fault_9,32,XMEAS_24,0.930539
Industrial (TEP),Linear / Ridge,Fault_9,33,XMEAS_36,0.902817
Industrial (TEP),Linear / Ridge,Fault_9,34,XMEAS_41,0.882245
Industrial (TEP),Linear / Ridge,Fault_9,35,XMEAS_4,0.868651
Industrial (TEP),Linear / Ridge,Fault_9,36,XMV_10,0.864702
Industrial (TEP),Linear / Ridge,Fault_9,37,XMEAS_11,0.850302
Industrial (TEP),Linear / Ridge,Fault_9,38,XMV_2,0.829336
Industrial (TEP),Linear / Ridge,Fault_9,39,XMEAS_22,0.805342
Industrial (TEP),Linear / Ridge,Fault_9,40,XMEAS_28,0.782981
Industrial (TEP),Linear / Ridge,Fault_9,41,XMEAS_35,0.769585
Industrial (TEP),Linear / Ridge,Fault_9,42,XMEAS_32,0.724165
Industrial (TEP),Linear / Ridge,Fault_9,43,XMEAS_38,0.715924
Industrial (TEP),Linear / Ridge,Fault_9,44,XMEAS_8,0.715415
Industrial (TEP),Linear / Ridge,Fault_9,45,XMEAS_14,0.711434
Industrial (TEP),Linear / Ridge,Fault_9,46,XMEAS_26,0.709644
Industrial (TEP),Linear / Ridge,Fault_9,47,XMEAS_9,0.659743
Industrial (TEP),Linear / Ridge,Fault_9,48,XMEAS_31,0.639836
Industrial (TEP),Linear / Ridge,Fault_9,49,XMEAS_2,0.614802
Industrial (TEP),Linear / Ridge,Fault_9,50,XMEAS_6,0.601497
Industrial (TEP),Linear / Ridge,Fault_9,51,XMEAS_40,0.510068
Industrial (TEP),Linear / Ridge,Fault_9,52,XMEAS_7,0.506684
Industrial (TEP),Linear / Ridge,Fault_10,1,XMEAS_20,12.067250
Industrial (TEP),Linear / Ridge,Fault_10,2,XMV_9,8.473084
Industrial (TEP),Linear / Ridge,Fault_10,3,XMEAS_27,2.950286
Industrial (TEP),Linear / Ridge,Fault_10,4,XMV_5,2.724240
Industrial (TEP),Linear / Ridge,Fault_10,5,XMEAS_30,2.555152
Industrial (TEP),Linear / Ridge,Fault_10,6,XMEAS_1,2.247252
Industrial (TEP),Linear / Ridge,Fault_10,7,XMV_4,2.095428
Industrial (TEP),Linear / Ridge,Fault_10,8,XMEAS_19,2.070673
Industrial (TEP),Linear / Ridge,Fault_10,9,XMEAS_18,1.828521
Industrial (TEP),Linear / Ridge,Fault_10,10,XMEAS_16,1.757714
Industrial (TEP),Linear / Ridge,Fault_10,11,XMEAS_10,1.705060
Industrial (TEP),Linear / Ridge,Fault_10,12,XMV_1,1.620448
Industrial (TEP),Linear / Ridge,Fault_10,13,XMEAS_34,1.604155
Industrial (TEP),Linear / Ridge,Fault_10,14,XMEAS_29,1.553194
Industrial (TEP),Linear / Ridge,Fault_10,15,XMEAS_3,1.524948
Industrial (TEP),Linear / Ridge,Fault_10,16,XMV_6,1.507254
Industrial (TEP),Linear / Ridge,Fault_10,17,XMEAS_25,1.488607
Industrial (TEP),Linear / Ridge,Fault_10,18,XMEAS_4,1.371393
Industrial (TEP),Linear / Ridge,Fault_10,19,XMEAS_5,1.352883
Industrial (TEP),Linear / Ridge,Fault_10,20,XMEAS_37,1.330419
Industrial (TEP),Linear / Ridge,Fault_10,21,XMEAS_31,1.329314
Industrial (TEP),Linear / Ridge,Fault_10,22,XMEAS_38,1.327014
Industrial (TEP),Linear / Ridge,Fault_10,23,XMV_3,1.324097
Industrial (TEP),Linear / Ridge,Fault_10,24,XMV_2,1.302628
Industrial (TEP),Linear / Ridge,Fault_10,25,XMEAS_13,1.295161
Industrial (TEP),Linear / Ridge,Fault_10,26,XMEAS_8,1.292883
Industrial (TEP),Linear / Ridge,Fault_10,27,XMEAS_33,1.255524
Industrial (TEP),Linear / Ridge,Fault_10,28,XMEAS_39,1.228804
Industrial (TEP),Linear / Ridge,Fault_10,29,XMV_11,1.205002
Industrial (TEP),Linear / Ridge,Fault_10,30,XMEAS_23,1.197563
Industrial (TEP),Linear / Ridge,Fault_10,31,XMEAS_21,1.180078
Industrial (TEP),Linear / Ridge,Fault_10,32,XMEAS_12,1.086170
Industrial (TEP),Linear / Ridge,Fault_10,33,XMV_7,1.084786
Industrial (TEP),Linear / Ridge,Fault_10,34,XMV_8,1.077038
Industrial (TEP),Linear / Ridge,Fault_10,35,XMEAS_15,1.075657
Industrial (TEP),Linear / Ridge,Fault_10,36,XMEAS_28,1.048130
Industrial (TEP),Linear / Ridge,Fault_10,37,XMEAS_17,1.028038
Industrial (TEP),Linear / Ridge,Fault_10,38,XMEAS_24,1.011213
Industrial (TEP),Linear / Ridge,Fault_10,39,XMEAS_35,0.989945
Industrial (TEP),Linear / Ridge,Fault_10,40,XMEAS_36,0.956814
Industrial (TEP),Linear / Ridge,Fault_10,41,XMEAS_22,0.931971
Industrial (TEP),Linear / Ridge,Fault_10,42,XMEAS_11,0.907393
Industrial (TEP),Linear / Ridge,Fault_10,43,XMV_10,0.902558
Industrial (TEP),Linear / Ridge,Fault_10,44,XMEAS_7,0.888495
Industrial (TEP),Linear / Ridge,Fault_10,45,XMEAS_41,0.874934
Industrial (TEP),Linear / Ridge,Fault_10,46,XMEAS_32,0.813542
Industrial (TEP),Linear / Ridge,Fault_10,47,XMEAS_6,0.694635
Industrial (TEP),Linear / Ridge,Fault_10,48,XMEAS_9,0.693300
Industrial (TEP),Linear / Ridge,Fault_10,49,XMEAS_14,0.653516
Industrial (TEP),Linear / Ridge,Fault_10,50,XMEAS_2,0.630405
Industrial (TEP),Linear / Ridge,Fault_10,51,XMEAS_26,0.561539
Industrial (TEP),Linear / Ridge,Fault_10,52,XMEAS_40,0.446514
Industrial (TEP),Linear / Ridge,Fault_11,1,XMEAS_20,6.486093
Industrial (TEP),Linear / Ridge,Fault_11,2,XMV_10,6.193771
Industrial (TEP),Linear / Ridge,Fault_11,3,XMEAS_9,5.822984
Industrial (TEP),Linear / Ridge,Fault_11,4,XMV_9,4.430993
Industrial (TEP),Linear / Ridge,Fault_11,5,XMV_5,3.307059
Industrial (TEP),Linear / Ridge,Fault_11,6,XMEAS_21,2.657900
Industrial (TEP),Linear / Ridge,Fault_11,7,XMEAS_27,2.406280
Industrial (TEP),Linear / Ridge,Fault_11,8,XMEAS_29,2.307110
Industrial (TEP),Linear / Ridge,Fault_11,9,XMEAS_16,2.014745
Industrial (TEP),Linear / Ridge,Fault_11,10,XMEAS_30,1.942944
Industrial (TEP),Linear / Ridge,Fault_11,11,XMEAS_19,1.803673
Industrial (TEP),Linear / Ridge,Fault_11,12,XMEAS_1,1.648787
Industrial (TEP),Linear / Ridge,Fault_11,13,XMV_1,1.621893
Industrial (TEP),Linear / Ridge,Fault_11,14,XMEAS_18,1.605042
Industrial (TEP),Linear / Ridge,Fault_11,15,XMEAS_13,1.538349
Industrial (TEP),Linear / Ridge,Fault_11,16,XMEAS_33,1.441793
Industrial (TEP),Linear / Ridge,Fault_11,17,XMEAS_5,1.398029
Industrial (TEP),Linear / Ridge,Fault_11,18,XMV_4,1.393177
Industrial (TEP),Linear / Ridge,Fault_11,19,XMV_6,1.391023
Industrial (TEP),Linear / Ridge,Fault_11,20,XMEAS_37,1.376928
Industrial (TEP),Linear / Ridge,Fault_11,21,XMEAS_3,1.360109
Industrial (TEP),Linear / Ridge,Fault_11,22,XMEAS_25,1.304048
Industrial (TEP),Linear / Ridge,Fault_11,23,XMEAS_39,1.265870
Industrial (TEP),Linear / Ridge,Fault_11,24,XMV_3,1.248155
Industrial (TEP),Linear / Ridge,Fault_11,25,XMEAS_10,1.244065
Industrial (TEP),Linear / Ridge,Fault_11,26,XMEAS_34,1.226116
Industrial (TEP),Linear / Ridge,Fault_11,27,XMV_11,1.183939
Industrial (TEP),Linear / Ridge,Fault_11,28,XMEAS_23,1.135722
Industrial (TEP),Linear / Ridge,Fault_11,29,XMEAS_17,1.109643
Industrial (TEP),Linear / Ridge,Fault_11,30,XMEAS_11,1.093162
Industrial (TEP),Linear / Ridge,Fault_11,31,XMV_7,1.086423
Industrial (TEP),Linear / Ridge,Fault_11,32,XMEAS_12,1.084692
Industrial (TEP),Linear / Ridge,Fault_11,33,XMEAS_15,1.076507
Industrial (TEP),Linear / Ridge,Fault_11,34,XMV_8,1.076203
Industrial (TEP),Linear / Ridge,Fault_11,35,XMEAS_22,0.979423
Industrial (TEP),Linear / Ridge,Fault_11,36,XMEAS_24,0.922264
Industrial (TEP),Linear / Ridge,Fault_11,37,XMEAS_41,0.894952
Industrial (TEP),Linear / Ridge,Fault_11,38,XMEAS_36,0.882219
Industrial (TEP),Linear / Ridge,Fault_11,39,XMEAS_4,0.869367
Industrial (TEP),Linear / Ridge,Fault_11,40,XMV_2,0.825633
Industrial (TEP),Linear / Ridge,Fault_11,41,XMEAS_32,0.794840
Industrial (TEP),Linear / Ridge,Fault_11,42,XMEAS_28,0.750779
Industrial (TEP),Linear / Ridge,Fault_11,43,XMEAS_35,0.748447
Industrial (TEP),Linear / Ridge,Fault_11,44,XMEAS_26,0.746078
Industrial (TEP),Linear / Ridge,Fault_11,45,XMEAS_8,0.718989
Industrial (TEP),Linear / Ridge,Fault_11,46,XMEAS_14,0.683560
Industrial (TEP),Linear / Ridge,Fault_11,47,XMEAS_38,0.660729
Industrial (TEP),Linear / Ridge,Fault_11,48,XMEAS_6,0.641303
Industrial (TEP),Linear / Ridge,Fault_11,49,XMEAS_31,0.632133
Industrial (TEP),Linear / Ridge,Fault_11,50,XMEAS_2,0.603522
Industrial (TEP),Linear / Ridge,Fault_11,51,XMEAS_7,0.565431
Industrial (TEP),Linear / Ridge,Fault_11,52,XMEAS_40,0.505182
Industrial (TEP),Linear / Ridge,Fault_12,1,XMEAS_20,55.236737
Industrial (TEP),Linear / Ridge,Fault_12,2,XMEAS_27,11.644619
Industrial (TEP),Linear / Ridge,Fault_12,3,XMV_11,11.067750
Industrial (TEP),Linear / Ridge,Fault_12,4,XMEAS_17,11.003237
Industrial (TEP),Linear / Ridge,Fault_12,5,XMV_9,10.992800
Industrial (TEP),Linear / Ridge,Fault_12,6,XMEAS_7,9.732955
Industrial (TEP),Linear / Ridge,Fault_12,7,XMEAS_38,8.862604
Industrial (TEP),Linear / Ridge,Fault_12,8,XMEAS_11,8.180237
Industrial (TEP),Linear / Ridge,Fault_12,9,XMEAS_22,8.151292
Industrial (TEP),Linear / Ridge,Fault_12,10,XMEAS_16,8.138103
Industrial (TEP),Linear / Ridge,Fault_12,11,XMEAS_21,7.291051
Industrial (TEP),Linear / Ridge,Fault_12,12,XMEAS_1,7.280715
Industrial (TEP),Linear / Ridge,Fault_12,13,XMV_5,6.674860
Industrial (TEP),Linear / Ridge,Fault_12,14,XMEAS_4,6.651212
Industrial (TEP),Linear / Ridge,Fault_12,15,XMEAS_3,6.109581
Industrial (TEP),Linear / Ridge,Fault_12,16,XMEAS_30,6.097707
Industrial (TEP),Linear / Ridge,Fault_12,17,XMV_4,5.561087
Industrial (TEP),Linear / Ridge,Fault_12,18,XMEAS_28,5.323818
Industrial (TEP),Linear / Ridge,Fault_12,19,XMV_10,5.235217
Industrial (TEP),Linear / Ridge,Fault_12,20,XMEAS_8,5.226744
Industrial (TEP),Linear / Ridge,Fault_12,21,XMEAS_18,5.107618
Industrial (TEP),Linear / Ridge,Fault_12,22,XMEAS_33,5.078006
Industrial (TEP),Linear / Ridge,Fault_12,23,XMV_6,5.004848
Industrial (TEP),Linear / Ridge,Fault_12,24,XMV_1,4.859036
Industrial (TEP),Linear / Ridge,Fault_12,25,XMEAS_19,4.487942
Industrial (TEP),Linear / Ridge,Fault_12,26,XMV_2,3.933947
Industrial (TEP),Linear / Ridge,Fault_12,27,XMEAS_6,3.688339
Industrial (TEP),Linear / Ridge,Fault_12,28,XMEAS_29,3.576424
Industrial (TEP),Linear / Ridge,Fault_12,29,XMEAS_31,3.364502
Industrial (TEP),Linear / Ridge,Fault_12,30,XMEAS_25,3.183914
Industrial (TEP),Linear / Ridge,Fault_12,31,XMEAS_26,3.062275
Industrial (TEP),Linear / Ridge,Fault_12,32,XMEAS_34,2.872248
Industrial (TEP),Linear / Ridge,Fault_12,33,XMEAS_23,2.775542
Industrial (TEP),Linear / Ridge,Fault_12,34,XMEAS_9,2.744896
Industrial (TEP),Linear / Ridge,Fault_12,35,XMEAS_35,2.484644
Industrial (TEP),Linear / Ridge,Fault_12,36,XMEAS_36,2.369324
Industrial (TEP),Linear / Ridge,Fault_12,37,XMEAS_10,2.247322
Industrial (TEP),Linear / Ridge,Fault_12,38,XMEAS_13,2.101802
Industrial (TEP),Linear / Ridge,Fault_12,39,XMEAS_24,1.818679
Industrial (TEP),Linear / Ridge,Fault_12,40,XMEAS_32,1.689317
Industrial (TEP),Linear / Ridge,Fault_12,41,XMEAS_5,1.405201
Industrial (TEP),Linear / Ridge,Fault_12,42,XMV_3,1.348951
Industrial (TEP),Linear / Ridge,Fault_12,43,XMEAS_37,1.322509
Industrial (TEP),Linear / Ridge,Fault_12,44,XMEAS_39,1.309693
Industrial (TEP),Linear / Ridge,Fault_12,45,XMEAS_41,1.299205
Industrial (TEP),Linear / Ridge,Fault_12,46,XMEAS_12,1.086563
Industrial (TEP),Linear / Ridge,Fault_12,47,XMV_7,1.085710
Industrial (TEP),Linear / Ridge,Fault_12,48,XMV_8,1.083408
Industrial (TEP),Linear / Ridge,Fault_12,49,XMEAS_15,1.082631
Industrial (TEP),Linear / Ridge,Fault_12,50,XMEAS_14,0.641126
Industrial (TEP),Linear / Ridge,Fault_12,51,XMEAS_2,0.630436
Industrial (TEP),Linear / Ridge,Fault_12,52,XMEAS_40,0.466331
Industrial (TEP),Linear / Ridge,Fault_13,1,XMEAS_20,59.152358
Industrial (TEP),Linear / Ridge,Fault_13,2,XMV_9,30.486740
Industrial (TEP),Linear / Ridge,Fault_13,3,XMEAS_19,12.621286
Industrial (TEP),Linear / Ridge,Fault_13,4,XMEAS_27,11.505799
Industrial (TEP),Linear / Ridge,Fault_13,5,XMEAS_16,10.128241
Industrial (TEP),Linear / Ridge,Fault_13,6,XMEAS_18,9.424602
Industrial (TEP),Linear / Ridge,Fault_13,7,XMEAS_33,8.095149
Industrial (TEP),Linear / Ridge,Fault_13,8,XMEAS_3,7.661246
Industrial (TEP),Linear / Ridge,Fault_13,9,XMEAS_38,7.074882
Industrial (TEP),Linear / Ridge,Fault_13,10,XMEAS_7,6.925436
Industrial (TEP),Linear / Ridge,Fault_13,11,XMEAS_21,6.709661
Industrial (TEP),Linear / Ridge,Fault_13,12,XMEAS_17,6.283515
Industrial (TEP),Linear / Ridge,Fault_13,13,XMEAS_30,6.032254
Industrial (TEP),Linear / Ridge,Fault_13,14,XMEAS_35,5.708507
Industrial (TEP),Linear / Ridge,Fault_13,15,XMEAS_8,5.526791
Industrial (TEP),Linear / Ridge,Fault_13,16,XMV_1,5.407288
Industrial (TEP),Linear / Ridge,Fault_13,17,XMEAS_4,4.934189
Industrial (TEP),Linear / Ridge,Fault_13,18,XMV_5,4.864287
Industrial (TEP),Linear / Ridge,Fault_13,19,XMV_4,4.624220
Industrial (TEP),Linear / Ridge,Fault_13,20,XMV_11,4.575298
Industrial (TEP),Linear / Ridge,Fault_13,21,XMV_2,4.051344
Industrial (TEP),Linear / Ridge,Fault_13,22,XMEAS_28,3.984678
Industrial (TEP),Linear / Ridge,Fault_13,23,XMEAS_10,3.805792
Industrial (TEP),Linear / Ridge,Fault_13,24,XMEAS_9,3.668402
Industrial (TEP),Linear / Ridge,Fault_13,25,XMEAS_1,3.421815
Industrial (TEP),Linear / Ridge,Fault_13,26,XMEAS_31,2.928968
Industrial (TEP),Linear / Ridge,Fault_13,27,XMEAS_25,2.842882
Industrial (TEP),Linear / Ridge,Fault_13,28,XMEAS_23,2.793851
Industrial (TEP),Linear / Ridge,Fault_13,29,XMV_10,2.721457
Industrial (TEP),Linear / Ridge,Fault_13,30,XMEAS_36,2.558306
Industrial (TEP),Linear / Ridge,Fault_13,31,XMEAS_22,2.530990
Industrial (TEP),Linear / Ridge,Fault_13,32,XMEAS_32,2.261209
Industrial (TEP),Linear / Ridge,Fault_13,33,XMEAS_2,2.127310
Industrial (TEP),Linear / Ridge,Fault_13,34,XMEAS_29,2.069628
Industrial (TEP),Linear / Ridge,Fault_13,35,XMV_6,2.047081
Industrial (TEP),Linear / Ridge,Fault_13,36,XMEAS_41,1.895416
Industrial (TEP),Linear / Ridge,Fault_13,37,XMEAS_13,1.864254
Industrial (TEP),Linear / Ridge,Fault_13,38,XMEAS_34,1.698311
Industrial (TEP),Linear / Ridge,Fault_13,39,XMEAS_11,1.684181
Industrial (TEP),Linear / Ridge,Fault_13,40,XMEAS_37,1.374979
Industrial (TEP),Linear / Ridge,Fault_13,41,XMEAS_5,1.373251
Industrial (TEP),Linear / Ridge,Fault_13,42,XMV_3,1.321381
Industrial (TEP),Linear / Ridge,Fault_13,43,XMEAS_6,1.252920
Industrial (TEP),Linear / Ridge,Fault_13,44,XMEAS_39,1.214637
Industrial (TEP),Linear / Ridge,Fault_13,45,XMEAS_12,1.086728
Industrial (TEP),Linear / Ridge,Fault_13,46,XMV_7,1.084638
Industrial (TEP),Linear / Ridge,Fault_13,47,XMV_8,1.080010
Industrial (TEP),Linear / Ridge,Fault_13,48,XMEAS_15,1.079650
Industrial (TEP),Linear / Ridge,Fault_13,49,XMEAS_24,1.071268
Industrial (TEP),Linear / Ridge,Fault_13,50,XMEAS_26,0.859167
Industrial (TEP),Linear / Ridge,Fault_13,51,XMEAS_40,0.621616
Industrial (TEP),Linear / Ridge,Fault_13,52,XMEAS_14,0.604831
Industrial (TEP),Linear / Ridge,Fault_14,1,XMEAS_9,24.122160
Industrial (TEP),Linear / Ridge,Fault_14,2,XMEAS_21,6.343359
Industrial (TEP),Linear / Ridge,Fault_14,3,XMEAS_20,5.704445
Industrial (TEP),Linear / Ridge,Fault_14,4,XMV_1,4.102990
Industrial (TEP),Linear / Ridge,Fault_14,5,XMV_9,3.652632
Industrial (TEP),Linear / Ridge,Fault_14,6,XMV_5,3.332461
Industrial (TEP),Linear / Ridge,Fault_14,7,XMV_10,3.263367
Industrial (TEP),Linear / Ridge,Fault_14,8,XMEAS_29,2.357139
Industrial (TEP),Linear / Ridge,Fault_14,9,XMEAS_27,2.222880
Industrial (TEP),Linear / Ridge,Fault_14,10,XMEAS_16,2.096050
Industrial (TEP),Linear / Ridge,Fault_14,11,XMEAS_30,1.999245
Industrial (TEP),Linear / Ridge,Fault_14,12,XMEAS_19,1.796245
Industrial (TEP),Linear / Ridge,Fault_14,13,XMEAS_18,1.606466
Industrial (TEP),Linear / Ridge,Fault_14,14,XMEAS_1,1.524559
Industrial (TEP),Linear / Ridge,Fault_14,15,XMV_6,1.508152
Industrial (TEP),Linear / Ridge,Fault_14,16,XMEAS_33,1.489081
Industrial (TEP),Linear / Ridge,Fault_14,17,XMV_4,1.405220
Industrial (TEP),Linear / Ridge,Fault_14,18,XMEAS_3,1.402674
Industrial (TEP),Linear / Ridge,Fault_14,19,XMEAS_5,1.390552
Industrial (TEP),Linear / Ridge,Fault_14,20,XMEAS_37,1.368446
Industrial (TEP),Linear / Ridge,Fault_14,21,XMEAS_10,1.318190
Industrial (TEP),Linear / Ridge,Fault_14,22,XMEAS_25,1.305510
Industrial (TEP),Linear / Ridge,Fault_14,23,XMEAS_13,1.290631
Industrial (TEP),Linear / Ridge,Fault_14,24,XMEAS_11,1.288869
Industrial (TEP),Linear / Ridge,Fault_14,25,XMEAS_39,1.253142
Industrial (TEP),Linear / Ridge,Fault_14,26,XMV_3,1.244605
Industrial (TEP),Linear / Ridge,Fault_14,27,XMEAS_22,1.235598
Industrial (TEP),Linear / Ridge,Fault_14,28,XMV_11,1.183468
Industrial (TEP),Linear / Ridge,Fault_14,29,XMEAS_23,1.145066
Industrial (TEP),Linear / Ridge,Fault_14,30,XMEAS_17,1.093513
Industrial (TEP),Linear / Ridge,Fault_14,31,XMV_7,1.085790
Industrial (TEP),Linear / Ridge,Fault_14,32,XMEAS_12,1.085182
Industrial (TEP),Linear / Ridge,Fault_14,33,XMV_8,1.077089
Industrial (TEP),Linear / Ridge,Fault_14,34,XMEAS_34,1.076445
Industrial (TEP),Linear / Ridge,Fault_14,35,XMEAS_15,1.075610
Industrial (TEP),Linear / Ridge,Fault_14,36,XMEAS_24,0.938423
Industrial (TEP),Linear / Ridge,Fault_14,37,XMEAS_36,0.901046
Industrial (TEP),Linear / Ridge,Fault_14,38,XMEAS_41,0.876592
Industrial (TEP),Linear / Ridge,Fault_14,39,XMEAS_4,0.864056
Industrial (TEP),Linear / Ridge,Fault_14,40,XMV_2,0.819562
Industrial (TEP),Linear / Ridge,Fault_14,41,XMEAS_8,0.783777
Industrial (TEP),Linear / Ridge,Fault_14,42,XMEAS_26,0.772302
Industrial (TEP),Linear / Ridge,Fault_14,43,XMEAS_38,0.771097
Industrial (TEP),Linear / Ridge,Fault_14,44,XMEAS_32,0.755420
Industrial (TEP),Linear / Ridge,Fault_14,45,XMEAS_35,0.754524
Industrial (TEP),Linear / Ridge,Fault_14,46,XMEAS_14,0.698956
Industrial (TEP),Linear / Ridge,Fault_14,47,XMEAS_28,0.673866
Industrial (TEP),Linear / Ridge,Fault_14,48,XMEAS_6,0.653152
Industrial (TEP),Linear / Ridge,Fault_14,49,XMEAS_31,0.625228
Industrial (TEP),Linear / Ridge,Fault_14,50,XMEAS_2,0.593058
Industrial (TEP),Linear / Ridge,Fault_14,51,XMEAS_7,0.558282
Industrial (TEP),Linear / Ridge,Fault_14,52,XMEAS_40,0.511193
Industrial (TEP),Linear / Ridge,Fault_15,1,XMEAS_20,6.878304
Industrial (TEP),Linear / Ridge,Fault_15,2,XMV_9,3.634721
Industrial (TEP),Linear / Ridge,Fault_15,3,XMV_5,3.211542
Industrial (TEP),Linear / Ridge,Fault_15,4,XMEAS_27,2.571755
Industrial (TEP),Linear / Ridge,Fault_15,5,XMEAS_29,2.354988
Industrial (TEP),Linear / Ridge,Fault_15,6,XMEAS_30,1.957309
Industrial (TEP),Linear / Ridge,Fault_15,7,XMEAS_16,1.950300
Industrial (TEP),Linear / Ridge,Fault_15,8,XMEAS_19,1.791812
Industrial (TEP),Linear / Ridge,Fault_15,9,XMEAS_1,1.731251
Industrial (TEP),Linear / Ridge,Fault_15,10,XMEAS_18,1.592370
Industrial (TEP),Linear / Ridge,Fault_15,11,XMEAS_13,1.550963
Industrial (TEP),Linear / Ridge,Fault_15,12,XMEAS_33,1.478404
Industrial (TEP),Linear / Ridge,Fault_15,13,XMEAS_3,1.460649
Industrial (TEP),Linear / Ridge,Fault_15,14,XMV_6,1.447481
Industrial (TEP),Linear / Ridge,Fault_15,15,XMEAS_5,1.400297
Industrial (TEP),Linear / Ridge,Fault_15,16,XMEAS_37,1.377257
Industrial (TEP),Linear / Ridge,Fault_15,17,XMV_4,1.373187
Industrial (TEP),Linear / Ridge,Fault_15,18,XMV_1,1.371725
Industrial (TEP),Linear / Ridge,Fault_15,19,XMEAS_25,1.308626
Industrial (TEP),Linear / Ridge,Fault_15,20,XMEAS_10,1.256172
Industrial (TEP),Linear / Ridge,Fault_15,21,XMEAS_39,1.256048
Industrial (TEP),Linear / Ridge,Fault_15,22,XMV_3,1.247747
Industrial (TEP),Linear / Ridge,Fault_15,23,XMEAS_21,1.217289
Industrial (TEP),Linear / Ridge,Fault_15,24,XMEAS_34,1.151634
Industrial (TEP),Linear / Ridge,Fault_15,25,XMEAS_23,1.149602
Industrial (TEP),Linear / Ridge,Fault_15,26,XMV_11,1.125579
Industrial (TEP),Linear / Ridge,Fault_15,27,XMEAS_12,1.085646
Industrial (TEP),Linear / Ridge,Fault_15,28,XMV_7,1.085293
Industrial (TEP),Linear / Ridge,Fault_15,29,XMV_8,1.076919
Industrial (TEP),Linear / Ridge,Fault_15,30,XMEAS_15,1.075591
Industrial (TEP),Linear / Ridge,Fault_15,31,XMEAS_17,0.993928
Industrial (TEP),Linear / Ridge,Fault_15,32,XMEAS_24,0.963621
Industrial (TEP),Linear / Ridge,Fault_15,33,XMEAS_36,0.917944
Industrial (TEP),Linear / Ridge,Fault_15,34,XMEAS_41,0.877386
Industrial (TEP),Linear / Ridge,Fault_15,35,XMEAS_4,0.858626
Industrial (TEP),Linear / Ridge,Fault_15,36,XMEAS_22,0.843794
Industrial (TEP),Linear / Ridge,Fault_15,37,XMV_2,0.836538
Industrial (TEP),Linear / Ridge,Fault_15,38,XMV_10,0.810098
Industrial (TEP),Linear / Ridge,Fault_15,39,XMEAS_8,0.801703
Industrial (TEP),Linear / Ridge,Fault_15,40,XMEAS_11,0.793505
Industrial (TEP),Linear / Ridge,Fault_15,41,XMEAS_28,0.787283
Industrial (TEP),Linear / Ridge,Fault_15,42,XMEAS_32,0.769410
Industrial (TEP),Linear / Ridge,Fault_15,43,XMEAS_35,0.759530
Industrial (TEP),Linear / Ridge,Fault_15,44,XMEAS_9,0.685355
Industrial (TEP),Linear / Ridge,Fault_15,45,XMEAS_14,0.656902
Industrial (TEP),Linear / Ridge,Fault_15,46,XMEAS_26,0.653507
Industrial (TEP),Linear / Ridge,Fault_15,47,XMEAS_31,0.650715
Industrial (TEP),Linear / Ridge,Fault_15,48,XMEAS_6,0.648231
Industrial (TEP),Linear / Ridge,Fault_15,49,XMEAS_38,0.647310
Industrial (TEP),Linear / Ridge,Fault_15,50,XMEAS_2,0.608397
Industrial (TEP),Linear / Ridge,Fault_15,51,XMEAS_7,0.486330
Industrial (TEP),Linear / Ridge,Fault_15,52,XMEAS_40,0.484584
Industrial (TEP),Linear / Ridge,Fault_16,1,XMV_9,20.382926
Industrial (TEP),Linear / Ridge,Fault_16,2,XMEAS_20,9.212942
Industrial (TEP),Linear / Ridge,Fault_16,3,XMV_5,3.680421
Industrial (TEP),Linear / Ridge,Fault_16,4,XMEAS_19,2.912324
Industrial (TEP),Linear / Ridge,Fault_16,5,XMEAS_27,2.469679
Industrial (TEP),Linear / Ridge,Fault_16,6,XMEAS_30,2.425192
Industrial (TEP),Linear / Ridge,Fault_16,7,XMEAS_16,2.206712
Industrial (TEP),Linear / Ridge,Fault_16,8,XMEAS_1,2.179554
Industrial (TEP),Linear / Ridge,Fault_16,9,XMV_4,2.119000
Industrial (TEP),Linear / Ridge,Fault_16,10,XMEAS_18,1.952258
Industrial (TEP),Linear / Ridge,Fault_16,11,XMV_6,1.710811
Industrial (TEP),Linear / Ridge,Fault_16,12,XMEAS_34,1.643395
Industrial (TEP),Linear / Ridge,Fault_16,13,XMV_1,1.630651
Industrial (TEP),Linear / Ridge,Fault_16,14,XMEAS_33,1.610219
Industrial (TEP),Linear / Ridge,Fault_16,15,XMEAS_13,1.570169
Industrial (TEP),Linear / Ridge,Fault_16,16,XMEAS_10,1.545280
Industrial (TEP),Linear / Ridge,Fault_16,17,XMEAS_3,1.525142
Industrial (TEP),Linear / Ridge,Fault_16,18,XMEAS_25,1.427457
Industrial (TEP),Linear / Ridge,Fault_16,19,XMEAS_37,1.382736
Industrial (TEP),Linear / Ridge,Fault_16,20,XMEAS_29,1.363703
Industrial (TEP),Linear / Ridge,Fault_16,21,XMEAS_5,1.348187
Industrial (TEP),Linear / Ridge,Fault_16,22,XMV_3,1.284539
Industrial (TEP),Linear / Ridge,Fault_16,23,XMEAS_21,1.275347
Industrial (TEP),Linear / Ridge,Fault_16,24,XMEAS_39,1.262995
Industrial (TEP),Linear / Ridge,Fault_16,25,XMEAS_4,1.257113
Industrial (TEP),Linear / Ridge,Fault_16,26,XMEAS_23,1.216701
Industrial (TEP),Linear / Ridge,Fault_16,27,XMV_11,1.185418
Industrial (TEP),Linear / Ridge,Fault_16,28,XMV_2,1.150531
Industrial (TEP),Linear / Ridge,Fault_16,29,XMEAS_12,1.085936
Industrial (TEP),Linear / Ridge,Fault_16,30,XMV_7,1.085186
Industrial (TEP),Linear / Ridge,Fault_16,31,XMV_8,1.076621
Industrial (TEP),Linear / Ridge,Fault_16,32,XMEAS_15,1.076073
Industrial (TEP),Linear / Ridge,Fault_16,33,XMEAS_28,1.073158
Industrial (TEP),Linear / Ridge,Fault_16,34,XMEAS_17,1.067448
Industrial (TEP),Linear / Ridge,Fault_16,35,XMEAS_24,1.017023
Industrial (TEP),Linear / Ridge,Fault_16,36,XMV_10,1.016774
Industrial (TEP),Linear / Ridge,Fault_16,37,XMEAS_35,0.956860
Industrial (TEP),Linear / Ridge,Fault_16,38,XMEAS_11,0.946421
Industrial (TEP),Linear / Ridge,Fault_16,39,XMEAS_36,0.940149
Industrial (TEP),Linear / Ridge,Fault_16,40,XMEAS_41,0.924242
Industrial (TEP),Linear / Ridge,Fault_16,41,XMEAS_31,0.902953
Industrial (TEP),Linear / Ridge,Fault_16,42,XMEAS_38,0.851087
Industrial (TEP),Linear / Ridge,Fault_16,43,XMEAS_8,0.810537
Industrial (TEP),Linear / Ridge,Fault_16,44,XMEAS_22,0.810002
Industrial (TEP),Linear / Ridge,Fault_16,45,XMEAS_7,0.805489
Industrial (TEP),Linear / Ridge,Fault_16,46,XMEAS_14,0.740877
Industrial (TEP),Linear / Ridge,Fault_16,47,XMEAS_26,0.719518
Industrial (TEP),Linear / Ridge,Fault_16,48,XMEAS_32,0.690555
Industrial (TEP),Linear / Ridge,Fault_16,49,XMEAS_2,0.618193
Industrial (TEP),Linear / Ridge,Fault_16,50,XMEAS_6,0.614728
Industrial (TEP),Linear / Ridge,Fault_16,51,XMEAS_9,0.573060
Industrial (TEP),Linear / Ridge,Fault_16,52,XMEAS_40,0.492878
Industrial (TEP),Linear / Ridge,Fault_17,1,XMEAS_21,141.171179
Industrial (TEP),Linear / Ridge,Fault_17,2,XMEAS_9,31.771000
Industrial (TEP),Linear / Ridge,Fault_17,3,XMV_10,27.724923
Industrial (TEP),Linear / Ridge,Fault_17,4,XMV_9,5.642558
Industrial (TEP),Linear / Ridge,Fault_17,5,XMEAS_20,4.989917
Industrial (TEP),Linear / Ridge,Fault_17,6,XMV_1,3.945745
Industrial (TEP),Linear / Ridge,Fault_17,7,XMV_5,3.279856
Industrial (TEP),Linear / Ridge,Fault_17,8,XMEAS_27,2.527227
Industrial (TEP),Linear / Ridge,Fault_17,9,XMEAS_30,2.016987
Industrial (TEP),Linear / Ridge,Fault_17,10,XMEAS_16,1.976886
Industrial (TEP),Linear / Ridge,Fault_17,11,XMEAS_19,1.701961
Industrial (TEP),Linear / Ridge,Fault_17,12,XMEAS_29,1.697867
Industrial (TEP),Linear / Ridge,Fault_17,13,XMEAS_13,1.568657
Industrial (TEP),Linear / Ridge,Fault_17,14,XMEAS_33,1.562308
Industrial (TEP),Linear / Ridge,Fault_17,15,XMEAS_37,1.396881
Industrial (TEP),Linear / Ridge,Fault_17,16,XMEAS_18,1.359808
Industrial (TEP),Linear / Ridge,Fault_17,17,XMEAS_1,1.352054
Industrial (TEP),Linear / Ridge,Fault_17,18,XMEAS_10,1.335780
Industrial (TEP),Linear / Ridge,Fault_17,19,XMEAS_5,1.278768
Industrial (TEP),Linear / Ridge,Fault_17,20,XMV_6,1.266142
Industrial (TEP),Linear / Ridge,Fault_17,21,XMEAS_39,1.257637
Industrial (TEP),Linear / Ridge,Fault_17,22,XMEAS_25,1.231980
Industrial (TEP),Linear / Ridge,Fault_17,23,XMV_4,1.223940
Industrial (TEP),Linear / Ridge,Fault_17,24,XMV_11,1.206114
Industrial (TEP),Linear / Ridge,Fault_17,25,XMEAS_3,1.196837
Industrial (TEP),Linear / Ridge,Fault_17,26,XMV_3,1.188886
Industrial (TEP),Linear / Ridge,Fault_17,27,XMEAS_11,1.143783
Industrial (TEP),Linear / Ridge,Fault_17,28,XMEAS_17,1.105302
Industrial (TEP),Linear / Ridge,Fault_17,29,XMEAS_32,1.087855
Industrial (TEP),Linear / Ridge,Fault_17,30,XMV_7,1.085307
Industrial (TEP),Linear / Ridge,Fault_17,31,XMEAS_12,1.085297
Industrial (TEP),Linear / Ridge,Fault_17,32,XMV_8,1.076944
Industrial (TEP),Linear / Ridge,Fault_17,33,XMEAS_15,1.076059
Industrial (TEP),Linear / Ridge,Fault_17,34,XMEAS_22,1.049205
Industrial (TEP),Linear / Ridge,Fault_17,35,XMEAS_23,1.045757
Industrial (TEP),Linear / Ridge,Fault_17,36,XMEAS_4,1.034629
Industrial (TEP),Linear / Ridge,Fault_17,37,XMEAS_24,0.988738
Industrial (TEP),Linear / Ridge,Fault_17,38,XMEAS_36,0.945466
Industrial (TEP),Linear / Ridge,Fault_17,39,XMEAS_34,0.945187
Industrial (TEP),Linear / Ridge,Fault_17,40,XMEAS_8,0.923726
Industrial (TEP),Linear / Ridge,Fault_17,41,XMEAS_35,0.797824
Industrial (TEP),Linear / Ridge,Fault_17,42,XMEAS_41,0.783002
Industrial (TEP),Linear / Ridge,Fault_17,43,XMEAS_14,0.743772
Industrial (TEP),Linear / Ridge,Fault_17,44,XMV_2,0.737829
Industrial (TEP),Linear / Ridge,Fault_17,45,XMEAS_28,0.721572
Industrial (TEP),Linear / Ridge,Fault_17,46,XMEAS_26,0.661096
Industrial (TEP),Linear / Ridge,Fault_17,47,XMEAS_38,0.645592
Industrial (TEP),Linear / Ridge,Fault_17,48,XMEAS_7,0.631393
Industrial (TEP),Linear / Ridge,Fault_17,49,XMEAS_40,0.561016
Industrial (TEP),Linear / Ridge,Fault_17,50,XMEAS_2,0.554694
Industrial (TEP),Linear / Ridge,Fault_17,51,XMEAS_31,0.546164
Industrial (TEP),Linear / Ridge,Fault_17,52,XMEAS_6,0.542136
Industrial (TEP),Linear / Ridge,Fault_18,1,XMV_5,103.505459
Industrial (TEP),Linear / Ridge,Fault_18,2,XMV_2,96.839561
Industrial (TEP),Linear / Ridge,Fault_18,3,XMV_11,93.849133
Industrial (TEP),Linear / Ridge,Fault_18,4,XMEAS_20,79.250527
Industrial (TEP),Linear / Ridge,Fault_18,5,XMV_9,67.887586
Industrial (TEP),Linear / Ridge,Fault_18,6,XMEAS_22,44.526206
Industrial (TEP),Linear / Ridge,Fault_18,7,XMEAS_17,34.041390
Industrial (TEP),Linear / Ridge,Fault_18,8,XMV_6,33.703851
Industrial (TEP),Linear / Ridge,Fault_18,9,XMV_10,27.678521
Industrial (TEP),Linear / Ridge,Fault_18,10,XMV_1,24.522779
Industrial (TEP),Linear / Ridge,Fault_18,11,XMV_4,13.719916
Industrial (TEP),Linear / Ridge,Fault_18,12,XMEAS_7,12.896125
Industrial (TEP),Linear / Ridge,Fault_18,13,XMEAS_21,12.326919
Industrial (TEP),Linear / Ridge,Fault_18,14,XMEAS_33,11.231899
Industrial (TEP),Linear / Ridge,Fault_18,15,XMEAS_10,9.535280
Industrial (TEP),Linear / Ridge,Fault_18,16,XMEAS_38,9.212676
Industrial (TEP),Linear / Ridge,Fault_18,17,XMEAS_4,8.505225
Industrial (TEP),Linear / Ridge,Fault_18,18,XMEAS_9,8.300964
Industrial (TEP),Linear / Ridge,Fault_18,19,XMEAS_27,8.136321
Industrial (TEP),Linear / Ridge,Fault_18,20,XMEAS_35,7.855955
Industrial (TEP),Linear / Ridge,Fault_18,21,XMEAS_16,7.795732
Industrial (TEP),Linear / Ridge,Fault_18,22,XMEAS_28,7.077401
Industrial (TEP),Linear / Ridge,Fault_18,23,XMEAS_3,6.969342
Industrial (TEP),Linear / Ridge,Fault_18,24,XMEAS_30,6.653825
Industrial (TEP),Linear / Ridge,Fault_18,25,XMEAS_8,6.386305
Industrial (TEP),Linear / Ridge,Fault_18,26,XMEAS_1,6.302158
Industrial (TEP),Linear / Ridge,Fault_18,27,XMEAS_19,5.567462
Industrial (TEP),Linear / Ridge,Fault_18,28,XMEAS_6,5.448924
Industrial (TEP),Linear / Ridge,Fault_18,29,XMEAS_29,4.404902
Industrial (TEP),Linear / Ridge,Fault_18,30,XMEAS_32,4.188186
Industrial (TEP),Linear / Ridge,Fault_18,31,XMEAS_23,4.118739
Industrial (TEP),Linear / Ridge,Fault_18,32,XMEAS_31,3.973273
Industrial (TEP),Linear / Ridge,Fault_18,33,XMEAS_25,3.936337
Industrial (TEP),Linear / Ridge,Fault_18,34,XMEAS_26,3.698032
Industrial (TEP),Linear / Ridge,Fault_18,35,XMEAS_11,3.489363
Industrial (TEP),Linear / Ridge,Fault_18,36,XMEAS_18,3.354282
Industrial (TEP),Linear / Ridge,Fault_18,37,XMEAS_13,3.337823
Industrial (TEP),Linear / Ridge,Fault_18,38,XMEAS_34,3.124304
Industrial (TEP),Linear / Ridge,Fault_18,39,XMV_3,3.070528
Industrial (TEP),Linear / Ridge,Fault_18,40,XMEAS_2,2.690935
Industrial (TEP),Linear / Ridge,Fault_18,41,XMEAS_24,2.237138
Industrial (TEP),Linear / Ridge,Fault_18,42,XMEAS_36,1.774569
Industrial (TEP),Linear / Ridge,Fault_18,43,XMEAS_39,1.716699
Industrial (TEP),Linear / Ridge,Fault_18,44,XMEAS_37,1.404366
Industrial (TEP),Linear / Ridge,Fault_18,45,XMEAS_14,1.395164
Industrial (TEP),Linear / Ridge,Fault_18,46,XMEAS_41,1.302888
Industrial (TEP),Linear / Ridge,Fault_18,47,XMEAS_5,1.296623
Industrial (TEP),Linear / Ridge,Fault_18,48,XMV_7,1.081800
Industrial (TEP),Linear / Ridge,Fault_18,49,XMEAS_15,1.081769
Industrial (TEP),Linear / Ridge,Fault_18,50,XMEAS_12,1.081626
Industrial (TEP),Linear / Ridge,Fault_18,51,XMV_8,1.080028
Industrial (TEP),Linear / Ridge,Fault_18,52,XMEAS_40,0.444711
Industrial (TEP),Linear / Ridge,Fault_19,1,XMEAS_20,5.963504
Industrial (TEP),Linear / Ridge,Fault_19,2,XMEAS_16,4.054626
Industrial (TEP),Linear / Ridge,Fault_19,3,XMV_9,3.787076
Industrial (TEP),Linear / Ridge,Fault_19,4,XMV_5,2.756430
Industrial (TEP),Linear / Ridge,Fault_19,5,XMEAS_27,2.136753
Industrial (TEP),Linear / Ridge,Fault_19,6,XMEAS_29,2.126511
Industrial (TEP),Linear / Ridge,Fault_19,7,XMEAS_30,1.983412
Industrial (TEP),Linear / Ridge,Fault_19,8,XMEAS_13,1.866954
Industrial (TEP),Linear / Ridge,Fault_19,9,XMEAS_21,1.806987
Industrial (TEP),Linear / Ridge,Fault_19,10,XMEAS_19,1.754520
Industrial (TEP),Linear / Ridge,Fault_19,11,XMEAS_1,1.744221
Industrial (TEP),Linear / Ridge,Fault_19,12,XMV_1,1.688162
Industrial (TEP),Linear / Ridge,Fault_19,13,XMEAS_18,1.608860
Industrial (TEP),Linear / Ridge,Fault_19,14,XMV_6,1.518660
Industrial (TEP),Linear / Ridge,Fault_19,15,XMV_4,1.475095
Industrial (TEP),Linear / Ridge,Fault_19,16,XMEAS_3,1.465411
Industrial (TEP),Linear / Ridge,Fault_19,17,XMEAS_33,1.437101
Industrial (TEP),Linear / Ridge,Fault_19,18,XMEAS_37,1.367771
Industrial (TEP),Linear / Ridge,Fault_19,19,XMEAS_5,1.337913
Industrial (TEP),Linear / Ridge,Fault_19,20,XMEAS_10,1.301583
Industrial (TEP),Linear / Ridge,Fault_19,21,XMEAS_39,1.268572
Industrial (TEP),Linear / Ridge,Fault_19,22,XMV_3,1.249522
Industrial (TEP),Linear / Ridge,Fault_19,23,XMEAS_8,1.239051
Industrial (TEP),Linear / Ridge,Fault_19,24,XMEAS_34,1.216651
Industrial (TEP),Linear / Ridge,Fault_19,25,XMV_11,1.184810
Industrial (TEP),Linear / Ridge,Fault_19,26,XMEAS_25,1.149049
Industrial (TEP),Linear / Ridge,Fault_19,27,XMEAS_23,1.131274
Industrial (TEP),Linear / Ridge,Fault_19,28,XMEAS_17,1.096169
Industrial (TEP),Linear / Ridge,Fault_19,29,XMEAS_12,1.086243
Industrial (TEP),Linear / Ridge,Fault_19,30,XMV_7,1.084783
Industrial (TEP),Linear / Ridge,Fault_19,31,XMV_8,1.076550
Industrial (TEP),Linear / Ridge,Fault_19,32,XMEAS_15,1.076429
Industrial (TEP),Linear / Ridge,Fault_19,33,XMV_10,0.947358
Industrial (TEP),Linear / Ridge,Fault_19,34,XMEAS_24,0.934812
Industrial (TEP),Linear / Ridge,Fault_19,35,XMEAS_41,0.893459
Industrial (TEP),Linear / Ridge,Fault_19,36,XMEAS_4,0.891694
Industrial (TEP),Linear / Ridge,Fault_19,37,XMEAS_36,0.880554
Industrial (TEP),Linear / Ridge,Fault_19,38,XMEAS_28,0.864710
Industrial (TEP),Linear / Ridge,Fault_19,39,XMV_2,0.861518
Industrial (TEP),Linear / Ridge,Fault_19,40,XMEAS_22,0.816992
Industrial (TEP),Linear / Ridge,Fault_19,41,XMEAS_11,0.813995
Industrial (TEP),Linear / Ridge,Fault_19,42,XMEAS_35,0.773134
Industrial (TEP),Linear / Ridge,Fault_19,43,XMEAS_32,0.761624
Industrial (TEP),Linear / Ridge,Fault_19,44,XMEAS_14,0.739486
Industrial (TEP),Linear / Ridge,Fault_19,45,XMEAS_38,0.703700
Industrial (TEP),Linear / Ridge,Fault_19,46,XMEAS_9,0.692924
Industrial (TEP),Linear / Ridge,Fault_19,47,XMEAS_26,0.687061
Industrial (TEP),Linear / Ridge,Fault_19,48,XMEAS_31,0.647129
Industrial (TEP),Linear / Ridge,Fault_19,49,XMEAS_2,0.613352
Industrial (TEP),Linear / Ridge,Fault_19,50,XMEAS_6,0.540942
Industrial (TEP),Linear / Ridge,Fault_19,51,XMEAS_7,0.507408
Industrial (TEP),Linear / Ridge,Fault_19,52,XMEAS_40,0.464257
Industrial (TEP),Linear / Ridge,Fault_20,1,XMEAS_13,72.005263
Industrial (TEP),Linear / Ridge,Fault_20,2,XMV_5,42.070350
Industrial (TEP),Linear / Ridge,Fault_20,3,XMV_9,5.573523
Industrial (TEP),Linear / Ridge,Fault_20,4,XMEAS_20,4.809839
Industrial (TEP),Linear / Ridge,Fault_20,5,XMEAS_27,3.931013
Industrial (TEP),Linear / Ridge,Fault_20,6,XMV_11,3.625053
Industrial (TEP),Linear / Ridge,Fault_20,7,XMEAS_17,3.488821
Industrial (TEP),Linear / Ridge,Fault_20,8,XMEAS_11,2.834909
Industrial (TEP),Linear / Ridge,Fault_20,9,XMEAS_22,2.575030
Industrial (TEP),Linear / Ridge,Fault_20,10,XMEAS_16,2.495796
Industrial (TEP),Linear / Ridge,Fault_20,11,XMV_6,2.189257
Industrial (TEP),Linear / Ridge,Fault_20,12,XMEAS_9,2.024854
Industrial (TEP),Linear / Ridge,Fault_20,13,XMEAS_30,1.996852
Industrial (TEP),Linear / Ridge,Fault_20,14,XMEAS_18,1.884384
Industrial (TEP),Linear / Ridge,Fault_20,15,XMEAS_3,1.881317
Industrial (TEP),Linear / Ridge,Fault_20,16,XMV_1,1.771874
Industrial (TEP),Linear / Ridge,Fault_20,17,XMEAS_37,1.637490
Industrial (TEP),Linear / Ridge,Fault_20,18,XMEAS_39,1.570399
Industrial (TEP),Linear / Ridge,Fault_20,19,XMEAS_10,1.551876
Industrial (TEP),Linear / Ridge,Fault_20,20,XMEAS_1,1.489152
Industrial (TEP),Linear / Ridge,Fault_20,21,XMV_4,1.469034
Industrial (TEP),Linear / Ridge,Fault_20,22,XMEAS_29,1.293761
Industrial (TEP),Linear / Ridge,Fault_20,23,XMEAS_33,1.293618
Industrial (TEP),Linear / Ridge,Fault_20,24,XMV_3,1.195526
Industrial (TEP),Linear / Ridge,Fault_20,25,XMEAS_14,1.119149
Industrial (TEP),Linear / Ridge,Fault_20,26,XMEAS_23,1.114114
Industrial (TEP),Linear / Ridge,Fault_20,27,XMEAS_19,1.113251
Industrial (TEP),Linear / Ridge,Fault_20,28,XMV_7,1.085174
Industrial (TEP),Linear / Ridge,Fault_20,29,XMEAS_12,1.084571
Industrial (TEP),Linear / Ridge,Fault_20,30,XMEAS_25,1.082271
Industrial (TEP),Linear / Ridge,Fault_20,31,XMEAS_15,1.077668
Industrial (TEP),Linear / Ridge,Fault_20,32,XMV_8,1.077534
Industrial (TEP),Linear / Ridge,Fault_20,33,XMV_10,1.008791
Industrial (TEP),Linear / Ridge,Fault_20,34,XMEAS_24,0.998801
Industrial (TEP),Linear / Ridge,Fault_20,35,XMEAS_21,0.993289
Industrial (TEP),Linear / Ridge,Fault_20,36,XMEAS_5,0.921478
Industrial (TEP),Linear / Ridge,Fault_20,37,XMEAS_35,0.891369
Industrial (TEP),Linear / Ridge,Fault_20,38,XMEAS_4,0.843171
Industrial (TEP),Linear / Ridge,Fault_20,39,XMEAS_6,0.801411
Industrial (TEP),Linear / Ridge,Fault_20,40,XMV_2,0.795573
Industrial (TEP),Linear / Ridge,Fault_20,41,XMEAS_36,0.775637
Industrial (TEP),Linear / Ridge,Fault_20,42,XMEAS_28,0.764526
Industrial (TEP),Linear / Ridge,Fault_20,43,XMEAS_8,0.744775
Industrial (TEP),Linear / Ridge,Fault_20,44,XMEAS_26,0.734492
Industrial (TEP),Linear / Ridge,Fault_20,45,XMEAS_38,0.720613
Industrial (TEP),Linear / Ridge,Fault_20,46,XMEAS_41,0.677225
Industrial (TEP),Linear / Ridge,Fault_20,47,XMEAS_40,0.656559
Industrial (TEP),Linear / Ridge,Fault_20,48,XMEAS_34,0.650116
Industrial (TEP),Linear / Ridge,Fault_20,49,XMEAS_32,0.627616
Industrial (TEP),Linear / Ridge,Fault_20,50,XMEAS_2,0.526550
Industrial (TEP),Linear / Ridge,Fault_20,51,XMEAS_7,0.522622
Industrial (TEP),Linear / Ridge,Fault_20,52,XMEAS_31,0.394744
Industrial (TEP),Polynomial degree 3,Fault_1,1,XMEAS_1,25.402578
Industrial (TEP),Polynomial degree 3,Fault_1,2,XMEAS_20,24.224253
Industrial (TEP),Polynomial degree 3,Fault_1,3,XMEAS_4,14.864113
Industrial (TEP),Polynomial degree 3,Fault_1,4,XMEAS_7,8.839405
Industrial (TEP),Polynomial degree 3,Fault_1,5,XMEAS_18,6.354430
Industrial (TEP),Polynomial degree 3,Fault_1,6,XMEAS_19,5.024334
Industrial (TEP),Polynomial degree 3,Fault_1,7,XMV_9,4.830280
Industrial (TEP),Polynomial degree 3,Fault_1,8,XMEAS_29,4.126941
Industrial (TEP),Polynomial degree 3,Fault_1,9,XMV_5,3.728410
Industrial (TEP),Polynomial degree 3,Fault_1,10,XMEAS_8,3.690060
Industrial (TEP),Polynomial degree 3,Fault_1,11,XMEAS_25,3.673974
Industrial (TEP),Polynomial degree 3,Fault_1,12,XMEAS_27,3.660174
Industrial (TEP),Polynomial degree 3,Fault_1,13,XMEAS_16,3.012188
Industrial (TEP),Polynomial degree 3,Fault_1,14,XMEAS_30,2.558349
Industrial (TEP),Polynomial degree 3,Fault_1,15,XMEAS_22,2.212480
Industrial (TEP),Polynomial degree 3,Fault_1,16,XMEAS_9,2.185194
Industrial (TEP),Polynomial degree 3,Fault_1,17,XMEAS_28,2.178100
Industrial (TEP),Polynomial degree 3,Fault_1,18,XMV_4,1.979933
Industrial (TEP),Polynomial degree 3,Fault_1,19,XMEAS_38,1.961772
Industrial (TEP),Polynomial degree 3,Fault_1,20,XMV_2,1.916794
Industrial (TEP),Polynomial degree 3,Fault_1,21,XMV_10,1.913580
Industrial (TEP),Polynomial degree 3,Fault_1,22,XMEAS_35,1.906368
Industrial (TEP),Polynomial degree 3,Fault_1,23,XMV_11,1.684590
Industrial (TEP),Polynomial degree 3,Fault_1,24,XMEAS_33,1.646272
Industrial (TEP),Polynomial degree 3,Fault_1,25,XMEAS_13,1.582782
Industrial (TEP),Polynomial degree 3,Fault_1,26,XMEAS_11,1.495324
Industrial (TEP),Polynomial degree 3,Fault_1,27,XMEAS_24,1.404110
Industrial (TEP),Polynomial degree 3,Fault_1,28,XMEAS_6,1.332416
Industrial (TEP),Polynomial degree 3,Fault_1,29,XMEAS_34,1.321959
Industrial (TEP),Polynomial degree 3,Fault_1,30,XMEAS_17,1.321313
Industrial (TEP),Polynomial degree 3,Fault_1,31,XMEAS_23,1.310265
Industrial (TEP),Polynomial degree 3,Fault_1,32,XMEAS_31,1.303030
Industrial (TEP),Polynomial degree 3,Fault_1,33,XMV_3,1.268718
Industrial (TEP),Polynomial degree 3,Fault_1,34,XMEAS_12,1.266842
Industrial (TEP),Polynomial degree 3,Fault_1,35,XMV_7,1.266116
Industrial (TEP),Polynomial degree 3,Fault_1,36,XMEAS_36,1.213539
Industrial (TEP),Polynomial degree 3,Fault_1,37,XMEAS_3,1.196562
Industrial (TEP),Polynomial degree 3,Fault_1,38,XMEAS_39,1.188951
Industrial (TEP),Polynomial degree 3,Fault_1,39,XMV_8,1.170646
Industrial (TEP),Polynomial degree 3,Fault_1,40,XMEAS_15,1.169703
Industrial (TEP),Polynomial degree 3,Fault_1,41,XMV_6,1.103792
Industrial (TEP),Polynomial degree 3,Fault_1,42,XMEAS_10,1.091626
Industrial (TEP),Polynomial degree 3,Fault_1,43,XMV_1,1.058016
Industrial (TEP),Polynomial degree 3,Fault_1,44,XMEAS_37,1.054091
Industrial (TEP),Polynomial degree 3,Fault_1,45,XMEAS_21,1.043120
Industrial (TEP),Polynomial degree 3,Fault_1,46,XMEAS_2,0.902514
Industrial (TEP),Polynomial degree 3,Fault_1,47,XMEAS_32,0.897644
Industrial (TEP),Polynomial degree 3,Fault_1,48,XMEAS_14,0.877084
Industrial (TEP),Polynomial degree 3,Fault_1,49,XMEAS_26,0.837574
Industrial (TEP),Polynomial degree 3,Fault_1,50,XMEAS_41,0.824220
Industrial (TEP),Polynomial degree 3,Fault_1,51,XMEAS_5,0.794078
Industrial (TEP),Polynomial degree 3,Fault_1,52,XMEAS_40,0.779480
Industrial (TEP),Polynomial degree 3,Fault_2,1,XMEAS_10,15.217435
Industrial (TEP),Polynomial degree 3,Fault_2,2,XMEAS_22,9.837595
Industrial (TEP),Polynomial degree 3,Fault_2,3,XMEAS_30,8.959693
Industrial (TEP),Polynomial degree 3,Fault_2,4,XMV_11,8.500637
Industrial (TEP),Polynomial degree 3,Fault_2,5,XMEAS_17,6.926976
Industrial (TEP),Polynomial degree 3,Fault_2,6,XMEAS_11,6.789366
Industrial (TEP),Polynomial degree 3,Fault_2,7,XMEAS_4,6.013167
Industrial (TEP),Polynomial degree 3,Fault_2,8,XMEAS_18,5.976173
Industrial (TEP),Polynomial degree 3,Fault_2,9,XMEAS_20,5.473302
Industrial (TEP),Polynomial degree 3,Fault_2,10,XMV_9,3.418715
Industrial (TEP),Polynomial degree 3,Fault_2,11,XMEAS_34,3.351722
Industrial (TEP),Polynomial degree 3,Fault_2,12,XMEAS_24,3.209103
Industrial (TEP),Polynomial degree 3,Fault_2,13,XMEAS_39,3.106977
Industrial (TEP),Polynomial degree 3,Fault_2,14,XMEAS_7,2.823934
Industrial (TEP),Polynomial degree 3,Fault_2,15,XMEAS_28,2.690428
Industrial (TEP),Polynomial degree 3,Fault_2,16,XMEAS_21,2.690024
Industrial (TEP),Polynomial degree 3,Fault_2,17,XMV_2,2.344897
Industrial (TEP),Polynomial degree 3,Fault_2,18,XMEAS_27,2.318564
Industrial (TEP),Polynomial degree 3,Fault_2,19,XMEAS_8,2.293536
Industrial (TEP),Polynomial degree 3,Fault_2,20,XMV_5,2.100738
Industrial (TEP),Polynomial degree 3,Fault_2,21,XMEAS_35,2.032896
Industrial (TEP),Polynomial degree 3,Fault_2,22,XMEAS_3,2.000390
Industrial (TEP),Polynomial degree 3,Fault_2,23,XMEAS_19,1.671470
Industrial (TEP),Polynomial degree 3,Fault_2,24,XMEAS_31,1.651844
Industrial (TEP),Polynomial degree 3,Fault_2,25,XMV_4,1.637501
Industrial (TEP),Polynomial degree 3,Fault_2,26,XMEAS_33,1.608190
Industrial (TEP),Polynomial degree 3,Fault_2,27,XMEAS_1,1.534454
Industrial (TEP),Polynomial degree 3,Fault_2,28,XMEAS_25,1.498845
Industrial (TEP),Polynomial degree 3,Fault_2,29,XMEAS_26,1.452640
Industrial (TEP),Polynomial degree 3,Fault_2,30,XMEAS_13,1.401343
Industrial (TEP),Polynomial degree 3,Fault_2,31,XMV_3,1.275004
Industrial (TEP),Polynomial degree 3,Fault_2,32,XMEAS_12,1.272316
Industrial (TEP),Polynomial degree 3,Fault_2,33,XMV_7,1.271657
Industrial (TEP),Polynomial degree 3,Fault_2,34,XMEAS_23,1.218777
Industrial (TEP),Polynomial degree 3,Fault_2,35,XMEAS_14,1.217444
Industrial (TEP),Polynomial degree 3,Fault_2,36,XMEAS_29,1.208239
Industrial (TEP),Polynomial degree 3,Fault_2,37,XMEAS_38,1.199951
Industrial (TEP),Polynomial degree 3,Fault_2,38,XMEAS_37,1.174264
Industrial (TEP),Polynomial degree 3,Fault_2,39,XMV_6,1.164296
Industrial (TEP),Polynomial degree 3,Fault_2,40,XMV_8,1.150397
Industrial (TEP),Polynomial degree 3,Fault_2,41,XMEAS_15,1.148911
Industrial (TEP),Polynomial degree 3,Fault_2,42,XMEAS_2,1.114387
Industrial (TEP),Polynomial degree 3,Fault_2,43,XMV_10,1.114164
Industrial (TEP),Polynomial degree 3,Fault_2,44,XMV_1,1.104090
Industrial (TEP),Polynomial degree 3,Fault_2,45,XMEAS_6,0.979804
Industrial (TEP),Polynomial degree 3,Fault_2,46,XMEAS_36,0.979172
Industrial (TEP),Polynomial degree 3,Fault_2,47,XMEAS_41,0.962132
Industrial (TEP),Polynomial degree 3,Fault_2,48,XMEAS_9,0.935025
Industrial (TEP),Polynomial degree 3,Fault_2,49,XMEAS_32,0.852949
Industrial (TEP),Polynomial degree 3,Fault_2,50,XMEAS_16,0.851030
Industrial (TEP),Polynomial degree 3,Fault_2,51,XMEAS_40,0.789614
Industrial (TEP),Polynomial degree 3,Fault_2,52,XMEAS_5,0.742921
Industrial (TEP),Polynomial degree 3,Fault_3,1,XMEAS_20,6.214300
Industrial (TEP),Polynomial degree 3,Fault_3,2,XMEAS_27,2.857608
Industrial (TEP),Polynomial degree 3,Fault_3,3,XMV_9,2.707842
Industrial (TEP),Polynomial degree 3,Fault_3,4,XMEAS_18,2.664873
Industrial (TEP),Polynomial degree 3,Fault_3,5,XMEAS_1,2.102777
Industrial (TEP),Polynomial degree 3,Fault_3,6,XMV_5,2.040319
Industrial (TEP),Polynomial degree 3,Fault_3,7,XMEAS_29,2.001820
Industrial (TEP),Polynomial degree 3,Fault_3,8,XMEAS_19,1.944635
Industrial (TEP),Polynomial degree 3,Fault_3,9,XMEAS_30,1.839943
Industrial (TEP),Polynomial degree 3,Fault_3,10,XMEAS_8,1.756230
Industrial (TEP),Polynomial degree 3,Fault_3,11,XMEAS_4,1.716068
Industrial (TEP),Polynomial degree 3,Fault_3,12,XMEAS_33,1.578613
Industrial (TEP),Polynomial degree 3,Fault_3,13,XMV_10,1.492468
Industrial (TEP),Polynomial degree 3,Fault_3,14,XMEAS_25,1.411590
Industrial (TEP),Polynomial degree 3,Fault_3,15,XMEAS_7,1.326545
Industrial (TEP),Polynomial degree 3,Fault_3,16,XMEAS_13,1.326481
Industrial (TEP),Polynomial degree 3,Fault_3,17,XMEAS_9,1.316771
Industrial (TEP),Polynomial degree 3,Fault_3,18,XMEAS_21,1.316265
Industrial (TEP),Polynomial degree 3,Fault_3,19,XMEAS_24,1.309470
Industrial (TEP),Polynomial degree 3,Fault_3,20,XMEAS_3,1.299898
Industrial (TEP),Polynomial degree 3,Fault_3,21,XMEAS_10,1.299293
Industrial (TEP),Polynomial degree 3,Fault_3,22,XMEAS_23,1.294715
Industrial (TEP),Polynomial degree 3,Fault_3,23,XMEAS_39,1.293973
Industrial (TEP),Polynomial degree 3,Fault_3,24,XMEAS_12,1.277260
Industrial (TEP),Polynomial degree 3,Fault_3,25,XMV_7,1.276848
Industrial (TEP),Polynomial degree 3,Fault_3,26,XMEAS_14,1.260793
Industrial (TEP),Polynomial degree 3,Fault_3,27,XMV_6,1.248638
Industrial (TEP),Polynomial degree 3,Fault_3,28,XMV_2,1.229471
Industrial (TEP),Polynomial degree 3,Fault_3,29,XMEAS_17,1.221288
Industrial (TEP),Polynomial degree 3,Fault_3,30,XMV_3,1.197723
Industrial (TEP),Polynomial degree 3,Fault_3,31,XMEAS_37,1.196970
Industrial (TEP),Polynomial degree 3,Fault_3,32,XMEAS_16,1.193286
Industrial (TEP),Polynomial degree 3,Fault_3,33,XMV_11,1.186351
Industrial (TEP),Polynomial degree 3,Fault_3,34,XMEAS_6,1.186173
Industrial (TEP),Polynomial degree 3,Fault_3,35,XMEAS_34,1.165333
Industrial (TEP),Polynomial degree 3,Fault_3,36,XMEAS_36,1.154718
Industrial (TEP),Polynomial degree 3,Fault_3,37,XMV_8,1.152772
Industrial (TEP),Polynomial degree 3,Fault_3,38,XMEAS_15,1.151034
Industrial (TEP),Polynomial degree 3,Fault_3,39,XMEAS_31,1.137002
Industrial (TEP),Polynomial degree 3,Fault_3,40,XMEAS_28,1.134185
Industrial (TEP),Polynomial degree 3,Fault_3,41,XMV_4,1.117025
Industrial (TEP),Polynomial degree 3,Fault_3,42,XMEAS_40,1.107766
Industrial (TEP),Polynomial degree 3,Fault_3,43,XMV_1,1.099367
Industrial (TEP),Polynomial degree 3,Fault_3,44,XMEAS_22,1.096002
Industrial (TEP),Polynomial degree 3,Fault_3,45,XMEAS_26,1.066550
Industrial (TEP),Polynomial degree 3,Fault_3,46,XMEAS_35,1.052839
Industrial (TEP),Polynomial degree 3,Fault_3,47,XMEAS_41,1.041629
Industrial (TEP),Polynomial degree 3,Fault_3,48,XMEAS_2,1.023001
Industrial (TEP),Polynomial degree 3,Fault_3,49,XMEAS_11,0.976448
Industrial (TEP),Polynomial degree 3,Fault_3,50,XMEAS_32,0.972829
Industrial (TEP),Polynomial degree 3,Fault_3,51,XMEAS_38,0.931406
Industrial (TEP),Polynomial degree 3,Fault_3,52,XMEAS_5,0.858887
Industrial (TEP),Polynomial degree 3,Fault_4,1,XMV_10,23.439428
Industrial (TEP),Polynomial degree 3,Fault_4,2,XMEAS_20,6.255405
Industrial (TEP),Polynomial degree 3,Fault_4,3,XMEAS_27,2.923802
Industrial (TEP),Polynomial degree 3,Fault_4,4,XMV_9,2.778563
Industrial (TEP),Polynomial degree 3,Fault_4,5,XMEAS_18,2.607297
Industrial (TEP),Polynomial degree 3,Fault_4,6,XMV_5,2.072803
Industrial (TEP),Polynomial degree 3,Fault_4,7,XMEAS_1,2.052230
Industrial (TEP),Polynomial degree 3,Fault_4,8,XMEAS_29,2.027002
Industrial (TEP),Polynomial degree 3,Fault_4,9,XMEAS_19,1.933022
Industrial (TEP),Polynomial degree 3,Fault_4,10,XMEAS_30,1.827244
Industrial (TEP),Polynomial degree 3,Fault_4,11,XMEAS_8,1.755955
Industrial (TEP),Polynomial degree 3,Fault_4,12,XMEAS_4,1.706760
Industrial (TEP),Polynomial degree 3,Fault_4,13,XMEAS_33,1.610679
Industrial (TEP),Polynomial degree 3,Fault_4,14,XMEAS_25,1.410138
Industrial (TEP),Polynomial degree 3,Fault_4,15,XMEAS_13,1.341751
Industrial (TEP),Polynomial degree 3,Fault_4,16,XMEAS_10,1.332956
Industrial (TEP),Polynomial degree 3,Fault_4,17,XMEAS_24,1.317325
Industrial (TEP),Polynomial degree 3,Fault_4,18,XMEAS_9,1.308145
Industrial (TEP),Polynomial degree 3,Fault_4,19,XMEAS_23,1.300229
Industrial (TEP),Polynomial degree 3,Fault_4,20,XMEAS_39,1.297624
Industrial (TEP),Polynomial degree 3,Fault_4,21,XMEAS_3,1.290194
Industrial (TEP),Polynomial degree 3,Fault_4,22,XMEAS_12,1.277640
Industrial (TEP),Polynomial degree 3,Fault_4,23,XMV_7,1.277132
Industrial (TEP),Polynomial degree 3,Fault_4,24,XMV_6,1.249664
Industrial (TEP),Polynomial degree 3,Fault_4,25,XMV_2,1.245542
Industrial (TEP),Polynomial degree 3,Fault_4,26,XMEAS_7,1.244623
Industrial (TEP),Polynomial degree 3,Fault_4,27,XMEAS_14,1.236150
Industrial (TEP),Polynomial degree 3,Fault_4,28,XMEAS_17,1.218210
Industrial (TEP),Polynomial degree 3,Fault_4,29,XMV_3,1.201243
Industrial (TEP),Polynomial degree 3,Fault_4,30,XMEAS_6,1.199470
Industrial (TEP),Polynomial degree 3,Fault_4,31,XMEAS_37,1.193479
Industrial (TEP),Polynomial degree 3,Fault_4,32,XMV_11,1.190271
Industrial (TEP),Polynomial degree 3,Fault_4,33,XMEAS_16,1.185574
Industrial (TEP),Polynomial degree 3,Fault_4,34,XMEAS_34,1.160892
Industrial (TEP),Polynomial degree 3,Fault_4,35,XMV_8,1.152401
Industrial (TEP),Polynomial degree 3,Fault_4,36,XMEAS_15,1.151689
Industrial (TEP),Polynomial degree 3,Fault_4,37,XMEAS_31,1.150014
Industrial (TEP),Polynomial degree 3,Fault_4,38,XMEAS_36,1.148716
Industrial (TEP),Polynomial degree 3,Fault_4,39,XMEAS_28,1.147817
Industrial (TEP),Polynomial degree 3,Fault_4,40,XMV_4,1.109742
Industrial (TEP),Polynomial degree 3,Fault_4,41,XMEAS_22,1.109737
Industrial (TEP),Polynomial degree 3,Fault_4,42,XMV_1,1.102431
Industrial (TEP),Polynomial degree 3,Fault_4,43,XMEAS_40,1.102099
Industrial (TEP),Polynomial degree 3,Fault_4,44,XMEAS_35,1.065566
Industrial (TEP),Polynomial degree 3,Fault_4,45,XMEAS_41,1.045212
Industrial (TEP),Polynomial degree 3,Fault_4,46,XMEAS_2,1.033312
Industrial (TEP),Polynomial degree 3,Fault_4,47,XMEAS_11,0.987593
Industrial (TEP),Polynomial degree 3,Fault_4,48,XMEAS_21,0.985770
Industrial (TEP),Polynomial degree 3,Fault_4,49,XMEAS_32,0.975222
Industrial (TEP),Polynomial degree 3,Fault_4,50,XMEAS_38,0.970149
Industrial (TEP),Polynomial degree 3,Fault_4,51,XMEAS_26,0.965850
Industrial (TEP),Polynomial degree 3,Fault_4,52,XMEAS_5,0.859799
Industrial (TEP),Polynomial degree 3,Fault_5,1,XMEAS_20,24.511542
Industrial (TEP),Polynomial degree 3,Fault_5,2,XMV_11,21.618773
Industrial (TEP),Polynomial degree 3,Fault_5,3,XMEAS_17,13.445561
Industrial (TEP),Polynomial degree 3,Fault_5,4,XMV_9,4.227079
Industrial (TEP),Polynomial degree 3,Fault_5,5,XMEAS_4,3.699904
Industrial (TEP),Polynomial degree 3,Fault_5,6,XMEAS_19,3.680372
Industrial (TEP),Polynomial degree 3,Fault_5,7,XMEAS_18,3.292500
Industrial (TEP),Polynomial degree 3,Fault_5,8,XMEAS_7,2.858496
Industrial (TEP),Polynomial degree 3,Fault_5,9,XMEAS_1,2.795794
Industrial (TEP),Polynomial degree 3,Fault_5,10,XMEAS_27,2.603282
Industrial (TEP),Polynomial degree 3,Fault_5,11,XMV_5,2.581796
Industrial (TEP),Polynomial degree 3,Fault_5,12,XMEAS_30,2.363451
Industrial (TEP),Polynomial degree 3,Fault_5,13,XMEAS_25,2.160004
Industrial (TEP),Polynomial degree 3,Fault_5,14,XMEAS_38,2.105846
Industrial (TEP),Polynomial degree 3,Fault_5,15,XMEAS_35,1.978374
Industrial (TEP),Polynomial degree 3,Fault_5,16,XMEAS_22,1.893431
Industrial (TEP),Polynomial degree 3,Fault_5,17,XMV_4,1.832293
Industrial (TEP),Polynomial degree 3,Fault_5,18,XMEAS_21,1.808861
Industrial (TEP),Polynomial degree 3,Fault_5,19,XMEAS_23,1.797950
Industrial (TEP),Polynomial degree 3,Fault_5,20,XMEAS_8,1.724919
Industrial (TEP),Polynomial degree 3,Fault_5,21,XMV_2,1.720564
Industrial (TEP),Polynomial degree 3,Fault_5,22,XMEAS_13,1.592304
Industrial (TEP),Polynomial degree 3,Fault_5,23,XMEAS_9,1.580108
Industrial (TEP),Polynomial degree 3,Fault_5,24,XMEAS_11,1.576655
Industrial (TEP),Polynomial degree 3,Fault_5,25,XMEAS_31,1.566479
Industrial (TEP),Polynomial degree 3,Fault_5,26,XMV_10,1.561999
Industrial (TEP),Polynomial degree 3,Fault_5,27,XMEAS_33,1.533185
Industrial (TEP),Polynomial degree 3,Fault_5,28,XMEAS_16,1.500617
Industrial (TEP),Polynomial degree 3,Fault_5,29,XMEAS_29,1.360070
Industrial (TEP),Polynomial degree 3,Fault_5,30,XMEAS_10,1.345846
Industrial (TEP),Polynomial degree 3,Fault_5,31,XMEAS_24,1.303161
Industrial (TEP),Polynomial degree 3,Fault_5,32,XMEAS_34,1.302049
Industrial (TEP),Polynomial degree 3,Fault_5,33,XMV_3,1.290592
Industrial (TEP),Polynomial degree 3,Fault_5,34,XMEAS_12,1.283500
Industrial (TEP),Polynomial degree 3,Fault_5,35,XMV_7,1.282882
Industrial (TEP),Polynomial degree 3,Fault_5,36,XMEAS_3,1.255239
Industrial (TEP),Polynomial degree 3,Fault_5,37,XMEAS_28,1.254037
Industrial (TEP),Polynomial degree 3,Fault_5,38,XMEAS_36,1.197951
Industrial (TEP),Polynomial degree 3,Fault_5,39,XMV_8,1.146302
Industrial (TEP),Polynomial degree 3,Fault_5,40,XMEAS_15,1.145009
Industrial (TEP),Polynomial degree 3,Fault_5,41,XMEAS_39,1.092189
Industrial (TEP),Polynomial degree 3,Fault_5,42,XMV_1,1.030387
Industrial (TEP),Polynomial degree 3,Fault_5,43,XMEAS_6,1.012556
Industrial (TEP),Polynomial degree 3,Fault_5,44,XMEAS_2,0.986746
Industrial (TEP),Polynomial degree 3,Fault_5,45,XMEAS_26,0.984470
Industrial (TEP),Polynomial degree 3,Fault_5,46,XMEAS_37,0.984332
Industrial (TEP),Polynomial degree 3,Fault_5,47,XMV_6,0.910816
Industrial (TEP),Polynomial degree 3,Fault_5,48,XMEAS_14,0.903459
Industrial (TEP),Polynomial degree 3,Fault_5,49,XMEAS_40,0.884244
Industrial (TEP),Polynomial degree 3,Fault_5,50,XMEAS_41,0.860181
Industrial (TEP),Polynomial degree 3,Fault_5,51,XMEAS_32,0.755033
Industrial (TEP),Polynomial degree 3,Fault_5,52,XMEAS_5,0.718389
Industrial (TEP),Polynomial degree 3,Fault_6,1,XMV_11,175.191037
Industrial (TEP),Polynomial degree 3,Fault_6,2,XMEAS_7,40.346560
Industrial (TEP),Polynomial degree 3,Fault_6,3,XMEAS_20,14.356215
Industrial (TEP),Polynomial degree 3,Fault_6,4,XMV_10,11.394858
Industrial (TEP),Polynomial degree 3,Fault_6,5,XMEAS_17,8.423596
Industrial (TEP),Polynomial degree 3,Fault_6,6,XMV_5,7.856518
Industrial (TEP),Polynomial degree 3,Fault_6,7,XMV_2,7.384127
Industrial (TEP),Polynomial degree 3,Fault_6,8,XMEAS_29,6.345374
Industrial (TEP),Polynomial degree 3,Fault_6,9,XMEAS_1,4.985576
Industrial (TEP),Polynomial degree 3,Fault_6,10,XMEAS_16,4.704912
Industrial (TEP),Polynomial degree 3,Fault_6,11,XMV_3,4.688717
Industrial (TEP),Polynomial degree 3,Fault_6,12,XMEAS_25,4.672645
Industrial (TEP),Polynomial degree 3,Fault_6,13,XMV_9,4.357732
Industrial (TEP),Polynomial degree 3,Fault_6,14,XMV_4,3.923191
Industrial (TEP),Polynomial degree 3,Fault_6,15,XMV_6,3.853171
Industrial (TEP),Polynomial degree 3,Fault_6,16,XMEAS_4,3.639644
Industrial (TEP),Polynomial degree 3,Fault_6,17,XMEAS_30,2.811335
Industrial (TEP),Polynomial degree 3,Fault_6,18,XMEAS_19,2.500287
Industrial (TEP),Polynomial degree 3,Fault_6,19,XMEAS_27,2.474647
Industrial (TEP),Polynomial degree 3,Fault_6,20,XMEAS_8,2.429566
Industrial (TEP),Polynomial degree 3,Fault_6,21,XMEAS_18,2.394231
Industrial (TEP),Polynomial degree 3,Fault_6,22,XMEAS_28,2.256270
Industrial (TEP),Polynomial degree 3,Fault_6,23,XMEAS_11,1.987636
Industrial (TEP),Polynomial degree 3,Fault_6,24,XMEAS_22,1.796593
Industrial (TEP),Polynomial degree 3,Fault_6,25,XMEAS_21,1.652189
Industrial (TEP),Polynomial degree 3,Fault_6,26,XMEAS_13,1.498540
Industrial (TEP),Polynomial degree 3,Fault_6,27,XMEAS_10,1.450877
Industrial (TEP),Polynomial degree 3,Fault_6,28,XMEAS_3,1.399057
Industrial (TEP),Polynomial degree 3,Fault_6,29,XMEAS_39,1.390553
Industrial (TEP),Polynomial degree 3,Fault_6,30,XMEAS_23,1.368584
Industrial (TEP),Polynomial degree 3,Fault_6,31,XMEAS_24,1.345239
Industrial (TEP),Polynomial degree 3,Fault_6,32,XMEAS_33,1.300663
Industrial (TEP),Polynomial degree 3,Fault_6,33,XMEAS_14,1.243105
Industrial (TEP),Polynomial degree 3,Fault_6,34,XMEAS_6,1.234929
Industrial (TEP),Polynomial degree 3,Fault_6,35,XMEAS_35,1.210264
Industrial (TEP),Polynomial degree 3,Fault_6,36,XMEAS_34,1.206960
Industrial (TEP),Polynomial degree 3,Fault_6,37,XMEAS_12,1.198329
Industrial (TEP),Polynomial degree 3,Fault_6,38,XMV_7,1.197619
Industrial (TEP),Polynomial degree 3,Fault_6,39,XMEAS_9,1.155967
Industrial (TEP),Polynomial degree 3,Fault_6,40,XMEAS_37,1.124893
Industrial (TEP),Polynomial degree 3,Fault_6,41,XMV_8,1.082048
Industrial (TEP),Polynomial degree 3,Fault_6,42,XMEAS_15,1.080093
Industrial (TEP),Polynomial degree 3,Fault_6,43,XMV_1,1.028993
Industrial (TEP),Polynomial degree 3,Fault_6,44,XMEAS_38,1.013437
Industrial (TEP),Polynomial degree 3,Fault_6,45,XMEAS_2,1.013425
Industrial (TEP),Polynomial degree 3,Fault_6,46,XMEAS_32,0.998214
Industrial (TEP),Polynomial degree 3,Fault_6,47,XMEAS_26,0.983601
Industrial (TEP),Polynomial degree 3,Fault_6,48,XMEAS_36,0.906381
Industrial (TEP),Polynomial degree 3,Fault_6,49,XMEAS_31,0.803952
Industrial (TEP),Polynomial degree 3,Fault_6,50,XMEAS_40,0.742509
Industrial (TEP),Polynomial degree 3,Fault_6,51,XMEAS_41,0.733160
Industrial (TEP),Polynomial degree 3,Fault_6,52,XMEAS_5,0.637909
Industrial (TEP),Polynomial degree 3,Fault_7,1,XMEAS_20,35.655466
Industrial (TEP),Polynomial degree 3,Fault_7,2,XMV_4,21.282519
Industrial (TEP),Polynomial degree 3,Fault_7,3,XMEAS_7,6.863732
Industrial (TEP),Polynomial degree 3,Fault_7,4,XMEAS_18,5.196701
Industrial (TEP),Polynomial degree 3,Fault_7,5,XMEAS_4,4.586697
Industrial (TEP),Polynomial degree 3,Fault_7,6,XMV_9,4.559981
Industrial (TEP),Polynomial degree 3,Fault_7,7,XMV_5,3.913563
Industrial (TEP),Polynomial degree 3,Fault_7,8,XMEAS_19,3.851573
Industrial (TEP),Polynomial degree 3,Fault_7,9,XMEAS_1,3.605463
Industrial (TEP),Polynomial degree 3,Fault_7,10,XMEAS_27,2.951420
Industrial (TEP),Polynomial degree 3,Fault_7,11,XMEAS_21,2.621237
Industrial (TEP),Polynomial degree 3,Fault_7,12,XMEAS_38,2.583626
Industrial (TEP),Polynomial degree 3,Fault_7,13,XMEAS_16,2.553030
Industrial (TEP),Polynomial degree 3,Fault_7,14,XMEAS_25,2.487125
Industrial (TEP),Polynomial degree 3,Fault_7,15,XMEAS_30,2.374483
Industrial (TEP),Polynomial degree 3,Fault_7,16,XMEAS_23,2.259573
Industrial (TEP),Polynomial degree 3,Fault_7,17,XMEAS_33,2.250966
Industrial (TEP),Polynomial degree 3,Fault_7,18,XMV_10,2.192821
Industrial (TEP),Polynomial degree 3,Fault_7,19,XMEAS_22,2.143572
Industrial (TEP),Polynomial degree 3,Fault_7,20,XMEAS_29,2.111694
Industrial (TEP),Polynomial degree 3,Fault_7,21,XMEAS_35,1.968540
Industrial (TEP),Polynomial degree 3,Fault_7,22,XMEAS_9,1.921077
Industrial (TEP),Polynomial degree 3,Fault_7,23,XMEAS_31,1.869871
Industrial (TEP),Polynomial degree 3,Fault_7,24,XMEAS_8,1.810436
Industrial (TEP),Polynomial degree 3,Fault_7,25,XMV_2,1.783546
Industrial (TEP),Polynomial degree 3,Fault_7,26,XMEAS_13,1.577032
Industrial (TEP),Polynomial degree 3,Fault_7,27,XMEAS_24,1.513825
Industrial (TEP),Polynomial degree 3,Fault_7,28,XMEAS_10,1.510236
Industrial (TEP),Polynomial degree 3,Fault_7,29,XMEAS_28,1.391762
Industrial (TEP),Polynomial degree 3,Fault_7,30,XMV_3,1.299659
Industrial (TEP),Polynomial degree 3,Fault_7,31,XMEAS_34,1.298299
Industrial (TEP),Polynomial degree 3,Fault_7,32,XMEAS_12,1.294434
Industrial (TEP),Polynomial degree 3,Fault_7,33,XMV_7,1.293412
Industrial (TEP),Polynomial degree 3,Fault_7,34,XMEAS_17,1.224244
Industrial (TEP),Polynomial degree 3,Fault_7,35,XMV_1,1.198285
Industrial (TEP),Polynomial degree 3,Fault_7,36,XMEAS_39,1.184547
Industrial (TEP),Polynomial degree 3,Fault_7,37,XMV_8,1.168109
Industrial (TEP),Polynomial degree 3,Fault_7,38,XMEAS_15,1.166958
Industrial (TEP),Polynomial degree 3,Fault_7,39,XMEAS_36,1.166879
Industrial (TEP),Polynomial degree 3,Fault_7,40,XMEAS_6,1.120500
Industrial (TEP),Polynomial degree 3,Fault_7,41,XMEAS_11,1.102428
Industrial (TEP),Polynomial degree 3,Fault_7,42,XMEAS_3,1.093934
Industrial (TEP),Polynomial degree 3,Fault_7,43,XMEAS_37,1.067207
Industrial (TEP),Polynomial degree 3,Fault_7,44,XMEAS_26,1.029177
Industrial (TEP),Polynomial degree 3,Fault_7,45,XMV_11,1.017536
Industrial (TEP),Polynomial degree 3,Fault_7,46,XMEAS_2,0.972955
Industrial (TEP),Polynomial degree 3,Fault_7,47,XMV_6,0.947099
Industrial (TEP),Polynomial degree 3,Fault_7,48,XMEAS_14,0.858446
Industrial (TEP),Polynomial degree 3,Fault_7,49,XMEAS_41,0.802153
Industrial (TEP),Polynomial degree 3,Fault_7,50,XMEAS_40,0.790621
Industrial (TEP),Polynomial degree 3,Fault_7,51,XMEAS_32,0.779950
Industrial (TEP),Polynomial degree 3,Fault_7,52,XMEAS_5,0.734204
Industrial (TEP),Polynomial degree 3,Fault_8,1,XMEAS_20,76.393084
Industrial (TEP),Polynomial degree 3,Fault_8,2,XMV_5,13.299619
Industrial (TEP),Polynomial degree 3,Fault_8,3,XMEAS_7,10.953480
Industrial (TEP),Polynomial degree 3,Fault_8,4,XMEAS_16,6.765893
Industrial (TEP),Polynomial degree 3,Fault_8,5,XMEAS_19,6.558610
Industrial (TEP),Polynomial degree 3,Fault_8,6,XMEAS_4,6.328242
Industrial (TEP),Polynomial degree 3,Fault_8,7,XMEAS_18,5.481866
Industrial (TEP),Polynomial degree 3,Fault_8,8,XMEAS_28,5.126208
Industrial (TEP),Polynomial degree 3,Fault_8,9,XMEAS_10,5.053656
Industrial (TEP),Polynomial degree 3,Fault_8,10,XMEAS_30,4.904664
Industrial (TEP),Polynomial degree 3,Fault_8,11,XMEAS_1,4.675520
Industrial (TEP),Polynomial degree 3,Fault_8,12,XMEAS_29,4.492794
Industrial (TEP),Polynomial degree 3,Fault_8,13,XMV_9,4.445274
Industrial (TEP),Polynomial degree 3,Fault_8,14,XMEAS_38,4.118512
Industrial (TEP),Polynomial degree 3,Fault_8,15,XMEAS_25,4.061850
Industrial (TEP),Polynomial degree 3,Fault_8,16,XMEAS_34,3.830491
Industrial (TEP),Polynomial degree 3,Fault_8,17,XMEAS_35,3.349696
Industrial (TEP),Polynomial degree 3,Fault_8,18,XMEAS_27,3.278576
Industrial (TEP),Polynomial degree 3,Fault_8,19,XMEAS_22,2.852024
Industrial (TEP),Polynomial degree 3,Fault_8,20,XMEAS_31,2.720821
Industrial (TEP),Polynomial degree 3,Fault_8,21,XMV_4,2.493953
Industrial (TEP),Polynomial degree 3,Fault_8,22,XMV_2,2.140887
Industrial (TEP),Polynomial degree 3,Fault_8,23,XMEAS_23,1.947329
Industrial (TEP),Polynomial degree 3,Fault_8,24,XMEAS_24,1.924041
Industrial (TEP),Polynomial degree 3,Fault_8,25,XMEAS_33,1.909782
Industrial (TEP),Polynomial degree 3,Fault_8,26,XMEAS_9,1.764009
Industrial (TEP),Polynomial degree 3,Fault_8,27,XMV_11,1.695458
Industrial (TEP),Polynomial degree 3,Fault_8,28,XMEAS_13,1.692732
Industrial (TEP),Polynomial degree 3,Fault_8,29,XMEAS_11,1.666128
Industrial (TEP),Polynomial degree 3,Fault_8,30,XMEAS_8,1.628323
Industrial (TEP),Polynomial degree 3,Fault_8,31,XMEAS_3,1.613258
Industrial (TEP),Polynomial degree 3,Fault_8,32,XMV_10,1.576928
Industrial (TEP),Polynomial degree 3,Fault_8,33,XMV_1,1.429882
Industrial (TEP),Polynomial degree 3,Fault_8,34,XMEAS_21,1.403516
Industrial (TEP),Polynomial degree 3,Fault_8,35,XMEAS_6,1.353954
Industrial (TEP),Polynomial degree 3,Fault_8,36,XMEAS_39,1.336829
Industrial (TEP),Polynomial degree 3,Fault_8,37,XMV_3,1.286821
Industrial (TEP),Polynomial degree 3,Fault_8,38,XMEAS_12,1.285921
Industrial (TEP),Polynomial degree 3,Fault_8,39,XMV_7,1.285252
Industrial (TEP),Polynomial degree 3,Fault_8,40,XMV_6,1.250597
Industrial (TEP),Polynomial degree 3,Fault_8,41,XMV_8,1.168854
Industrial (TEP),Polynomial degree 3,Fault_8,42,XMEAS_15,1.167580
Industrial (TEP),Polynomial degree 3,Fault_8,43,XMEAS_36,1.161601
Industrial (TEP),Polynomial degree 3,Fault_8,44,XMEAS_37,1.012462
Industrial (TEP),Polynomial degree 3,Fault_8,45,XMEAS_2,1.009937
Industrial (TEP),Polynomial degree 3,Fault_8,46,XMEAS_14,0.969366
Industrial (TEP),Polynomial degree 3,Fault_8,47,XMEAS_17,0.944137
Industrial (TEP),Polynomial degree 3,Fault_8,48,XMEAS_26,0.875058
Industrial (TEP),Polynomial degree 3,Fault_8,49,XMEAS_32,0.862779
Industrial (TEP),Polynomial degree 3,Fault_8,50,XMEAS_41,0.833022
Industrial (TEP),Polynomial degree 3,Fault_8,51,XMEAS_40,0.814558
Industrial (TEP),Polynomial degree 3,Fault_8,52,XMEAS_5,0.712267
Industrial (TEP),Polynomial degree 3,Fault_9,1,XMEAS_20,6.162111
Industrial (TEP),Polynomial degree 3,Fault_9,2,XMEAS_27,2.796570
Industrial (TEP),Polynomial degree 3,Fault_9,3,XMV_9,2.792573
Industrial (TEP),Polynomial degree 3,Fault_9,4,XMEAS_18,2.564614
Industrial (TEP),Polynomial degree 3,Fault_9,5,XMEAS_29,2.109390
Industrial (TEP),Polynomial degree 3,Fault_9,6,XMV_5,2.068397
Industrial (TEP),Polynomial degree 3,Fault_9,7,XMEAS_1,1.984668
Industrial (TEP),Polynomial degree 3,Fault_9,8,XMEAS_19,1.905218
Industrial (TEP),Polynomial degree 3,Fault_9,9,XMEAS_30,1.855614
Industrial (TEP),Polynomial degree 3,Fault_9,10,XMEAS_4,1.808987
Industrial (TEP),Polynomial degree 3,Fault_9,11,XMEAS_8,1.694541
Industrial (TEP),Polynomial degree 3,Fault_9,12,XMEAS_33,1.574171
Industrial (TEP),Polynomial degree 3,Fault_9,13,XMEAS_25,1.433713
Industrial (TEP),Polynomial degree 3,Fault_9,14,XMV_10,1.402033
Industrial (TEP),Polynomial degree 3,Fault_9,15,XMEAS_13,1.340825
Industrial (TEP),Polynomial degree 3,Fault_9,16,XMEAS_9,1.334964
Industrial (TEP),Polynomial degree 3,Fault_9,17,XMEAS_10,1.311855
Industrial (TEP),Polynomial degree 3,Fault_9,18,XMEAS_39,1.299177
Industrial (TEP),Polynomial degree 3,Fault_9,19,XMEAS_23,1.294916
Industrial (TEP),Polynomial degree 3,Fault_9,20,XMV_6,1.290969
Industrial (TEP),Polynomial degree 3,Fault_9,21,XMEAS_12,1.276437
Industrial (TEP),Polynomial degree 3,Fault_9,22,XMV_7,1.275756
Industrial (TEP),Polynomial degree 3,Fault_9,23,XMEAS_24,1.267645
Industrial (TEP),Polynomial degree 3,Fault_9,24,XMEAS_3,1.267247
Industrial (TEP),Polynomial degree 3,Fault_9,25,XMV_2,1.256081
Industrial (TEP),Polynomial degree 3,Fault_9,26,XMEAS_14,1.234561
Industrial (TEP),Polynomial degree 3,Fault_9,27,XMEAS_17,1.215593
Industrial (TEP),Polynomial degree 3,Fault_9,28,XMEAS_37,1.195994
Industrial (TEP),Polynomial degree 3,Fault_9,29,XMV_11,1.192981
Industrial (TEP),Polynomial degree 3,Fault_9,30,XMV_3,1.191369
Industrial (TEP),Polynomial degree 3,Fault_9,31,XMEAS_31,1.183842
Industrial (TEP),Polynomial degree 3,Fault_9,32,XMEAS_7,1.182912
Industrial (TEP),Polynomial degree 3,Fault_9,33,XMEAS_16,1.180306
Industrial (TEP),Polynomial degree 3,Fault_9,34,XMEAS_36,1.158142
Industrial (TEP),Polynomial degree 3,Fault_9,35,XMV_8,1.152479
Industrial (TEP),Polynomial degree 3,Fault_9,36,XMEAS_15,1.151631
Industrial (TEP),Polynomial degree 3,Fault_9,37,XMEAS_28,1.147469
Industrial (TEP),Polynomial degree 3,Fault_9,38,XMEAS_6,1.144346
Industrial (TEP),Polynomial degree 3,Fault_9,39,XMEAS_34,1.139833
Industrial (TEP),Polynomial degree 3,Fault_9,40,XMEAS_22,1.135360
Industrial (TEP),Polynomial degree 3,Fault_9,41,XMV_4,1.124276
Industrial (TEP),Polynomial degree 3,Fault_9,42,XMEAS_35,1.102079
Industrial (TEP),Polynomial degree 3,Fault_9,43,XMEAS_40,1.076156
Industrial (TEP),Polynomial degree 3,Fault_9,44,XMEAS_2,1.068923
Industrial (TEP),Polynomial degree 3,Fault_9,45,XMEAS_41,1.052350
Industrial (TEP),Polynomial degree 3,Fault_9,46,XMEAS_26,1.044040
Industrial (TEP),Polynomial degree 3,Fault_9,47,XMEAS_11,0.985030
Industrial (TEP),Polynomial degree 3,Fault_9,48,XMEAS_38,0.971954
Industrial (TEP),Polynomial degree 3,Fault_9,49,XMV_1,0.959596
Industrial (TEP),Polynomial degree 3,Fault_9,50,XMEAS_21,0.956029
Industrial (TEP),Polynomial degree 3,Fault_9,51,XMEAS_32,0.953024
Industrial (TEP),Polynomial degree 3,Fault_9,52,XMEAS_5,0.867323
Industrial (TEP),Polynomial degree 3,Fault_10,1,XMEAS_20,11.801037
Industrial (TEP),Polynomial degree 3,Fault_10,2,XMEAS_18,5.384909
Industrial (TEP),Polynomial degree 3,Fault_10,3,XMV_9,4.882530
Industrial (TEP),Polynomial degree 3,Fault_10,4,XMEAS_27,2.708223
Industrial (TEP),Polynomial degree 3,Fault_10,5,XMEAS_4,2.113795
Industrial (TEP),Polynomial degree 3,Fault_10,6,XMEAS_1,2.081871
Industrial (TEP),Polynomial degree 3,Fault_10,7,XMEAS_19,2.011872
Industrial (TEP),Polynomial degree 3,Fault_10,8,XMEAS_30,2.008322
Industrial (TEP),Polynomial degree 3,Fault_10,9,XMV_5,1.912887
Industrial (TEP),Polynomial degree 3,Fault_10,10,XMEAS_24,1.737308
Industrial (TEP),Polynomial degree 3,Fault_10,11,XMEAS_38,1.528894
Industrial (TEP),Polynomial degree 3,Fault_10,12,XMEAS_31,1.521009
Industrial (TEP),Polynomial degree 3,Fault_10,13,XMV_2,1.517486
Industrial (TEP),Polynomial degree 3,Fault_10,14,XMEAS_8,1.461264
Industrial (TEP),Polynomial degree 3,Fault_10,15,XMEAS_22,1.434906
Industrial (TEP),Polynomial degree 3,Fault_10,16,XMEAS_33,1.338427
Industrial (TEP),Polynomial degree 3,Fault_10,17,XMEAS_9,1.333218
Industrial (TEP),Polynomial degree 3,Fault_10,18,XMEAS_25,1.328765
Industrial (TEP),Polynomial degree 3,Fault_10,19,XMEAS_13,1.312548
Industrial (TEP),Polynomial degree 3,Fault_10,20,XMV_4,1.299539
Industrial (TEP),Polynomial degree 3,Fault_10,21,XMEAS_12,1.281827
Industrial (TEP),Polynomial degree 3,Fault_10,22,XMV_7,1.280710
Industrial (TEP),Polynomial degree 3,Fault_10,23,XMV_3,1.266252
Industrial (TEP),Polynomial degree 3,Fault_10,24,XMEAS_3,1.254716
Industrial (TEP),Polynomial degree 3,Fault_10,25,XMEAS_10,1.251792
Industrial (TEP),Polynomial degree 3,Fault_10,26,XMEAS_16,1.238340
Industrial (TEP),Polynomial degree 3,Fault_10,27,XMEAS_23,1.228408
Industrial (TEP),Polynomial degree 3,Fault_10,28,XMEAS_39,1.224427
Industrial (TEP),Polynomial degree 3,Fault_10,29,XMEAS_6,1.219318
Industrial (TEP),Polynomial degree 3,Fault_10,30,XMEAS_17,1.210128
Industrial (TEP),Polynomial degree 3,Fault_10,31,XMEAS_7,1.209420
Industrial (TEP),Polynomial degree 3,Fault_10,32,XMEAS_14,1.199335
Industrial (TEP),Polynomial degree 3,Fault_10,33,XMEAS_34,1.183462
Industrial (TEP),Polynomial degree 3,Fault_10,34,XMV_11,1.182608
Industrial (TEP),Polynomial degree 3,Fault_10,35,XMV_6,1.158496
Industrial (TEP),Polynomial degree 3,Fault_10,36,XMV_8,1.155053
Industrial (TEP),Polynomial degree 3,Fault_10,37,XMEAS_15,1.154098
Industrial (TEP),Polynomial degree 3,Fault_10,38,XMEAS_36,1.148349
Industrial (TEP),Polynomial degree 3,Fault_10,39,XMEAS_37,1.127876
Industrial (TEP),Polynomial degree 3,Fault_10,40,XMEAS_29,1.093240
Industrial (TEP),Polynomial degree 3,Fault_10,41,XMV_10,1.062264
Industrial (TEP),Polynomial degree 3,Fault_10,42,XMEAS_26,1.049581
Industrial (TEP),Polynomial degree 3,Fault_10,43,XMV_1,1.036896
Industrial (TEP),Polynomial degree 3,Fault_10,44,XMEAS_41,1.006863
Industrial (TEP),Polynomial degree 3,Fault_10,45,XMEAS_35,0.975638
Industrial (TEP),Polynomial degree 3,Fault_10,46,XMEAS_28,0.963914
Industrial (TEP),Polynomial degree 3,Fault_10,47,XMEAS_40,0.944972
Industrial (TEP),Polynomial degree 3,Fault_10,48,XMEAS_11,0.921868
Industrial (TEP),Polynomial degree 3,Fault_10,49,XMEAS_2,0.912005
Industrial (TEP),Polynomial degree 3,Fault_10,50,XMEAS_32,0.813029
Industrial (TEP),Polynomial degree 3,Fault_10,51,XMEAS_21,0.774423
Industrial (TEP),Polynomial degree 3,Fault_10,52,XMEAS_5,0.725238
Industrial (TEP),Polynomial degree 3,Fault_11,1,XMEAS_20,6.002792
Industrial (TEP),Polynomial degree 3,Fault_11,2,XMEAS_9,5.502012
Industrial (TEP),Polynomial degree 3,Fault_11,3,XMV_10,5.148127
Industrial (TEP),Polynomial degree 3,Fault_11,4,XMV_9,3.255104
Industrial (TEP),Polynomial degree 3,Fault_11,5,XMEAS_27,2.816927
Industrial (TEP),Polynomial degree 3,Fault_11,6,XMEAS_18,2.562772
Industrial (TEP),Polynomial degree 3,Fault_11,7,XMEAS_1,2.069587
Industrial (TEP),Polynomial degree 3,Fault_11,8,XMV_5,2.040752
Industrial (TEP),Polynomial degree 3,Fault_11,9,XMEAS_29,1.946815
Industrial (TEP),Polynomial degree 3,Fault_11,10,XMEAS_19,1.916743
Industrial (TEP),Polynomial degree 3,Fault_11,11,XMEAS_30,1.809149
Industrial (TEP),Polynomial degree 3,Fault_11,12,XMEAS_4,1.763613
Industrial (TEP),Polynomial degree 3,Fault_11,13,XMEAS_8,1.760892
Industrial (TEP),Polynomial degree 3,Fault_11,14,XMEAS_33,1.593829
Industrial (TEP),Polynomial degree 3,Fault_11,15,XMEAS_25,1.407993
Industrial (TEP),Polynomial degree 3,Fault_11,16,XMEAS_13,1.351598
Industrial (TEP),Polynomial degree 3,Fault_11,17,XMEAS_14,1.348907
Industrial (TEP),Polynomial degree 3,Fault_11,18,XMEAS_11,1.315720
Industrial (TEP),Polynomial degree 3,Fault_11,19,XMEAS_39,1.302172
Industrial (TEP),Polynomial degree 3,Fault_11,20,XMEAS_23,1.295575
Industrial (TEP),Polynomial degree 3,Fault_11,21,XMEAS_24,1.286894
Industrial (TEP),Polynomial degree 3,Fault_11,22,XMEAS_21,1.283889
Industrial (TEP),Polynomial degree 3,Fault_11,23,XMEAS_12,1.277913
Industrial (TEP),Polynomial degree 3,Fault_11,24,XMV_7,1.277405
Industrial (TEP),Polynomial degree 3,Fault_11,25,XMEAS_3,1.247478
Industrial (TEP),Polynomial degree 3,Fault_11,26,XMV_6,1.244611
Industrial (TEP),Polynomial degree 3,Fault_11,27,XMV_2,1.236224
Industrial (TEP),Polynomial degree 3,Fault_11,28,XMEAS_10,1.231644
Industrial (TEP),Polynomial degree 3,Fault_11,29,XMEAS_17,1.219850
Industrial (TEP),Polynomial degree 3,Fault_11,30,XMV_3,1.206750
Industrial (TEP),Polynomial degree 3,Fault_11,31,XMEAS_37,1.193784
Industrial (TEP),Polynomial degree 3,Fault_11,32,XMV_11,1.187177
Industrial (TEP),Polynomial degree 3,Fault_11,33,XMEAS_22,1.186146
Industrial (TEP),Polynomial degree 3,Fault_11,34,XMEAS_34,1.181479
Industrial (TEP),Polynomial degree 3,Fault_11,35,XMEAS_6,1.176716
Industrial (TEP),Polynomial degree 3,Fault_11,36,XMEAS_16,1.155991
Industrial (TEP),Polynomial degree 3,Fault_11,37,XMV_8,1.152420
Industrial (TEP),Polynomial degree 3,Fault_11,38,XMEAS_15,1.151132
Industrial (TEP),Polynomial degree 3,Fault_11,39,XMEAS_31,1.145943
Industrial (TEP),Polynomial degree 3,Fault_11,40,XMEAS_28,1.137093
Industrial (TEP),Polynomial degree 3,Fault_11,41,XMEAS_36,1.105632
Industrial (TEP),Polynomial degree 3,Fault_11,42,XMV_4,1.085948
Industrial (TEP),Polynomial degree 3,Fault_11,43,XMEAS_7,1.084144
Industrial (TEP),Polynomial degree 3,Fault_11,44,XMEAS_26,1.066054
Industrial (TEP),Polynomial degree 3,Fault_11,45,XMEAS_35,1.055622
Industrial (TEP),Polynomial degree 3,Fault_11,46,XMEAS_41,1.051776
Industrial (TEP),Polynomial degree 3,Fault_11,47,XMEAS_2,1.021711
Industrial (TEP),Polynomial degree 3,Fault_11,48,XMEAS_40,1.004547
Industrial (TEP),Polynomial degree 3,Fault_11,49,XMV_1,0.982548
Industrial (TEP),Polynomial degree 3,Fault_11,50,XMEAS_32,0.947933
Industrial (TEP),Polynomial degree 3,Fault_11,51,XMEAS_38,0.912577
Industrial (TEP),Polynomial degree 3,Fault_11,52,XMEAS_5,0.845496
Industrial (TEP),Polynomial degree 3,Fault_12,1,XMEAS_20,35.524363
Industrial (TEP),Polynomial degree 3,Fault_12,2,XMEAS_7,10.052453
Industrial (TEP),Polynomial degree 3,Fault_12,3,XMEAS_38,6.583639
Industrial (TEP),Polynomial degree 3,Fault_12,4,XMV_9,5.863087
Industrial (TEP),Polynomial degree 3,Fault_12,5,XMEAS_27,5.661830
Industrial (TEP),Polynomial degree 3,Fault_12,6,XMEAS_4,4.916955
Industrial (TEP),Polynomial degree 3,Fault_12,7,XMV_11,4.225233
Industrial (TEP),Polynomial degree 3,Fault_12,8,XMEAS_22,4.072856
Industrial (TEP),Polynomial degree 3,Fault_12,9,XMEAS_1,4.048491
Industrial (TEP),Polynomial degree 3,Fault_12,10,XMEAS_11,3.695142
Industrial (TEP),Polynomial degree 3,Fault_12,11,XMEAS_21,3.633787
Industrial (TEP),Polynomial degree 3,Fault_12,12,XMEAS_30,3.397139
Industrial (TEP),Polynomial degree 3,Fault_12,13,XMEAS_18,3.042759
Industrial (TEP),Polynomial degree 3,Fault_12,14,XMEAS_17,2.982961
Industrial (TEP),Polynomial degree 3,Fault_12,15,XMV_5,2.970780
Industrial (TEP),Polynomial degree 3,Fault_12,16,XMEAS_8,2.768383
Industrial (TEP),Polynomial degree 3,Fault_12,17,XMEAS_9,2.726994
Industrial (TEP),Polynomial degree 3,Fault_12,18,XMV_10,2.643960
Industrial (TEP),Polynomial degree 3,Fault_12,19,XMEAS_19,2.607778
Industrial (TEP),Polynomial degree 3,Fault_12,20,XMEAS_31,2.593526
Industrial (TEP),Polynomial degree 3,Fault_12,21,XMEAS_35,2.439832
Industrial (TEP),Polynomial degree 3,Fault_12,22,XMV_4,2.428451
Industrial (TEP),Polynomial degree 3,Fault_12,23,XMEAS_29,2.348683
Industrial (TEP),Polynomial degree 3,Fault_12,24,XMV_2,2.260823
Industrial (TEP),Polynomial degree 3,Fault_12,25,XMEAS_6,2.177920
Industrial (TEP),Polynomial degree 3,Fault_12,26,XMEAS_28,2.137469
Industrial (TEP),Polynomial degree 3,Fault_12,27,XMEAS_33,2.131864
Industrial (TEP),Polynomial degree 3,Fault_12,28,XMEAS_25,1.969457
Industrial (TEP),Polynomial degree 3,Fault_12,29,XMV_6,1.907135
Industrial (TEP),Polynomial degree 3,Fault_12,30,XMEAS_23,1.875838
Industrial (TEP),Polynomial degree 3,Fault_12,31,XMEAS_24,1.727423
Industrial (TEP),Polynomial degree 3,Fault_12,32,XMEAS_34,1.687591
Industrial (TEP),Polynomial degree 3,Fault_12,33,XMV_1,1.666620
Industrial (TEP),Polynomial degree 3,Fault_12,34,XMEAS_3,1.613359
Industrial (TEP),Polynomial degree 3,Fault_12,35,XMEAS_16,1.610279
Industrial (TEP),Polynomial degree 3,Fault_12,36,XMEAS_13,1.593533
Industrial (TEP),Polynomial degree 3,Fault_12,37,XMEAS_26,1.545689
Industrial (TEP),Polynomial degree 3,Fault_12,38,XMEAS_10,1.365711
Industrial (TEP),Polynomial degree 3,Fault_12,39,XMEAS_36,1.346484
Industrial (TEP),Polynomial degree 3,Fault_12,40,XMEAS_12,1.290182
Industrial (TEP),Polynomial degree 3,Fault_12,41,XMV_7,1.289330
Industrial (TEP),Polynomial degree 3,Fault_12,42,XMV_3,1.278445
Industrial (TEP),Polynomial degree 3,Fault_12,43,XMV_8,1.186181
Industrial (TEP),Polynomial degree 3,Fault_12,44,XMEAS_15,1.185132
Industrial (TEP),Polynomial degree 3,Fault_12,45,XMEAS_37,1.001448
Industrial (TEP),Polynomial degree 3,Fault_12,46,XMEAS_39,0.979826
Industrial (TEP),Polynomial degree 3,Fault_12,47,XMEAS_14,0.908288
Industrial (TEP),Polynomial degree 3,Fault_12,48,XMEAS_2,0.896845
Industrial (TEP),Polynomial degree 3,Fault_12,49,XMEAS_5,0.801065
Industrial (TEP),Polynomial degree 3,Fault_12,50,XMEAS_32,0.800669
Industrial (TEP),Polynomial degree 3,Fault_12,51,XMEAS_41,0.775782
Industrial (TEP),Polynomial degree 3,Fault_12,52,XMEAS_40,0.772650
Industrial (TEP),Polynomial degree 3,Fault_13,1,XMEAS_20,42.701254
Industrial (TEP),Polynomial degree 3,Fault_13,2,XMEAS_19,11.539431
Industrial (TEP),Polynomial degree 3,Fault_13,3,XMEAS_27,7.877510
Industrial (TEP),Polynomial degree 3,Fault_13,4,XMEAS_7,6.917632
Industrial (TEP),Polynomial degree 3,Fault_13,5,XMEAS_18,6.509010
Industrial (TEP),Polynomial degree 3,Fault_13,6,XMV_9,5.413769
Industrial (TEP),Polynomial degree 3,Fault_13,7,XMEAS_38,4.217330
Industrial (TEP),Polynomial degree 3,Fault_13,8,XMEAS_8,4.048565
Industrial (TEP),Polynomial degree 3,Fault_13,9,XMEAS_35,3.690302
Industrial (TEP),Polynomial degree 3,Fault_13,10,XMEAS_4,3.566274
Industrial (TEP),Polynomial degree 3,Fault_13,11,XMEAS_16,3.363979
Industrial (TEP),Polynomial degree 3,Fault_13,12,XMEAS_33,3.294613
Industrial (TEP),Polynomial degree 3,Fault_13,13,XMEAS_30,2.743914
Industrial (TEP),Polynomial degree 3,Fault_13,14,XMV_5,2.601536
Industrial (TEP),Polynomial degree 3,Fault_13,15,XMEAS_31,2.450768
Industrial (TEP),Polynomial degree 3,Fault_13,16,XMEAS_22,2.410639
Industrial (TEP),Polynomial degree 3,Fault_13,17,XMEAS_1,2.404662
Industrial (TEP),Polynomial degree 3,Fault_13,18,XMEAS_3,2.286828
Industrial (TEP),Polynomial degree 3,Fault_13,19,XMV_2,2.259072
Industrial (TEP),Polynomial degree 3,Fault_13,20,XMV_11,2.242445
Industrial (TEP),Polynomial degree 3,Fault_13,21,XMEAS_25,2.207874
Industrial (TEP),Polynomial degree 3,Fault_13,22,XMEAS_21,2.155348
Industrial (TEP),Polynomial degree 3,Fault_13,23,XMV_4,2.084545
Industrial (TEP),Polynomial degree 3,Fault_13,24,XMV_1,2.044174
Industrial (TEP),Polynomial degree 3,Fault_13,25,XMV_10,1.984998
Industrial (TEP),Polynomial degree 3,Fault_13,26,XMEAS_9,1.983847
Industrial (TEP),Polynomial degree 3,Fault_13,27,XMEAS_10,1.771715
Industrial (TEP),Polynomial degree 3,Fault_13,28,XMEAS_23,1.765609
Industrial (TEP),Polynomial degree 3,Fault_13,29,XMEAS_17,1.645182
Industrial (TEP),Polynomial degree 3,Fault_13,30,XMEAS_28,1.588375
Industrial (TEP),Polynomial degree 3,Fault_13,31,XMEAS_34,1.446050
Industrial (TEP),Polynomial degree 3,Fault_13,32,XMEAS_2,1.437159
Industrial (TEP),Polynomial degree 3,Fault_13,33,XMEAS_36,1.419584
Industrial (TEP),Polynomial degree 3,Fault_13,34,XMEAS_24,1.322014
Industrial (TEP),Polynomial degree 3,Fault_13,35,XMEAS_11,1.306697
Industrial (TEP),Polynomial degree 3,Fault_13,36,XMEAS_12,1.286543
Industrial (TEP),Polynomial degree 3,Fault_13,37,XMV_7,1.285602
Industrial (TEP),Polynomial degree 3,Fault_13,38,XMEAS_29,1.269881
Industrial (TEP),Polynomial degree 3,Fault_13,39,XMV_3,1.258510
Industrial (TEP),Polynomial degree 3,Fault_13,40,XMEAS_13,1.252939
Industrial (TEP),Polynomial degree 3,Fault_13,41,XMV_6,1.237314
Industrial (TEP),Polynomial degree 3,Fault_13,42,XMEAS_39,1.230846
Industrial (TEP),Polynomial degree 3,Fault_13,43,XMEAS_6,1.208408
Industrial (TEP),Polynomial degree 3,Fault_13,44,XMV_8,1.173499
Industrial (TEP),Polynomial degree 3,Fault_13,45,XMEAS_15,1.171984
Industrial (TEP),Polynomial degree 3,Fault_13,46,XMEAS_32,1.142216
Industrial (TEP),Polynomial degree 3,Fault_13,47,XMEAS_37,1.094387
Industrial (TEP),Polynomial degree 3,Fault_13,48,XMEAS_14,1.021190
Industrial (TEP),Polynomial degree 3,Fault_13,49,XMEAS_26,0.877515
Industrial (TEP),Polynomial degree 3,Fault_13,50,XMEAS_41,0.862892
Industrial (TEP),Polynomial degree 3,Fault_13,51,XMEAS_40,0.858258
Industrial (TEP),Polynomial degree 3,Fault_13,52,XMEAS_5,0.698044
Industrial (TEP),Polynomial degree 3,Fault_14,1,XMEAS_9,20.241062
Industrial (TEP),Polynomial degree 3,Fault_14,2,XMEAS_20,5.581986
Industrial (TEP),Polynomial degree 3,Fault_14,3,XMEAS_21,4.019739
Industrial (TEP),Polynomial degree 3,Fault_14,4,XMEAS_27,2.864861
Industrial (TEP),Polynomial degree 3,Fault_14,5,XMV_9,2.709716
Industrial (TEP),Polynomial degree 3,Fault_14,6,XMEAS_18,2.617039
Industrial (TEP),Polynomial degree 3,Fault_14,7,XMV_10,2.495511
Industrial (TEP),Polynomial degree 3,Fault_14,8,XMV_5,2.091273
Industrial (TEP),Polynomial degree 3,Fault_14,9,XMEAS_29,2.036310
Industrial (TEP),Polynomial degree 3,Fault_14,10,XMEAS_1,1.970551
Industrial (TEP),Polynomial degree 3,Fault_14,11,XMEAS_19,1.933191
Industrial (TEP),Polynomial degree 3,Fault_14,12,XMEAS_30,1.862373
Industrial (TEP),Polynomial degree 3,Fault_14,13,XMEAS_4,1.690256
Industrial (TEP),Polynomial degree 3,Fault_14,14,XMEAS_8,1.671029
Industrial (TEP),Polynomial degree 3,Fault_14,15,XMEAS_33,1.563515
Industrial (TEP),Polynomial degree 3,Fault_14,16,XMEAS_11,1.486406
Industrial (TEP),Polynomial degree 3,Fault_14,17,XMEAS_22,1.486358
Industrial (TEP),Polynomial degree 3,Fault_14,18,XMV_1,1.424950
Industrial (TEP),Polynomial degree 3,Fault_14,19,XMEAS_25,1.416183
Industrial (TEP),Polynomial degree 3,Fault_14,20,XMEAS_13,1.361086
Industrial (TEP),Polynomial degree 3,Fault_14,21,XMEAS_10,1.325859
Industrial (TEP),Polynomial degree 3,Fault_14,22,XMEAS_39,1.296571
Industrial (TEP),Polynomial degree 3,Fault_14,23,XMEAS_3,1.282177
Industrial (TEP),Polynomial degree 3,Fault_14,24,XMEAS_24,1.281905
Industrial (TEP),Polynomial degree 3,Fault_14,25,XMEAS_12,1.276757
Industrial (TEP),Polynomial degree 3,Fault_14,26,XMV_7,1.276684
Industrial (TEP),Polynomial degree 3,Fault_14,27,XMEAS_23,1.272144
Industrial (TEP),Polynomial degree 3,Fault_14,28,XMV_6,1.264050
Industrial (TEP),Polynomial degree 3,Fault_14,29,XMV_2,1.239937
Industrial (TEP),Polynomial degree 3,Fault_14,30,XMEAS_14,1.228920
Industrial (TEP),Polynomial degree 3,Fault_14,31,XMEAS_17,1.217362
Industrial (TEP),Polynomial degree 3,Fault_14,32,XMEAS_6,1.206357
Industrial (TEP),Polynomial degree 3,Fault_14,33,XMV_3,1.203005
Industrial (TEP),Polynomial degree 3,Fault_14,34,XMEAS_37,1.192814
Industrial (TEP),Polynomial degree 3,Fault_14,35,XMV_11,1.187006
Industrial (TEP),Polynomial degree 3,Fault_14,36,XMEAS_36,1.153293
Industrial (TEP),Polynomial degree 3,Fault_14,37,XMV_8,1.152687
Industrial (TEP),Polynomial degree 3,Fault_14,38,XMEAS_15,1.151321
Industrial (TEP),Polynomial degree 3,Fault_14,39,XMEAS_31,1.148863
Industrial (TEP),Polynomial degree 3,Fault_14,40,XMEAS_34,1.146557
Industrial (TEP),Polynomial degree 3,Fault_14,41,XMEAS_16,1.141224
Industrial (TEP),Polynomial degree 3,Fault_14,42,XMV_4,1.120211
Industrial (TEP),Polynomial degree 3,Fault_14,43,XMEAS_40,1.104562
Industrial (TEP),Polynomial degree 3,Fault_14,44,XMEAS_28,1.094199
Industrial (TEP),Polynomial degree 3,Fault_14,45,XMEAS_7,1.072497
Industrial (TEP),Polynomial degree 3,Fault_14,46,XMEAS_35,1.060072
Industrial (TEP),Polynomial degree 3,Fault_14,47,XMEAS_41,1.046663
Industrial (TEP),Polynomial degree 3,Fault_14,48,XMEAS_38,1.028137
Industrial (TEP),Polynomial degree 3,Fault_14,49,XMEAS_2,1.022958
Industrial (TEP),Polynomial degree 3,Fault_14,50,XMEAS_32,0.979218
Industrial (TEP),Polynomial degree 3,Fault_14,51,XMEAS_26,0.939151
Industrial (TEP),Polynomial degree 3,Fault_14,52,XMEAS_5,0.885555
Industrial (TEP),Polynomial degree 3,Fault_15,1,XMEAS_20,6.566180
Industrial (TEP),Polynomial degree 3,Fault_15,2,XMEAS_27,2.783008
Industrial (TEP),Polynomial degree 3,Fault_15,3,XMEAS_18,2.728951
Industrial (TEP),Polynomial degree 3,Fault_15,4,XMV_9,2.583601
Industrial (TEP),Polynomial degree 3,Fault_15,5,XMEAS_1,2.056188
Industrial (TEP),Polynomial degree 3,Fault_15,6,XMV_5,1.971659
Industrial (TEP),Polynomial degree 3,Fault_15,7,XMEAS_19,1.963634
Industrial (TEP),Polynomial degree 3,Fault_15,8,XMEAS_30,1.864744
Industrial (TEP),Polynomial degree 3,Fault_15,9,XMEAS_8,1.857937
Industrial (TEP),Polynomial degree 3,Fault_15,10,XMEAS_29,1.694114
Industrial (TEP),Polynomial degree 3,Fault_15,11,XMEAS_4,1.690274
Industrial (TEP),Polynomial degree 3,Fault_15,12,XMEAS_33,1.582376
Industrial (TEP),Polynomial degree 3,Fault_15,13,XMEAS_25,1.406600
Industrial (TEP),Polynomial degree 3,Fault_15,14,XMEAS_9,1.375104
Industrial (TEP),Polynomial degree 3,Fault_15,15,XMEAS_3,1.348618
Industrial (TEP),Polynomial degree 3,Fault_15,16,XMEAS_24,1.343347
Industrial (TEP),Polynomial degree 3,Fault_15,17,XMV_10,1.321640
Industrial (TEP),Polynomial degree 3,Fault_15,18,XMEAS_13,1.317174
Industrial (TEP),Polynomial degree 3,Fault_15,19,XMEAS_7,1.286900
Industrial (TEP),Polynomial degree 3,Fault_15,20,XMEAS_39,1.279182
Industrial (TEP),Polynomial degree 3,Fault_15,21,XMEAS_12,1.277651
Industrial (TEP),Polynomial degree 3,Fault_15,22,XMV_7,1.276738
Industrial (TEP),Polynomial degree 3,Fault_15,23,XMEAS_10,1.275547
Industrial (TEP),Polynomial degree 3,Fault_15,24,XMEAS_23,1.274648
Industrial (TEP),Polynomial degree 3,Fault_15,25,XMV_2,1.261839
Industrial (TEP),Polynomial degree 3,Fault_15,26,XMEAS_6,1.248186
Industrial (TEP),Polynomial degree 3,Fault_15,27,XMV_6,1.239748
Industrial (TEP),Polynomial degree 3,Fault_15,28,XMEAS_14,1.222477
Industrial (TEP),Polynomial degree 3,Fault_15,29,XMV_3,1.212879
Industrial (TEP),Polynomial degree 3,Fault_15,30,XMEAS_17,1.203235
Industrial (TEP),Polynomial degree 3,Fault_15,31,XMEAS_37,1.197837
Industrial (TEP),Polynomial degree 3,Fault_15,32,XMEAS_40,1.188587
Industrial (TEP),Polynomial degree 3,Fault_15,33,XMV_11,1.186538
Industrial (TEP),Polynomial degree 3,Fault_15,34,XMEAS_16,1.176337
Industrial (TEP),Polynomial degree 3,Fault_15,35,XMEAS_34,1.171677
Industrial (TEP),Polynomial degree 3,Fault_15,36,XMEAS_36,1.155417
Industrial (TEP),Polynomial degree 3,Fault_15,37,XMEAS_31,1.155232
Industrial (TEP),Polynomial degree 3,Fault_15,38,XMV_8,1.152983
Industrial (TEP),Polynomial degree 3,Fault_15,39,XMEAS_15,1.151464
Industrial (TEP),Polynomial degree 3,Fault_15,40,XMEAS_28,1.104993
Industrial (TEP),Polynomial degree 3,Fault_15,41,XMV_4,1.095127
Industrial (TEP),Polynomial degree 3,Fault_15,42,XMEAS_22,1.050669
Industrial (TEP),Polynomial degree 3,Fault_15,43,XMEAS_26,1.048089
Industrial (TEP),Polynomial degree 3,Fault_15,44,XMEAS_35,1.023535
Industrial (TEP),Polynomial degree 3,Fault_15,45,XMEAS_41,1.015281
Industrial (TEP),Polynomial degree 3,Fault_15,46,XMV_1,0.993145
Industrial (TEP),Polynomial degree 3,Fault_15,47,XMEAS_2,0.957899
Industrial (TEP),Polynomial degree 3,Fault_15,48,XMEAS_32,0.948986
Industrial (TEP),Polynomial degree 3,Fault_15,49,XMEAS_38,0.945150
Industrial (TEP),Polynomial degree 3,Fault_15,50,XMEAS_11,0.902108
Industrial (TEP),Polynomial degree 3,Fault_15,51,XMEAS_5,0.851435
Industrial (TEP),Polynomial degree 3,Fault_15,52,XMEAS_21,0.777849
Industrial (TEP),Polynomial degree 3,Fault_16,1,XMV_9,18.029119
Industrial (TEP),Polynomial degree 3,Fault_16,2,XMEAS_20,8.458887
Industrial (TEP),Polynomial degree 3,Fault_16,3,XMEAS_19,4.042753
Industrial (TEP),Polynomial degree 3,Fault_16,4,XMEAS_18,2.751349
Industrial (TEP),Polynomial degree 3,Fault_16,5,XMEAS_27,2.668977
Industrial (TEP),Polynomial degree 3,Fault_16,6,XMV_5,2.635569
Industrial (TEP),Polynomial degree 3,Fault_16,7,XMEAS_1,2.262850
Industrial (TEP),Polynomial degree 3,Fault_16,8,XMEAS_4,2.208946
Industrial (TEP),Polynomial degree 3,Fault_16,9,XMEAS_30,2.076944
Industrial (TEP),Polynomial degree 3,Fault_16,10,XMEAS_33,1.642970
Industrial (TEP),Polynomial degree 3,Fault_16,11,XMEAS_8,1.587680
Industrial (TEP),Polynomial degree 3,Fault_16,12,XMEAS_10,1.439474
Industrial (TEP),Polynomial degree 3,Fault_16,13,XMEAS_13,1.425492
Industrial (TEP),Polynomial degree 3,Fault_16,14,XMEAS_23,1.407173
Industrial (TEP),Polynomial degree 3,Fault_16,15,XMEAS_25,1.401947
Industrial (TEP),Polynomial degree 3,Fault_16,16,XMV_2,1.393343
Industrial (TEP),Polynomial degree 3,Fault_16,17,XMEAS_31,1.387884
Industrial (TEP),Polynomial degree 3,Fault_16,18,XMEAS_7,1.354764
Industrial (TEP),Polynomial degree 3,Fault_16,19,XMV_4,1.310360
Industrial (TEP),Polynomial degree 3,Fault_16,20,XMV_10,1.279441
Industrial (TEP),Polynomial degree 3,Fault_16,21,XMEAS_39,1.279038
Industrial (TEP),Polynomial degree 3,Fault_16,22,XMEAS_12,1.278248
Industrial (TEP),Polynomial degree 3,Fault_16,23,XMV_7,1.277485
Industrial (TEP),Polynomial degree 3,Fault_16,24,XMEAS_35,1.273189
Industrial (TEP),Polynomial degree 3,Fault_16,25,XMEAS_24,1.272654
Industrial (TEP),Polynomial degree 3,Fault_16,26,XMEAS_14,1.269426
Industrial (TEP),Polynomial degree 3,Fault_16,27,XMEAS_22,1.267712
Industrial (TEP),Polynomial degree 3,Fault_16,28,XMV_6,1.256918
Industrial (TEP),Polynomial degree 3,Fault_16,29,XMV_3,1.239491
Industrial (TEP),Polynomial degree 3,Fault_16,30,XMEAS_17,1.207312
Industrial (TEP),Polynomial degree 3,Fault_16,31,XMV_11,1.195999
Industrial (TEP),Polynomial degree 3,Fault_16,32,XMEAS_36,1.187517
Industrial (TEP),Polynomial degree 3,Fault_16,33,XMEAS_34,1.187362
Industrial (TEP),Polynomial degree 3,Fault_16,34,XMEAS_3,1.175584
Industrial (TEP),Polynomial degree 3,Fault_16,35,XMV_8,1.153430
Industrial (TEP),Polynomial degree 3,Fault_16,36,XMEAS_15,1.151876
Industrial (TEP),Polynomial degree 3,Fault_16,37,XMEAS_37,1.129838
Industrial (TEP),Polynomial degree 3,Fault_16,38,XMEAS_9,1.122019
Industrial (TEP),Polynomial degree 3,Fault_16,39,XMEAS_16,1.104750
Industrial (TEP),Polynomial degree 3,Fault_16,40,XMEAS_6,1.085328
Industrial (TEP),Polynomial degree 3,Fault_16,41,XMEAS_38,1.052903
Industrial (TEP),Polynomial degree 3,Fault_16,42,XMEAS_11,1.049646
Industrial (TEP),Polynomial degree 3,Fault_16,43,XMEAS_26,1.025131
Industrial (TEP),Polynomial degree 3,Fault_16,44,XMV_1,1.014203
Industrial (TEP),Polynomial degree 3,Fault_16,45,XMEAS_21,0.977055
Industrial (TEP),Polynomial degree 3,Fault_16,46,XMEAS_2,0.969652
Industrial (TEP),Polynomial degree 3,Fault_16,47,XMEAS_29,0.961211
Industrial (TEP),Polynomial degree 3,Fault_16,48,XMEAS_41,0.950155
Industrial (TEP),Polynomial degree 3,Fault_16,49,XMEAS_28,0.921987
Industrial (TEP),Polynomial degree 3,Fault_16,50,XMEAS_32,0.837049
Industrial (TEP),Polynomial degree 3,Fault_16,51,XMEAS_5,0.835580
Industrial (TEP),Polynomial degree 3,Fault_16,52,XMEAS_40,0.810992
Industrial (TEP),Polynomial degree 3,Fault_17,1,XMEAS_21,47.397222
Industrial (TEP),Polynomial degree 3,Fault_17,2,XMEAS_9,14.064688
Industrial (TEP),Polynomial degree 3,Fault_17,3,XMV_10,11.631418
Industrial (TEP),Polynomial degree 3,Fault_17,4,XMEAS_20,4.673661
Industrial (TEP),Polynomial degree 3,Fault_17,5,XMV_9,3.433181
Industrial (TEP),Polynomial degree 3,Fault_17,6,XMEAS_27,2.231680
Industrial (TEP),Polynomial degree 3,Fault_17,7,XMEAS_18,2.158561
Industrial (TEP),Polynomial degree 3,Fault_17,8,XMEAS_8,1.960979
Industrial (TEP),Polynomial degree 3,Fault_17,9,XMV_5,1.935118
Industrial (TEP),Polynomial degree 3,Fault_17,10,XMEAS_1,1.739502
Industrial (TEP),Polynomial degree 3,Fault_17,11,XMEAS_4,1.726560
Industrial (TEP),Polynomial degree 3,Fault_17,12,XMEAS_30,1.724673
Industrial (TEP),Polynomial degree 3,Fault_17,13,XMEAS_19,1.682639
Industrial (TEP),Polynomial degree 3,Fault_17,14,XMEAS_29,1.505549
Industrial (TEP),Polynomial degree 3,Fault_17,15,XMV_6,1.462148
Industrial (TEP),Polynomial degree 3,Fault_17,16,XMEAS_33,1.442198
Industrial (TEP),Polynomial degree 3,Fault_17,17,XMV_1,1.429627
Industrial (TEP),Polynomial degree 3,Fault_17,18,XMEAS_13,1.417505
Industrial (TEP),Polynomial degree 3,Fault_17,19,XMV_2,1.372424
Industrial (TEP),Polynomial degree 3,Fault_17,20,XMEAS_24,1.359905
Industrial (TEP),Polynomial degree 3,Fault_17,21,XMEAS_36,1.308682
Industrial (TEP),Polynomial degree 3,Fault_17,22,XMEAS_23,1.285649
Industrial (TEP),Polynomial degree 3,Fault_17,23,XMEAS_25,1.273437
Industrial (TEP),Polynomial degree 3,Fault_17,24,XMEAS_12,1.270255
Industrial (TEP),Polynomial degree 3,Fault_17,25,XMV_7,1.269372
Industrial (TEP),Polynomial degree 3,Fault_17,26,XMEAS_39,1.222719
Industrial (TEP),Polynomial degree 3,Fault_17,27,XMV_11,1.220841
Industrial (TEP),Polynomial degree 3,Fault_17,28,XMEAS_3,1.206038
Industrial (TEP),Polynomial degree 3,Fault_17,29,XMEAS_17,1.204799
Industrial (TEP),Polynomial degree 3,Fault_17,30,XMEAS_22,1.197345
Industrial (TEP),Polynomial degree 3,Fault_17,31,XMEAS_11,1.180516
Industrial (TEP),Polynomial degree 3,Fault_17,32,XMEAS_14,1.168475
Industrial (TEP),Polynomial degree 3,Fault_17,33,XMEAS_10,1.162892
Industrial (TEP),Polynomial degree 3,Fault_17,34,XMV_8,1.156843
Industrial (TEP),Polynomial degree 3,Fault_17,35,XMEAS_15,1.155526
Industrial (TEP),Polynomial degree 3,Fault_17,36,XMV_3,1.148412
Industrial (TEP),Polynomial degree 3,Fault_17,37,XMEAS_35,1.142397
Industrial (TEP),Polynomial degree 3,Fault_17,38,XMEAS_6,1.138031
Industrial (TEP),Polynomial degree 3,Fault_17,39,XMEAS_34,1.131252
Industrial (TEP),Polynomial degree 3,Fault_17,40,XMEAS_7,1.114860
Industrial (TEP),Polynomial degree 3,Fault_17,41,XMEAS_31,1.083039
Industrial (TEP),Polynomial degree 3,Fault_17,42,XMEAS_37,1.022883
Industrial (TEP),Polynomial degree 3,Fault_17,43,XMEAS_28,1.021959
Industrial (TEP),Polynomial degree 3,Fault_17,44,XMV_4,1.015785
Industrial (TEP),Polynomial degree 3,Fault_17,45,XMEAS_2,0.984724
Industrial (TEP),Polynomial degree 3,Fault_17,46,XMEAS_41,0.980503
Industrial (TEP),Polynomial degree 3,Fault_17,47,XMEAS_32,0.963192
Industrial (TEP),Polynomial degree 3,Fault_17,48,XMEAS_38,0.949138
Industrial (TEP),Polynomial degree 3,Fault_17,49,XMEAS_16,0.946885
Industrial (TEP),Polynomial degree 3,Fault_17,50,XMEAS_40,0.935799
Industrial (TEP),Polynomial degree 3,Fault_17,51,XMEAS_5,0.879797
Industrial (TEP),Polynomial degree 3,Fault_17,52,XMEAS_26,0.800451
Industrial (TEP),Polynomial degree 3,Fault_18,1,XMV_11,48.150226
Industrial (TEP),Polynomial degree 3,Fault_18,2,XMEAS_20,43.371971
Industrial (TEP),Polynomial degree 3,Fault_18,3,XMV_2,35.585767
Industrial (TEP),Polynomial degree 3,Fault_18,4,XMEAS_22,11.604793
Industrial (TEP),Polynomial degree 3,Fault_18,5,XMEAS_7,9.479711
Industrial (TEP),Polynomial degree 3,Fault_18,6,XMEAS_17,8.659959
Industrial (TEP),Polynomial degree 3,Fault_18,7,XMV_9,7.583146
Industrial (TEP),Polynomial degree 3,Fault_18,8,XMV_5,7.263475
Industrial (TEP),Polynomial degree 3,Fault_18,9,XMEAS_38,5.138337
Industrial (TEP),Polynomial degree 3,Fault_18,10,XMEAS_4,5.066204
Industrial (TEP),Polynomial degree 3,Fault_18,11,XMEAS_21,4.928226
Industrial (TEP),Polynomial degree 3,Fault_18,12,XMEAS_27,4.716557
Industrial (TEP),Polynomial degree 3,Fault_18,13,XMEAS_9,4.101306
Industrial (TEP),Polynomial degree 3,Fault_18,14,XMV_10,4.050630
Industrial (TEP),Polynomial degree 3,Fault_18,15,XMEAS_19,4.001175
Industrial (TEP),Polynomial degree 3,Fault_18,16,XMEAS_11,3.837854
Industrial (TEP),Polynomial degree 3,Fault_18,17,XMEAS_35,3.475153
Industrial (TEP),Polynomial degree 3,Fault_18,18,XMEAS_18,3.413703
Industrial (TEP),Polynomial degree 3,Fault_18,19,XMEAS_1,3.388470
Industrial (TEP),Polynomial degree 3,Fault_18,20,XMEAS_6,3.079913
Industrial (TEP),Polynomial degree 3,Fault_18,21,XMEAS_30,2.879090
Industrial (TEP),Polynomial degree 3,Fault_18,22,XMV_1,2.732610
Industrial (TEP),Polynomial degree 3,Fault_18,23,XMEAS_31,2.724580
Industrial (TEP),Polynomial degree 3,Fault_18,24,XMEAS_8,2.511660
Industrial (TEP),Polynomial degree 3,Fault_18,25,XMV_4,2.481652
Industrial (TEP),Polynomial degree 3,Fault_18,26,XMEAS_33,2.287637
Industrial (TEP),Polynomial degree 3,Fault_18,27,XMEAS_26,1.955178
Industrial (TEP),Polynomial degree 3,Fault_18,28,XMEAS_25,1.954881
Industrial (TEP),Polynomial degree 3,Fault_18,29,XMEAS_34,1.888339
Industrial (TEP),Polynomial degree 3,Fault_18,30,XMEAS_28,1.836491
Industrial (TEP),Polynomial degree 3,Fault_18,31,XMEAS_3,1.784195
Industrial (TEP),Polynomial degree 3,Fault_18,32,XMV_6,1.761198
Industrial (TEP),Polynomial degree 3,Fault_18,33,XMEAS_24,1.733044
Industrial (TEP),Polynomial degree 3,Fault_18,34,XMEAS_10,1.582421
Industrial (TEP),Polynomial degree 3,Fault_18,35,XMEAS_23,1.510289
Industrial (TEP),Polynomial degree 3,Fault_18,36,XMEAS_13,1.479880
Industrial (TEP),Polynomial degree 3,Fault_18,37,XMEAS_39,1.478794
Industrial (TEP),Polynomial degree 3,Fault_18,38,XMEAS_29,1.419340
Industrial (TEP),Polynomial degree 3,Fault_18,39,XMV_3,1.368447
Industrial (TEP),Polynomial degree 3,Fault_18,40,XMEAS_12,1.274658
Industrial (TEP),Polynomial degree 3,Fault_18,41,XMV_7,1.274496
Industrial (TEP),Polynomial degree 3,Fault_18,42,XMV_8,1.184212
Industrial (TEP),Polynomial degree 3,Fault_18,43,XMEAS_15,1.184018
Industrial (TEP),Polynomial degree 3,Fault_18,44,XMEAS_36,1.181316
Industrial (TEP),Polynomial degree 3,Fault_18,45,XMEAS_14,1.112560
Industrial (TEP),Polynomial degree 3,Fault_18,46,XMEAS_37,1.052166
Industrial (TEP),Polynomial degree 3,Fault_18,47,XMEAS_16,0.877699
Industrial (TEP),Polynomial degree 3,Fault_18,48,XMEAS_2,0.866976
Industrial (TEP),Polynomial degree 3,Fault_18,49,XMEAS_40,0.855887
Industrial (TEP),Polynomial degree 3,Fault_18,50,XMEAS_41,0.854034
Industrial (TEP),Polynomial degree 3,Fault_18,51,XMEAS_5,0.772093
Industrial (TEP),Polynomial degree 3,Fault_18,52,XMEAS_32,0.685905
Industrial (TEP),Polynomial degree 3,Fault_19,1,XMEAS_20,6.073680
Industrial (TEP),Polynomial degree 3,Fault_19,2,XMV_9,3.957442
Industrial (TEP),Polynomial degree 3,Fault_19,3,XMEAS_18,2.595417
Industrial (TEP),Polynomial degree 3,Fault_19,4,XMV_5,2.227974
Industrial (TEP),Polynomial degree 3,Fault_19,5,XMEAS_1,2.035391
Industrial (TEP),Polynomial degree 3,Fault_19,6,XMEAS_19,1.903297
Industrial (TEP),Polynomial degree 3,Fault_19,7,XMEAS_27,1.848524
Industrial (TEP),Polynomial degree 3,Fault_19,8,XMEAS_30,1.807653
Industrial (TEP),Polynomial degree 3,Fault_19,9,XMEAS_29,1.797437
Industrial (TEP),Polynomial degree 3,Fault_19,10,XMEAS_4,1.762215
Industrial (TEP),Polynomial degree 3,Fault_19,11,XMEAS_8,1.648131
Industrial (TEP),Polynomial degree 3,Fault_19,12,XMEAS_13,1.555002
Industrial (TEP),Polynomial degree 3,Fault_19,13,XMEAS_33,1.529952
Industrial (TEP),Polynomial degree 3,Fault_19,14,XMEAS_5,1.472948
Industrial (TEP),Polynomial degree 3,Fault_19,15,XMEAS_9,1.439223
Industrial (TEP),Polynomial degree 3,Fault_19,16,XMEAS_16,1.341790
Industrial (TEP),Polynomial degree 3,Fault_19,17,XMEAS_3,1.337385
Industrial (TEP),Polynomial degree 3,Fault_19,18,XMV_10,1.325030
Industrial (TEP),Polynomial degree 3,Fault_19,19,XMEAS_6,1.313004
Industrial (TEP),Polynomial degree 3,Fault_19,20,XMEAS_39,1.305606
Industrial (TEP),Polynomial degree 3,Fault_19,21,XMEAS_24,1.297898
Industrial (TEP),Polynomial degree 3,Fault_19,22,XMEAS_10,1.281870
Industrial (TEP),Polynomial degree 3,Fault_19,23,XMEAS_12,1.277196
Industrial (TEP),Polynomial degree 3,Fault_19,24,XMV_7,1.276541
Industrial (TEP),Polynomial degree 3,Fault_19,25,XMEAS_7,1.245524
Industrial (TEP),Polynomial degree 3,Fault_19,26,XMEAS_17,1.243819
Industrial (TEP),Polynomial degree 3,Fault_19,27,XMV_2,1.243242
Industrial (TEP),Polynomial degree 3,Fault_19,28,XMV_6,1.227532
Industrial (TEP),Polynomial degree 3,Fault_19,29,XMEAS_28,1.220833
Industrial (TEP),Polynomial degree 3,Fault_19,30,XMEAS_23,1.215908
Industrial (TEP),Polynomial degree 3,Fault_19,31,XMV_3,1.200876
Industrial (TEP),Polynomial degree 3,Fault_19,32,XMEAS_37,1.195223
Industrial (TEP),Polynomial degree 3,Fault_19,33,XMEAS_34,1.190418
Industrial (TEP),Polynomial degree 3,Fault_19,34,XMV_11,1.175128
Industrial (TEP),Polynomial degree 3,Fault_19,35,XMEAS_31,1.165901
Industrial (TEP),Polynomial degree 3,Fault_19,36,XMEAS_11,1.160649
Industrial (TEP),Polynomial degree 3,Fault_19,37,XMV_8,1.156655
Industrial (TEP),Polynomial degree 3,Fault_19,38,XMEAS_36,1.156551
Industrial (TEP),Polynomial degree 3,Fault_19,39,XMEAS_15,1.155766
Industrial (TEP),Polynomial degree 3,Fault_19,40,XMV_4,1.141850
Industrial (TEP),Polynomial degree 3,Fault_19,41,XMEAS_25,1.137508
Industrial (TEP),Polynomial degree 3,Fault_19,42,XMEAS_26,1.084348
Industrial (TEP),Polynomial degree 3,Fault_19,43,XMEAS_22,1.079316
Industrial (TEP),Polynomial degree 3,Fault_19,44,XMEAS_35,1.050611
Industrial (TEP),Polynomial degree 3,Fault_19,45,XMEAS_40,1.035344
Industrial (TEP),Polynomial degree 3,Fault_19,46,XMEAS_2,1.024591
Industrial (TEP),Polynomial degree 3,Fault_19,47,XMEAS_21,1.018939
Industrial (TEP),Polynomial degree 3,Fault_19,48,XMEAS_14,0.994674
Industrial (TEP),Polynomial degree 3,Fault_19,49,XMEAS_41,0.979868
Industrial (TEP),Polynomial degree 3,Fault_19,50,XMEAS_32,0.956811
Industrial (TEP),Polynomial degree 3,Fault_19,51,XMV_1,0.912801
Industrial (TEP),Polynomial degree 3,Fault_19,52,XMEAS_38,0.891590
Industrial (TEP),Polynomial degree 3,Fault_20,1,XMV_5,20.583098
Industrial (TEP),Polynomial degree 3,Fault_20,2,XMEAS_13,18.694107
Industrial (TEP),Polynomial degree 3,Fault_20,3,XMEAS_20,3.758954
Industrial (TEP),Polynomial degree 3,Fault_20,4,XMV_9,3.404130
Industrial (TEP),Polynomial degree 3,Fault_20,5,XMEAS_27,2.745259
Industrial (TEP),Polynomial degree 3,Fault_20,6,XMEAS_18,2.361125
Industrial (TEP),Polynomial degree 3,Fault_20,7,XMEAS_22,2.228935
Industrial (TEP),Polynomial degree 3,Fault_20,8,XMEAS_11,2.171951
Industrial (TEP),Polynomial degree 3,Fault_20,9,XMEAS_30,1.906804
Industrial (TEP),Polynomial degree 3,Fault_20,10,XMEAS_4,1.860419
Industrial (TEP),Polynomial degree 3,Fault_20,11,XMEAS_1,1.829712
Industrial (TEP),Polynomial degree 3,Fault_20,12,XMV_11,1.774819
Industrial (TEP),Polynomial degree 3,Fault_20,13,XMEAS_33,1.688139
Industrial (TEP),Polynomial degree 3,Fault_20,14,XMEAS_24,1.625682
Industrial (TEP),Polynomial degree 3,Fault_20,15,XMEAS_19,1.583068
Industrial (TEP),Polynomial degree 3,Fault_20,16,XMEAS_17,1.582159
Industrial (TEP),Polynomial degree 3,Fault_20,17,XMV_6,1.402273
Industrial (TEP),Polynomial degree 3,Fault_20,18,XMEAS_8,1.393734
Industrial (TEP),Polynomial degree 3,Fault_20,19,XMEAS_10,1.366005
Industrial (TEP),Polynomial degree 3,Fault_20,20,XMV_4,1.346885
Industrial (TEP),Polynomial degree 3,Fault_20,21,XMV_2,1.334537
Industrial (TEP),Polynomial degree 3,Fault_20,22,XMEAS_3,1.320579
Industrial (TEP),Polynomial degree 3,Fault_20,23,XMV_10,1.307246
Industrial (TEP),Polynomial degree 3,Fault_20,24,XMEAS_35,1.305307
Industrial (TEP),Polynomial degree 3,Fault_20,25,XMEAS_39,1.282056
Industrial (TEP),Polynomial degree 3,Fault_20,26,XMEAS_12,1.276700
Industrial (TEP),Polynomial degree 3,Fault_20,27,XMV_7,1.275609
Industrial (TEP),Polynomial degree 3,Fault_20,28,XMEAS_29,1.252344
Industrial (TEP),Polynomial degree 3,Fault_20,29,XMEAS_25,1.251519
Industrial (TEP),Polynomial degree 3,Fault_20,30,XMEAS_9,1.226870
Industrial (TEP),Polynomial degree 3,Fault_20,31,XMEAS_6,1.173222
Industrial (TEP),Polynomial degree 3,Fault_20,32,XMV_8,1.163449
Industrial (TEP),Polynomial degree 3,Fault_20,33,XMEAS_15,1.161869
Industrial (TEP),Polynomial degree 3,Fault_20,34,XMEAS_28,1.137054
Industrial (TEP),Polynomial degree 3,Fault_20,35,XMV_3,1.115724
Industrial (TEP),Polynomial degree 3,Fault_20,36,XMEAS_23,1.101884
Industrial (TEP),Polynomial degree 3,Fault_20,37,XMEAS_14,1.094048
Industrial (TEP),Polynomial degree 3,Fault_20,38,XMEAS_37,1.067878
Industrial (TEP),Polynomial degree 3,Fault_20,39,XMEAS_31,1.017573
Industrial (TEP),Polynomial degree 3,Fault_20,40,XMEAS_7,1.009954
Industrial (TEP),Polynomial degree 3,Fault_20,41,XMEAS_16,1.007173
Industrial (TEP),Polynomial degree 3,Fault_20,42,XMV_1,0.992448
Industrial (TEP),Polynomial degree 3,Fault_20,43,XMEAS_36,0.961455
Industrial (TEP),Polynomial degree 3,Fault_20,44,XMEAS_34,0.941372
Industrial (TEP),Polynomial degree 3,Fault_20,45,XMEAS_2,0.908456
Industrial (TEP),Polynomial degree 3,Fault_20,46,XMEAS_32,0.857034
Industrial (TEP),Polynomial degree 3,Fault_20,47,XMEAS_41,0.828106
Industrial (TEP),Polynomial degree 3,Fault_20,48,XMEAS_21,0.820537
Industrial (TEP),Polynomial degree 3,Fault_20,49,XMEAS_26,0.809670
Industrial (TEP),Polynomial degree 3,Fault_20,50,XMEAS_40,0.807032
Industrial (TEP),Polynomial degree 3,Fault_20,51,XMEAS_38,0.738568
Industrial (TEP),Polynomial degree 3,Fault_20,52,XMEAS_5,0.695322
Industrial (TEP),RBF + Ridge,Fault_1,1,XMEAS_1,119.397107
Industrial (TEP),RBF + Ridge,Fault_1,2,XMEAS_29,39.191385
Industrial (TEP),RBF + Ridge,Fault_1,3,XMEAS_31,38.489029
Industrial (TEP),RBF + Ridge,Fault_1,4,XMEAS_34,36.736651
Industrial (TEP),RBF + Ridge,Fault_1,5,XMEAS_10,34.748426
Industrial (TEP),RBF + Ridge,Fault_1,6,XMEAS_23,31.703898
Industrial (TEP),RBF + Ridge,Fault_1,7,XMEAS_30,31.457841
Industrial (TEP),RBF + Ridge,Fault_1,8,XMEAS_18,30.509725
Industrial (TEP),RBF + Ridge,Fault_1,9,XMEAS_4,29.070383
Industrial (TEP),RBF + Ridge,Fault_1,10,XMEAS_7,27.118169
Industrial (TEP),RBF + Ridge,Fault_1,11,XMEAS_35,26.762246
Industrial (TEP),RBF + Ridge,Fault_1,12,XMEAS_25,25.761795
Industrial (TEP),RBF + Ridge,Fault_1,13,XMEAS_19,25.493213
Industrial (TEP),RBF + Ridge,Fault_1,14,XMEAS_38,24.556938
Industrial (TEP),RBF + Ridge,Fault_1,15,XMEAS_11,24.408941
Industrial (TEP),RBF + Ridge,Fault_1,16,XMV_2,21.693507
Industrial (TEP),RBF + Ridge,Fault_1,17,XMV_3,21.499003
Industrial (TEP),RBF + Ridge,Fault_1,18,XMV_4,21.407266
Industrial (TEP),RBF + Ridge,Fault_1,19,XMEAS_8,20.200099
Industrial (TEP),RBF + Ridge,Fault_1,20,XMEAS_16,19.029389
Industrial (TEP),RBF + Ridge,Fault_1,21,XMEAS_33,17.163840
Industrial (TEP),RBF + Ridge,Fault_1,22,XMEAS_13,17.006187
Industrial (TEP),RBF + Ridge,Fault_1,23,XMV_9,16.496048
Industrial (TEP),RBF + Ridge,Fault_1,24,XMEAS_22,15.930766
Industrial (TEP),RBF + Ridge,Fault_1,25,XMEAS_36,14.848481
Industrial (TEP),RBF + Ridge,Fault_1,26,XMEAS_20,14.658485
Industrial (TEP),RBF + Ridge,Fault_1,27,XMV_5,12.859964
Industrial (TEP),RBF + Ridge,Fault_1,28,XMEAS_24,11.382751
Industrial (TEP),RBF + Ridge,Fault_1,29,XMEAS_27,11.250836
Industrial (TEP),RBF + Ridge,Fault_1,30,XMEAS_21,11.136276
Industrial (TEP),RBF + Ridge,Fault_1,31,XMEAS_32,10.454004
Industrial (TEP),RBF + Ridge,Fault_1,32,XMEAS_3,9.043534
Industrial (TEP),RBF + Ridge,Fault_1,33,XMV_6,8.368573
Industrial (TEP),RBF + Ridge,Fault_1,34,XMEAS_28,8.070112
Industrial (TEP),RBF + Ridge,Fault_1,35,XMEAS_39,8.043802
Industrial (TEP),RBF + Ridge,Fault_1,36,XMEAS_14,5.127131
Industrial (TEP),RBF + Ridge,Fault_1,37,XMEAS_41,3.902135
Industrial (TEP),RBF + Ridge,Fault_1,38,XMEAS_40,3.838854
Industrial (TEP),RBF + Ridge,Fault_1,39,XMEAS_9,3.529435
Industrial (TEP),RBF + Ridge,Fault_1,40,XMEAS_2,3.528516
Industrial (TEP),RBF + Ridge,Fault_1,41,XMEAS_26,3.527020
Industrial (TEP),RBF + Ridge,Fault_1,42,XMV_10,3.409235
Industrial (TEP),RBF + Ridge,Fault_1,43,XMEAS_6,2.957194
Industrial (TEP),RBF + Ridge,Fault_1,44,XMV_1,2.409563
Industrial (TEP),RBF + Ridge,Fault_1,45,XMEAS_17,2.395085
Industrial (TEP),RBF + Ridge,Fault_1,46,XMV_11,2.376295
Industrial (TEP),RBF + Ridge,Fault_1,47,XMV_7,2.158394
Industrial (TEP),RBF + Ridge,Fault_1,48,XMEAS_15,1.958508
Industrial (TEP),RBF + Ridge,Fault_1,49,XMV_8,1.929401
Industrial (TEP),RBF + Ridge,Fault_1,50,XMEAS_12,1.860192
Industrial (TEP),RBF + Ridge,Fault_1,51,XMEAS_37,1.443940
Industrial (TEP),RBF + Ridge,Fault_1,52,XMEAS_5,1.352921
Industrial (TEP),RBF + Ridge,Fault_2,1,XMEAS_10,267.896974
Industrial (TEP),RBF + Ridge,Fault_2,2,XMEAS_34,242.725157
Industrial (TEP),RBF + Ridge,Fault_2,3,XMEAS_28,186.610395
Industrial (TEP),RBF + Ridge,Fault_2,4,XMEAS_30,81.673145
Industrial (TEP),RBF + Ridge,Fault_2,5,XMEAS_19,47.558853
Industrial (TEP),RBF + Ridge,Fault_2,6,XMV_6,34.439515
Industrial (TEP),RBF + Ridge,Fault_2,7,XMEAS_18,26.664032
Industrial (TEP),RBF + Ridge,Fault_2,8,XMV_2,24.926246
Industrial (TEP),RBF + Ridge,Fault_2,9,XMEAS_24,22.460558
Industrial (TEP),RBF + Ridge,Fault_2,10,XMEAS_11,20.531712
Industrial (TEP),RBF + Ridge,Fault_2,11,XMEAS_22,16.350692
Industrial (TEP),RBF + Ridge,Fault_2,12,XMEAS_36,14.634776
Industrial (TEP),RBF + Ridge,Fault_2,13,XMEAS_6,13.030254
Industrial (TEP),RBF + Ridge,Fault_2,14,XMEAS_16,11.665380
Industrial (TEP),RBF + Ridge,Fault_2,15,XMV_9,11.525045
Industrial (TEP),RBF + Ridge,Fault_2,16,XMEAS_13,10.903989
Industrial (TEP),RBF + Ridge,Fault_2,17,XMEAS_3,10.870707
Industrial (TEP),RBF + Ridge,Fault_2,18,XMEAS_35,10.620574
Industrial (TEP),RBF + Ridge,Fault_2,19,XMEAS_1,10.468919
Industrial (TEP),RBF + Ridge,Fault_2,20,XMEAS_4,9.623932
Industrial (TEP),RBF + Ridge,Fault_2,21,XMEAS_33,8.539575
Industrial (TEP),RBF + Ridge,Fault_2,22,XMV_5,7.982806
Industrial (TEP),RBF + Ridge,Fault_2,23,XMEAS_25,7.752109
Industrial (TEP),RBF + Ridge,Fault_2,24,XMEAS_7,7.526863
Industrial (TEP),RBF + Ridge,Fault_2,25,XMEAS_39,6.390446
Industrial (TEP),RBF + Ridge,Fault_2,26,XMV_4,5.592595
Industrial (TEP),RBF + Ridge,Fault_2,27,XMEAS_20,4.762929
Industrial (TEP),RBF + Ridge,Fault_2,28,XMEAS_2,4.430299
Industrial (TEP),RBF + Ridge,Fault_2,29,XMEAS_31,4.195428
Industrial (TEP),RBF + Ridge,Fault_2,30,XMEAS_8,3.936897
Industrial (TEP),RBF + Ridge,Fault_2,31,XMEAS_26,3.763313
Industrial (TEP),RBF + Ridge,Fault_2,32,XMEAS_27,3.711485
Industrial (TEP),RBF + Ridge,Fault_2,33,XMEAS_21,3.155083
Industrial (TEP),RBF + Ridge,Fault_2,34,XMV_3,2.937232
Industrial (TEP),RBF + Ridge,Fault_2,35,XMEAS_14,2.852126
Industrial (TEP),RBF + Ridge,Fault_2,36,XMV_1,2.843066
Industrial (TEP),RBF + Ridge,Fault_2,37,XMEAS_29,2.690506
Industrial (TEP),RBF + Ridge,Fault_2,38,XMEAS_32,2.448725
Industrial (TEP),RBF + Ridge,Fault_2,39,XMV_11,2.355327
Industrial (TEP),RBF + Ridge,Fault_2,40,XMEAS_17,2.290812
Industrial (TEP),RBF + Ridge,Fault_2,41,XMEAS_40,2.286340
Industrial (TEP),RBF + Ridge,Fault_2,42,XMEAS_38,2.251105
Industrial (TEP),RBF + Ridge,Fault_2,43,XMV_7,2.073263
Industrial (TEP),RBF + Ridge,Fault_2,44,XMEAS_12,1.992002
Industrial (TEP),RBF + Ridge,Fault_2,45,XMEAS_23,1.973805
Industrial (TEP),RBF + Ridge,Fault_2,46,XMEAS_15,1.956557
Industrial (TEP),RBF + Ridge,Fault_2,47,XMV_8,1.926922
Industrial (TEP),RBF + Ridge,Fault_2,48,XMV_10,1.860197
Industrial (TEP),RBF + Ridge,Fault_2,49,XMEAS_9,1.721076
Industrial (TEP),RBF + Ridge,Fault_2,50,XMEAS_5,1.550494
Industrial (TEP),RBF + Ridge,Fault_2,51,XMEAS_37,1.313800
Industrial (TEP),RBF + Ridge,Fault_2,52,XMEAS_41,0.946968
Industrial (TEP),RBF + Ridge,Fault_3,1,XMEAS_1,6.421567
Industrial (TEP),RBF + Ridge,Fault_3,2,XMEAS_29,5.423166
Industrial (TEP),RBF + Ridge,Fault_3,3,XMEAS_19,4.912434
Industrial (TEP),RBF + Ridge,Fault_3,4,XMEAS_20,4.623020
Industrial (TEP),RBF + Ridge,Fault_3,5,XMEAS_10,4.003880
Industrial (TEP),RBF + Ridge,Fault_3,6,XMV_5,3.990381
Industrial (TEP),RBF + Ridge,Fault_3,7,XMEAS_11,3.934185
Industrial (TEP),RBF + Ridge,Fault_3,8,XMEAS_34,3.916462
Industrial (TEP),RBF + Ridge,Fault_3,9,XMEAS_23,3.780736
Industrial (TEP),RBF + Ridge,Fault_3,10,XMEAS_33,3.643862
Industrial (TEP),RBF + Ridge,Fault_3,11,XMEAS_13,3.184996
Industrial (TEP),RBF + Ridge,Fault_3,12,XMEAS_30,3.050164
Industrial (TEP),RBF + Ridge,Fault_3,13,XMEAS_4,2.983007
Industrial (TEP),RBF + Ridge,Fault_3,14,XMEAS_35,2.979995
Industrial (TEP),RBF + Ridge,Fault_3,15,XMV_3,2.929054
Industrial (TEP),RBF + Ridge,Fault_3,16,XMEAS_27,2.890159
Industrial (TEP),RBF + Ridge,Fault_3,17,XMEAS_16,2.863036
Industrial (TEP),RBF + Ridge,Fault_3,18,XMEAS_31,2.856925
Industrial (TEP),RBF + Ridge,Fault_3,19,XMV_9,2.853558
Industrial (TEP),RBF + Ridge,Fault_3,20,XMV_2,2.830747
Industrial (TEP),RBF + Ridge,Fault_3,21,XMEAS_21,2.754486
Industrial (TEP),RBF + Ridge,Fault_3,22,XMV_6,2.686395
Industrial (TEP),RBF + Ridge,Fault_3,23,XMEAS_8,2.655493
Industrial (TEP),RBF + Ridge,Fault_3,24,XMEAS_25,2.561629
Industrial (TEP),RBF + Ridge,Fault_3,25,XMEAS_17,2.352527
Industrial (TEP),RBF + Ridge,Fault_3,26,XMV_11,2.310102
Industrial (TEP),RBF + Ridge,Fault_3,27,XMEAS_18,2.230353
Industrial (TEP),RBF + Ridge,Fault_3,28,XMEAS_40,2.172010
Industrial (TEP),RBF + Ridge,Fault_3,29,XMEAS_32,2.123592
Industrial (TEP),RBF + Ridge,Fault_3,30,XMEAS_38,2.091799
Industrial (TEP),RBF + Ridge,Fault_3,31,XMV_7,2.058535
Industrial (TEP),RBF + Ridge,Fault_3,32,XMEAS_7,2.049504
Industrial (TEP),RBF + Ridge,Fault_3,33,XMEAS_22,2.024927
Industrial (TEP),RBF + Ridge,Fault_3,34,XMEAS_12,2.012993
Industrial (TEP),RBF + Ridge,Fault_3,35,XMEAS_15,1.961917
Industrial (TEP),RBF + Ridge,Fault_3,36,XMV_8,1.930798
Industrial (TEP),RBF + Ridge,Fault_3,37,XMEAS_9,1.883326
Industrial (TEP),RBF + Ridge,Fault_3,38,XMEAS_3,1.867179
Industrial (TEP),RBF + Ridge,Fault_3,39,XMV_4,1.835546
Industrial (TEP),RBF + Ridge,Fault_3,40,XMEAS_2,1.765935
Industrial (TEP),RBF + Ridge,Fault_3,41,XMV_10,1.730635
Industrial (TEP),RBF + Ridge,Fault_3,42,XMEAS_28,1.713091
Industrial (TEP),RBF + Ridge,Fault_3,43,XMV_1,1.690807
Industrial (TEP),RBF + Ridge,Fault_3,44,XMEAS_26,1.543588
Industrial (TEP),RBF + Ridge,Fault_3,45,XMEAS_24,1.456997
Industrial (TEP),RBF + Ridge,Fault_3,46,XMEAS_36,1.391530
Industrial (TEP),RBF + Ridge,Fault_3,47,XMEAS_5,1.389741
Industrial (TEP),RBF + Ridge,Fault_3,48,XMEAS_39,1.301365
Industrial (TEP),RBF + Ridge,Fault_3,49,XMEAS_14,1.258955
Industrial (TEP),RBF + Ridge,Fault_3,50,XMEAS_41,1.031179
Industrial (TEP),RBF + Ridge,Fault_3,51,XMEAS_37,0.897982
Industrial (TEP),RBF + Ridge,Fault_3,52,XMEAS_6,0.870446
Industrial (TEP),RBF + Ridge,Fault_4,1,XMEAS_1,6.606223
Industrial (TEP),RBF + Ridge,Fault_4,2,XMV_10,6.039798
Industrial (TEP),RBF + Ridge,Fault_4,3,XMEAS_29,5.506377
Industrial (TEP),RBF + Ridge,Fault_4,4,XMEAS_19,4.959721
Industrial (TEP),RBF + Ridge,Fault_4,5,XMEAS_20,4.727082
Industrial (TEP),RBF + Ridge,Fault_4,6,XMEAS_10,4.146734
Industrial (TEP),RBF + Ridge,Fault_4,7,XMV_5,4.077861
Industrial (TEP),RBF + Ridge,Fault_4,8,XMEAS_11,4.061806
Industrial (TEP),RBF + Ridge,Fault_4,9,XMEAS_34,3.991644
Industrial (TEP),RBF + Ridge,Fault_4,10,XMEAS_23,3.895997
Industrial (TEP),RBF + Ridge,Fault_4,11,XMEAS_33,3.701160
Industrial (TEP),RBF + Ridge,Fault_4,12,XMEAS_13,3.222089
Industrial (TEP),RBF + Ridge,Fault_4,13,XMEAS_30,3.186280
Industrial (TEP),RBF + Ridge,Fault_4,14,XMEAS_35,3.076252
Industrial (TEP),RBF + Ridge,Fault_4,15,XMEAS_4,3.047319
Industrial (TEP),RBF + Ridge,Fault_4,16,XMV_3,2.945292
Industrial (TEP),RBF + Ridge,Fault_4,17,XMEAS_27,2.936271
Industrial (TEP),RBF + Ridge,Fault_4,18,XMEAS_31,2.884616
Industrial (TEP),RBF + Ridge,Fault_4,19,XMEAS_16,2.883789
Industrial (TEP),RBF + Ridge,Fault_4,20,XMV_2,2.874397
Industrial (TEP),RBF + Ridge,Fault_4,21,XMV_9,2.860446
Industrial (TEP),RBF + Ridge,Fault_4,22,XMEAS_21,2.739486
Industrial (TEP),RBF + Ridge,Fault_4,23,XMV_6,2.714968
Industrial (TEP),RBF + Ridge,Fault_4,24,XMEAS_8,2.702298
Industrial (TEP),RBF + Ridge,Fault_4,25,XMEAS_25,2.617614
Industrial (TEP),RBF + Ridge,Fault_4,26,XMEAS_17,2.353075
Industrial (TEP),RBF + Ridge,Fault_4,27,XMV_11,2.310868
Industrial (TEP),RBF + Ridge,Fault_4,28,XMEAS_18,2.230392
Industrial (TEP),RBF + Ridge,Fault_4,29,XMEAS_22,2.183091
Industrial (TEP),RBF + Ridge,Fault_4,30,XMEAS_40,2.182250
Industrial (TEP),RBF + Ridge,Fault_4,31,XMEAS_32,2.147516
Industrial (TEP),RBF + Ridge,Fault_4,32,XMEAS_38,2.144464
Industrial (TEP),RBF + Ridge,Fault_4,33,XMEAS_7,2.065534
Industrial (TEP),RBF + Ridge,Fault_4,34,XMV_7,2.058996
Industrial (TEP),RBF + Ridge,Fault_4,35,XMEAS_9,2.052070
Industrial (TEP),RBF + Ridge,Fault_4,36,XMEAS_12,2.012460
Industrial (TEP),RBF + Ridge,Fault_4,37,XMEAS_15,1.961407
Industrial (TEP),RBF + Ridge,Fault_4,38,XMV_8,1.930322
Industrial (TEP),RBF + Ridge,Fault_4,39,XMEAS_3,1.912020
Industrial (TEP),RBF + Ridge,Fault_4,40,XMV_4,1.790740
Industrial (TEP),RBF + Ridge,Fault_4,41,XMEAS_2,1.764298
Industrial (TEP),RBF + Ridge,Fault_4,42,XMEAS_26,1.717710
Industrial (TEP),RBF + Ridge,Fault_4,43,XMV_1,1.687061
Industrial (TEP),RBF + Ridge,Fault_4,44,XMEAS_28,1.682511
Industrial (TEP),RBF + Ridge,Fault_4,45,XMEAS_24,1.484304
Industrial (TEP),RBF + Ridge,Fault_4,46,XMEAS_36,1.430606
Industrial (TEP),RBF + Ridge,Fault_4,47,XMEAS_5,1.392690
Industrial (TEP),RBF + Ridge,Fault_4,48,XMEAS_39,1.350344
Industrial (TEP),RBF + Ridge,Fault_4,49,XMEAS_14,1.283832
Industrial (TEP),RBF + Ridge,Fault_4,50,XMEAS_41,1.031359
Industrial (TEP),RBF + Ridge,Fault_4,51,XMEAS_37,0.886044
Industrial (TEP),RBF + Ridge,Fault_4,52,XMEAS_6,0.834803
Industrial (TEP),RBF + Ridge,Fault_5,1,XMEAS_1,33.555747
Industrial (TEP),RBF + Ridge,Fault_5,2,XMEAS_19,27.297933
Industrial (TEP),RBF + Ridge,Fault_5,3,XMEAS_18,21.679940
Industrial (TEP),RBF + Ridge,Fault_5,4,XMEAS_30,18.588290
Industrial (TEP),RBF + Ridge,Fault_5,5,XMEAS_29,18.372395
Industrial (TEP),RBF + Ridge,Fault_5,6,XMEAS_34,17.641119
Industrial (TEP),RBF + Ridge,Fault_5,7,XMEAS_11,17.526169
Industrial (TEP),RBF + Ridge,Fault_5,8,XMEAS_25,16.677447
Industrial (TEP),RBF + Ridge,Fault_5,9,XMEAS_31,15.559763
Industrial (TEP),RBF + Ridge,Fault_5,10,XMEAS_35,15.175694
Industrial (TEP),RBF + Ridge,Fault_5,11,XMEAS_8,15.048537
Industrial (TEP),RBF + Ridge,Fault_5,12,XMEAS_33,14.615281
Industrial (TEP),RBF + Ridge,Fault_5,13,XMV_2,14.323047
Industrial (TEP),RBF + Ridge,Fault_5,14,XMEAS_23,14.163598
Industrial (TEP),RBF + Ridge,Fault_5,15,XMEAS_4,14.036916
Industrial (TEP),RBF + Ridge,Fault_5,16,XMEAS_10,13.944502
Industrial (TEP),RBF + Ridge,Fault_5,17,XMEAS_7,13.772382
Industrial (TEP),RBF + Ridge,Fault_5,18,XMV_5,12.722525
Industrial (TEP),RBF + Ridge,Fault_5,19,XMEAS_38,11.757043
Industrial (TEP),RBF + Ridge,Fault_5,20,XMEAS_13,11.312985
Industrial (TEP),RBF + Ridge,Fault_5,21,XMV_9,11.043357
Industrial (TEP),RBF + Ridge,Fault_5,22,XMEAS_16,10.399008
Industrial (TEP),RBF + Ridge,Fault_5,23,XMEAS_20,10.276624
Industrial (TEP),RBF + Ridge,Fault_5,24,XMEAS_36,9.299719
Industrial (TEP),RBF + Ridge,Fault_5,25,XMEAS_21,8.959193
Industrial (TEP),RBF + Ridge,Fault_5,26,XMEAS_27,8.574801
Industrial (TEP),RBF + Ridge,Fault_5,27,XMEAS_3,8.413997
Industrial (TEP),RBF + Ridge,Fault_5,28,XMEAS_24,7.485946
Industrial (TEP),RBF + Ridge,Fault_5,29,XMV_3,6.747435
Industrial (TEP),RBF + Ridge,Fault_5,30,XMEAS_32,6.374480
Industrial (TEP),RBF + Ridge,Fault_5,31,XMEAS_28,6.291685
Industrial (TEP),RBF + Ridge,Fault_5,32,XMEAS_22,6.276313
Industrial (TEP),RBF + Ridge,Fault_5,33,XMV_4,5.912826
Industrial (TEP),RBF + Ridge,Fault_5,34,XMV_6,5.026392
Industrial (TEP),RBF + Ridge,Fault_5,35,XMEAS_39,4.408199
Industrial (TEP),RBF + Ridge,Fault_5,36,XMEAS_40,3.583873
Industrial (TEP),RBF + Ridge,Fault_5,37,XMEAS_2,3.415367
Industrial (TEP),RBF + Ridge,Fault_5,38,XMV_10,2.750408
Industrial (TEP),RBF + Ridge,Fault_5,39,XMEAS_6,2.653315
Industrial (TEP),RBF + Ridge,Fault_5,40,XMV_11,2.499664
Industrial (TEP),RBF + Ridge,Fault_5,41,XMEAS_26,2.443017
Industrial (TEP),RBF + Ridge,Fault_5,42,XMEAS_41,2.429688
Industrial (TEP),RBF + Ridge,Fault_5,43,XMEAS_17,2.123942
Industrial (TEP),RBF + Ridge,Fault_5,44,XMV_1,2.118043
Industrial (TEP),RBF + Ridge,Fault_5,45,XMV_7,2.031880
Industrial (TEP),RBF + Ridge,Fault_5,46,XMEAS_15,1.975400
Industrial (TEP),RBF + Ridge,Fault_5,47,XMEAS_12,1.969541
Industrial (TEP),RBF + Ridge,Fault_5,48,XMV_8,1.954724
Industrial (TEP),RBF + Ridge,Fault_5,49,XMEAS_14,1.950321
Industrial (TEP),RBF + Ridge,Fault_5,50,XMEAS_9,1.819983
Industrial (TEP),RBF + Ridge,Fault_5,51,XMEAS_5,1.514261
Industrial (TEP),RBF + Ridge,Fault_5,52,XMEAS_37,0.895690
Industrial (TEP),RBF + Ridge,Fault_6,1,XMEAS_25,167.712109
Industrial (TEP),RBF + Ridge,Fault_6,2,XMEAS_29,137.874937
Industrial (TEP),RBF + Ridge,Fault_6,3,XMEAS_7,127.104974
Industrial (TEP),RBF + Ridge,Fault_6,4,XMV_10,110.458277
Industrial (TEP),RBF + Ridge,Fault_6,5,XMV_2,106.066625
Industrial (TEP),RBF + Ridge,Fault_6,6,XMEAS_35,103.164057
Industrial (TEP),RBF + Ridge,Fault_6,7,XMEAS_19,99.451346
Industrial (TEP),RBF + Ridge,Fault_6,8,XMEAS_23,98.453670
Industrial (TEP),RBF + Ridge,Fault_6,9,XMEAS_31,74.533483
Industrial (TEP),RBF + Ridge,Fault_6,10,XMEAS_1,72.312339
Industrial (TEP),RBF + Ridge,Fault_6,11,XMEAS_10,70.355154
Industrial (TEP),RBF + Ridge,Fault_6,12,XMV_5,60.283009
Industrial (TEP),RBF + Ridge,Fault_6,13,XMEAS_34,57.933860
Industrial (TEP),RBF + Ridge,Fault_6,14,XMEAS_11,56.592473
Industrial (TEP),RBF + Ridge,Fault_6,15,XMV_4,56.573116
Industrial (TEP),RBF + Ridge,Fault_6,16,XMEAS_16,48.487668
Industrial (TEP),RBF + Ridge,Fault_6,17,XMEAS_22,39.278897
Industrial (TEP),RBF + Ridge,Fault_6,18,XMV_3,36.444543
Industrial (TEP),RBF + Ridge,Fault_6,19,XMEAS_28,34.878996
Industrial (TEP),RBF + Ridge,Fault_6,20,XMEAS_13,34.087875
Industrial (TEP),RBF + Ridge,Fault_6,21,XMEAS_36,33.952248
Industrial (TEP),RBF + Ridge,Fault_6,22,XMEAS_38,28.630852
Industrial (TEP),RBF + Ridge,Fault_6,23,XMEAS_30,26.786199
Industrial (TEP),RBF + Ridge,Fault_6,24,XMEAS_20,26.428691
Industrial (TEP),RBF + Ridge,Fault_6,25,XMV_6,24.108887
Industrial (TEP),RBF + Ridge,Fault_6,26,XMV_9,20.520191
Industrial (TEP),RBF + Ridge,Fault_6,27,XMEAS_21,18.763502
Industrial (TEP),RBF + Ridge,Fault_6,28,XMV_11,13.459591
Industrial (TEP),RBF + Ridge,Fault_6,29,XMEAS_18,13.457141
Industrial (TEP),RBF + Ridge,Fault_6,30,XMEAS_3,9.658057
Industrial (TEP),RBF + Ridge,Fault_6,31,XMEAS_4,9.555704
Industrial (TEP),RBF + Ridge,Fault_6,32,XMEAS_8,8.004544
Industrial (TEP),RBF + Ridge,Fault_6,33,XMEAS_24,6.934105
Industrial (TEP),RBF + Ridge,Fault_6,34,XMEAS_41,6.667915
Industrial (TEP),RBF + Ridge,Fault_6,35,XMEAS_32,6.347680
Industrial (TEP),RBF + Ridge,Fault_6,36,XMEAS_6,5.948822
Industrial (TEP),RBF + Ridge,Fault_6,37,XMEAS_33,5.297234
Industrial (TEP),RBF + Ridge,Fault_6,38,XMEAS_40,4.810102
Industrial (TEP),RBF + Ridge,Fault_6,39,XMEAS_27,4.712392
Industrial (TEP),RBF + Ridge,Fault_6,40,XMEAS_14,3.727464
Industrial (TEP),RBF + Ridge,Fault_6,41,XMV_1,3.489704
Industrial (TEP),RBF + Ridge,Fault_6,42,XMEAS_39,3.386571
Industrial (TEP),RBF + Ridge,Fault_6,43,XMEAS_37,2.639444
Industrial (TEP),RBF + Ridge,Fault_6,44,XMEAS_9,2.130803
Industrial (TEP),RBF + Ridge,Fault_6,45,XMEAS_26,2.013644
Industrial (TEP),RBF + Ridge,Fault_6,46,XMEAS_2,1.957130
Industrial (TEP),RBF + Ridge,Fault_6,47,XMEAS_5,1.710068
Industrial (TEP),RBF + Ridge,Fault_6,48,XMEAS_17,0.995379
Industrial (TEP),RBF + Ridge,Fault_6,49,XMV_7,0.941349
Industrial (TEP),RBF + Ridge,Fault_6,50,XMV_8,0.939958
Industrial (TEP),RBF + Ridge,Fault_6,51,XMEAS_15,0.906752
Industrial (TEP),RBF + Ridge,Fault_6,52,XMEAS_12,0.901738
Industrial (TEP),RBF + Ridge,Fault_7,1,XMEAS_1,69.741163
Industrial (TEP),RBF + Ridge,Fault_7,2,XMEAS_19,57.685373
Industrial (TEP),RBF + Ridge,Fault_7,3,XMEAS_7,51.408708
Industrial (TEP),RBF + Ridge,Fault_7,4,XMEAS_18,43.478144
Industrial (TEP),RBF + Ridge,Fault_7,5,XMEAS_8,42.705084
Industrial (TEP),RBF + Ridge,Fault_7,6,XMEAS_30,40.040537
Industrial (TEP),RBF + Ridge,Fault_7,7,XMEAS_25,35.615461
Industrial (TEP),RBF + Ridge,Fault_7,8,XMEAS_4,35.558504
Industrial (TEP),RBF + Ridge,Fault_7,9,XMEAS_10,32.997336
Industrial (TEP),RBF + Ridge,Fault_7,10,XMEAS_38,32.715226
Industrial (TEP),RBF + Ridge,Fault_7,11,XMEAS_35,32.692775
Industrial (TEP),RBF + Ridge,Fault_7,12,XMV_4,32.367383
Industrial (TEP),RBF + Ridge,Fault_7,13,XMV_2,31.793286
Industrial (TEP),RBF + Ridge,Fault_7,14,XMEAS_29,30.839218
Industrial (TEP),RBF + Ridge,Fault_7,15,XMEAS_23,29.535591
Industrial (TEP),RBF + Ridge,Fault_7,16,XMEAS_31,28.769137
Industrial (TEP),RBF + Ridge,Fault_7,17,XMEAS_34,28.582131
Industrial (TEP),RBF + Ridge,Fault_7,18,XMEAS_11,28.156231
Industrial (TEP),RBF + Ridge,Fault_7,19,XMEAS_33,24.816829
Industrial (TEP),RBF + Ridge,Fault_7,20,XMV_5,22.349286
Industrial (TEP),RBF + Ridge,Fault_7,21,XMEAS_13,19.753682
Industrial (TEP),RBF + Ridge,Fault_7,22,XMEAS_20,18.530922
Industrial (TEP),RBF + Ridge,Fault_7,23,XMEAS_16,17.484246
Industrial (TEP),RBF + Ridge,Fault_7,24,XMEAS_21,17.068774
Industrial (TEP),RBF + Ridge,Fault_7,25,XMEAS_22,16.676652
Industrial (TEP),RBF + Ridge,Fault_7,26,XMV_9,16.468930
Industrial (TEP),RBF + Ridge,Fault_7,27,XMEAS_24,16.222241
Industrial (TEP),RBF + Ridge,Fault_7,28,XMEAS_36,15.485240
Industrial (TEP),RBF + Ridge,Fault_7,29,XMEAS_28,14.365668
Industrial (TEP),RBF + Ridge,Fault_7,30,XMEAS_32,13.967577
Industrial (TEP),RBF + Ridge,Fault_7,31,XMEAS_3,13.654086
Industrial (TEP),RBF + Ridge,Fault_7,32,XMEAS_27,13.061900
Industrial (TEP),RBF + Ridge,Fault_7,33,XMV_3,10.835120
Industrial (TEP),RBF + Ridge,Fault_7,34,XMV_6,8.550297
Industrial (TEP),RBF + Ridge,Fault_7,35,XMEAS_26,7.864356
Industrial (TEP),RBF + Ridge,Fault_7,36,XMEAS_6,7.225960
Industrial (TEP),RBF + Ridge,Fault_7,37,XMEAS_14,6.568412
Industrial (TEP),RBF + Ridge,Fault_7,38,XMEAS_39,6.460515
Industrial (TEP),RBF + Ridge,Fault_7,39,XMEAS_2,5.757671
Industrial (TEP),RBF + Ridge,Fault_7,40,XMV_10,5.325720
Industrial (TEP),RBF + Ridge,Fault_7,41,XMEAS_9,5.220470
Industrial (TEP),RBF + Ridge,Fault_7,42,XMEAS_41,4.350811
Industrial (TEP),RBF + Ridge,Fault_7,43,XMEAS_40,3.463931
Industrial (TEP),RBF + Ridge,Fault_7,44,XMV_1,2.990092
Industrial (TEP),RBF + Ridge,Fault_7,45,XMEAS_17,2.359196
Industrial (TEP),RBF + Ridge,Fault_7,46,XMV_11,2.321176
Industrial (TEP),RBF + Ridge,Fault_7,47,XMV_7,2.102473
Industrial (TEP),RBF + Ridge,Fault_7,48,XMEAS_12,2.082565
Industrial (TEP),RBF + Ridge,Fault_7,49,XMEAS_15,1.984461
Industrial (TEP),RBF + Ridge,Fault_7,50,XMV_8,1.951731
Industrial (TEP),RBF + Ridge,Fault_7,51,XMEAS_5,1.594879
Industrial (TEP),RBF + Ridge,Fault_7,52,XMEAS_37,1.395208
Industrial (TEP),RBF + Ridge,Fault_8,1,XMEAS_1,113.379121
Industrial (TEP),RBF + Ridge,Fault_8,2,XMEAS_29,78.730873
Industrial (TEP),RBF + Ridge,Fault_8,3,XMEAS_10,76.078202
Industrial (TEP),RBF + Ridge,Fault_8,4,XMEAS_25,70.131732
Industrial (TEP),RBF + Ridge,Fault_8,5,XMEAS_7,64.399947
Industrial (TEP),RBF + Ridge,Fault_8,6,XMEAS_23,60.324039
Industrial (TEP),RBF + Ridge,Fault_8,7,XMEAS_34,58.494004
Industrial (TEP),RBF + Ridge,Fault_8,8,XMEAS_31,56.223100
Industrial (TEP),RBF + Ridge,Fault_8,9,XMEAS_4,53.719780
Industrial (TEP),RBF + Ridge,Fault_8,10,XMEAS_38,49.733913
Industrial (TEP),RBF + Ridge,Fault_8,11,XMEAS_19,46.855976
Industrial (TEP),RBF + Ridge,Fault_8,12,XMEAS_28,46.418044
Industrial (TEP),RBF + Ridge,Fault_8,13,XMV_2,45.390380
Industrial (TEP),RBF + Ridge,Fault_8,14,XMEAS_30,44.285634
Industrial (TEP),RBF + Ridge,Fault_8,15,XMEAS_35,43.772288
Industrial (TEP),RBF + Ridge,Fault_8,16,XMEAS_8,41.583821
Industrial (TEP),RBF + Ridge,Fault_8,17,XMEAS_18,40.754499
Industrial (TEP),RBF + Ridge,Fault_8,18,XMEAS_11,29.715992
Industrial (TEP),RBF + Ridge,Fault_8,19,XMEAS_33,27.607183
Industrial (TEP),RBF + Ridge,Fault_8,20,XMEAS_22,26.682937
Industrial (TEP),RBF + Ridge,Fault_8,21,XMV_4,24.306843
Industrial (TEP),RBF + Ridge,Fault_8,22,XMEAS_16,23.671070
Industrial (TEP),RBF + Ridge,Fault_8,23,XMEAS_21,22.659090
Industrial (TEP),RBF + Ridge,Fault_8,24,XMEAS_13,22.263926
Industrial (TEP),RBF + Ridge,Fault_8,25,XMEAS_27,20.218581
Industrial (TEP),RBF + Ridge,Fault_8,26,XMEAS_36,19.835866
Industrial (TEP),RBF + Ridge,Fault_8,27,XMV_6,19.627594
Industrial (TEP),RBF + Ridge,Fault_8,28,XMV_5,19.372412
Industrial (TEP),RBF + Ridge,Fault_8,29,XMEAS_32,17.469008
Industrial (TEP),RBF + Ridge,Fault_8,30,XMEAS_20,17.450894
Industrial (TEP),RBF + Ridge,Fault_8,31,XMV_3,17.123192
Industrial (TEP),RBF + Ridge,Fault_8,32,XMEAS_24,17.075319
Industrial (TEP),RBF + Ridge,Fault_8,33,XMV_9,15.542519
Industrial (TEP),RBF + Ridge,Fault_8,34,XMEAS_3,13.610259
Industrial (TEP),RBF + Ridge,Fault_8,35,XMEAS_6,12.824294
Industrial (TEP),RBF + Ridge,Fault_8,36,XMEAS_39,11.739613
Industrial (TEP),RBF + Ridge,Fault_8,37,XMEAS_14,8.550985
Industrial (TEP),RBF + Ridge,Fault_8,38,XMEAS_26,7.477742
Industrial (TEP),RBF + Ridge,Fault_8,39,XMV_10,6.024831
Industrial (TEP),RBF + Ridge,Fault_8,40,XMEAS_9,5.712811
Industrial (TEP),RBF + Ridge,Fault_8,41,XMEAS_40,5.405521
Industrial (TEP),RBF + Ridge,Fault_8,42,XMEAS_41,5.322753
Industrial (TEP),RBF + Ridge,Fault_8,43,XMEAS_2,5.288281
Industrial (TEP),RBF + Ridge,Fault_8,44,XMV_1,3.614762
Industrial (TEP),RBF + Ridge,Fault_8,45,XMEAS_37,3.556746
Industrial (TEP),RBF + Ridge,Fault_8,46,XMEAS_17,2.468323
Industrial (TEP),RBF + Ridge,Fault_8,47,XMV_11,2.463823
Industrial (TEP),RBF + Ridge,Fault_8,48,XMV_7,2.054480
Industrial (TEP),RBF + Ridge,Fault_8,49,XMEAS_15,2.015437
Industrial (TEP),RBF + Ridge,Fault_8,50,XMEAS_12,2.011179
Industrial (TEP),RBF + Ridge,Fault_8,51,XMV_8,1.985719
Industrial (TEP),RBF + Ridge,Fault_8,52,XMEAS_5,1.970696
Industrial (TEP),RBF + Ridge,Fault_9,1,XMEAS_1,6.772658
Industrial (TEP),RBF + Ridge,Fault_9,2,XMEAS_29,5.602347
Industrial (TEP),RBF + Ridge,Fault_9,3,XMEAS_19,5.060127
Industrial (TEP),RBF + Ridge,Fault_9,4,XMEAS_20,4.755938
Industrial (TEP),RBF + Ridge,Fault_9,5,XMEAS_10,4.285084
Industrial (TEP),RBF + Ridge,Fault_9,6,XMEAS_34,4.141318
Industrial (TEP),RBF + Ridge,Fault_9,7,XMV_5,4.131240
Industrial (TEP),RBF + Ridge,Fault_9,8,XMEAS_11,4.081013
Industrial (TEP),RBF + Ridge,Fault_9,9,XMEAS_23,3.982686
Industrial (TEP),RBF + Ridge,Fault_9,10,XMEAS_33,3.768782
Industrial (TEP),RBF + Ridge,Fault_9,11,XMEAS_30,3.359819
Industrial (TEP),RBF + Ridge,Fault_9,12,XMEAS_13,3.288205
Industrial (TEP),RBF + Ridge,Fault_9,13,XMEAS_4,3.284899
Industrial (TEP),RBF + Ridge,Fault_9,14,XMEAS_35,3.183980
Industrial (TEP),RBF + Ridge,Fault_9,15,XMEAS_27,2.999883
Industrial (TEP),RBF + Ridge,Fault_9,16,XMEAS_31,2.991566
Industrial (TEP),RBF + Ridge,Fault_9,17,XMV_3,2.963800
Industrial (TEP),RBF + Ridge,Fault_9,18,XMV_2,2.960063
Industrial (TEP),RBF + Ridge,Fault_9,19,XMEAS_16,2.955097
Industrial (TEP),RBF + Ridge,Fault_9,20,XMEAS_8,2.912259
Industrial (TEP),RBF + Ridge,Fault_9,21,XMV_9,2.891939
Industrial (TEP),RBF + Ridge,Fault_9,22,XMV_6,2.756910
Industrial (TEP),RBF + Ridge,Fault_9,23,XMEAS_25,2.677886
Industrial (TEP),RBF + Ridge,Fault_9,24,XMEAS_21,2.514239
Industrial (TEP),RBF + Ridge,Fault_9,25,XMEAS_17,2.352886
Industrial (TEP),RBF + Ridge,Fault_9,26,XMV_11,2.310340
Industrial (TEP),RBF + Ridge,Fault_9,27,XMEAS_18,2.270562
Industrial (TEP),RBF + Ridge,Fault_9,28,XMEAS_32,2.268341
Industrial (TEP),RBF + Ridge,Fault_9,29,XMEAS_7,2.252167
Industrial (TEP),RBF + Ridge,Fault_9,30,XMEAS_40,2.185673
Industrial (TEP),RBF + Ridge,Fault_9,31,XMEAS_38,2.175519
Industrial (TEP),RBF + Ridge,Fault_9,32,XMV_7,2.058218
Industrial (TEP),RBF + Ridge,Fault_9,33,XMEAS_22,2.037033
Industrial (TEP),RBF + Ridge,Fault_9,34,XMEAS_12,2.011776
Industrial (TEP),RBF + Ridge,Fault_9,35,XMEAS_15,1.962537
Industrial (TEP),RBF + Ridge,Fault_9,36,XMEAS_3,1.945069
Industrial (TEP),RBF + Ridge,Fault_9,37,XMV_8,1.931374
Industrial (TEP),RBF + Ridge,Fault_9,38,XMEAS_9,1.869616
Industrial (TEP),RBF + Ridge,Fault_9,39,XMEAS_2,1.785420
Industrial (TEP),RBF + Ridge,Fault_9,40,XMEAS_28,1.699163
Industrial (TEP),RBF + Ridge,Fault_9,41,XMV_4,1.683903
Industrial (TEP),RBF + Ridge,Fault_9,42,XMV_10,1.670747
Industrial (TEP),RBF + Ridge,Fault_9,43,XMV_1,1.660455
Industrial (TEP),RBF + Ridge,Fault_9,44,XMEAS_26,1.644705
Industrial (TEP),RBF + Ridge,Fault_9,45,XMEAS_24,1.533677
Industrial (TEP),RBF + Ridge,Fault_9,46,XMEAS_39,1.513611
Industrial (TEP),RBF + Ridge,Fault_9,47,XMEAS_36,1.510158
Industrial (TEP),RBF + Ridge,Fault_9,48,XMEAS_5,1.437187
Industrial (TEP),RBF + Ridge,Fault_9,49,XMEAS_14,1.279984
Industrial (TEP),RBF + Ridge,Fault_9,50,XMEAS_41,1.136482
Industrial (TEP),RBF + Ridge,Fault_9,51,XMEAS_6,1.000880
Industrial (TEP),RBF + Ridge,Fault_9,52,XMEAS_37,0.902227
Industrial (TEP),RBF + Ridge,Fault_10,1,XMEAS_1,11.828833
Industrial (TEP),RBF + Ridge,Fault_10,2,XMEAS_18,7.493866
Industrial (TEP),RBF + Ridge,Fault_10,3,XMEAS_11,6.743165
Industrial (TEP),RBF + Ridge,Fault_10,4,XMEAS_10,6.590093
Industrial (TEP),RBF + Ridge,Fault_10,5,XMEAS_33,6.113851
Industrial (TEP),RBF + Ridge,Fault_10,6,XMEAS_30,6.071369
Industrial (TEP),RBF + Ridge,Fault_10,7,XMEAS_34,5.960631
Industrial (TEP),RBF + Ridge,Fault_10,8,XMEAS_31,5.928783
Industrial (TEP),RBF + Ridge,Fault_10,9,XMV_5,5.816014
Industrial (TEP),RBF + Ridge,Fault_10,10,XMEAS_20,5.809608
Industrial (TEP),RBF + Ridge,Fault_10,11,XMEAS_19,5.697430
Industrial (TEP),RBF + Ridge,Fault_10,12,XMV_9,5.646400
Industrial (TEP),RBF + Ridge,Fault_10,13,XMEAS_23,5.612217
Industrial (TEP),RBF + Ridge,Fault_10,14,XMEAS_29,5.546325
Industrial (TEP),RBF + Ridge,Fault_10,15,XMEAS_38,5.292288
Industrial (TEP),RBF + Ridge,Fault_10,16,XMEAS_25,5.248879
Industrial (TEP),RBF + Ridge,Fault_10,17,XMEAS_8,5.169209
Industrial (TEP),RBF + Ridge,Fault_10,18,XMEAS_13,5.151662
Industrial (TEP),RBF + Ridge,Fault_10,19,XMEAS_4,5.052805
Industrial (TEP),RBF + Ridge,Fault_10,20,XMEAS_35,5.013412
Industrial (TEP),RBF + Ridge,Fault_10,21,XMEAS_16,4.809876
Industrial (TEP),RBF + Ridge,Fault_10,22,XMV_2,4.788121
Industrial (TEP),RBF + Ridge,Fault_10,23,XMEAS_39,4.383897
Industrial (TEP),RBF + Ridge,Fault_10,24,XMEAS_27,4.288704
Industrial (TEP),RBF + Ridge,Fault_10,25,XMV_3,3.781685
Industrial (TEP),RBF + Ridge,Fault_10,26,XMEAS_7,3.638743
Industrial (TEP),RBF + Ridge,Fault_10,27,XMEAS_21,3.454143
Industrial (TEP),RBF + Ridge,Fault_10,28,XMEAS_3,3.426506
Industrial (TEP),RBF + Ridge,Fault_10,29,XMV_6,3.217163
Industrial (TEP),RBF + Ridge,Fault_10,30,XMEAS_22,2.910440
Industrial (TEP),RBF + Ridge,Fault_10,31,XMEAS_32,2.821328
Industrial (TEP),RBF + Ridge,Fault_10,32,XMEAS_24,2.705152
Industrial (TEP),RBF + Ridge,Fault_10,33,XMEAS_40,2.529009
Industrial (TEP),RBF + Ridge,Fault_10,34,XMEAS_36,2.412063
Industrial (TEP),RBF + Ridge,Fault_10,35,XMEAS_17,2.355541
Industrial (TEP),RBF + Ridge,Fault_10,36,XMV_11,2.314125
Industrial (TEP),RBF + Ridge,Fault_10,37,XMV_7,2.052949
Industrial (TEP),RBF + Ridge,Fault_10,38,XMEAS_12,1.999069
Industrial (TEP),RBF + Ridge,Fault_10,39,XMEAS_15,1.963706
Industrial (TEP),RBF + Ridge,Fault_10,40,XMV_8,1.932432
Industrial (TEP),RBF + Ridge,Fault_10,41,XMEAS_2,1.830119
Industrial (TEP),RBF + Ridge,Fault_10,42,XMV_10,1.786719
Industrial (TEP),RBF + Ridge,Fault_10,43,XMEAS_9,1.782687
Industrial (TEP),RBF + Ridge,Fault_10,44,XMV_1,1.679802
Industrial (TEP),RBF + Ridge,Fault_10,45,XMEAS_5,1.506167
Industrial (TEP),RBF + Ridge,Fault_10,46,XMEAS_26,1.381990
Industrial (TEP),RBF + Ridge,Fault_10,47,XMEAS_28,1.347711
Industrial (TEP),RBF + Ridge,Fault_10,48,XMEAS_41,1.336121
Industrial (TEP),RBF + Ridge,Fault_10,49,XMEAS_14,1.321517
Industrial (TEP),RBF + Ridge,Fault_10,50,XMEAS_6,0.918065
Industrial (TEP),RBF + Ridge,Fault_10,51,XMEAS_37,0.821978
Industrial (TEP),RBF + Ridge,Fault_10,52,XMV_4,0.769260
Industrial (TEP),RBF + Ridge,Fault_11,1,XMV_10,13.652953
Industrial (TEP),RBF + Ridge,Fault_11,2,XMEAS_9,7.460113
Industrial (TEP),RBF + Ridge,Fault_11,3,XMEAS_1,6.599363
Industrial (TEP),RBF + Ridge,Fault_11,4,XMEAS_29,5.640936
Industrial (TEP),RBF + Ridge,Fault_11,5,XMEAS_19,5.155332
Industrial (TEP),RBF + Ridge,Fault_11,6,XMEAS_34,4.754465
Industrial (TEP),RBF + Ridge,Fault_11,7,XMEAS_20,4.686551
Industrial (TEP),RBF + Ridge,Fault_11,8,XMEAS_11,4.383507
Industrial (TEP),RBF + Ridge,Fault_11,9,XMV_5,4.100695
Industrial (TEP),RBF + Ridge,Fault_11,10,XMEAS_10,3.915647
Industrial (TEP),RBF + Ridge,Fault_11,11,XMEAS_23,3.795387
Industrial (TEP),RBF + Ridge,Fault_11,12,XMEAS_33,3.767285
Industrial (TEP),RBF + Ridge,Fault_11,13,XMEAS_13,3.252539
Industrial (TEP),RBF + Ridge,Fault_11,14,XMEAS_21,3.153200
Industrial (TEP),RBF + Ridge,Fault_11,15,XMEAS_30,3.142876
Industrial (TEP),RBF + Ridge,Fault_11,16,XMEAS_4,3.096069
Industrial (TEP),RBF + Ridge,Fault_11,17,XMV_3,2.944671
Industrial (TEP),RBF + Ridge,Fault_11,18,XMV_2,2.940455
Industrial (TEP),RBF + Ridge,Fault_11,19,XMEAS_27,2.939737
Industrial (TEP),RBF + Ridge,Fault_11,20,XMV_9,2.923855
Industrial (TEP),RBF + Ridge,Fault_11,21,XMEAS_35,2.916124
Industrial (TEP),RBF + Ridge,Fault_11,22,XMEAS_16,2.914682
Industrial (TEP),RBF + Ridge,Fault_11,23,XMEAS_31,2.889063
Industrial (TEP),RBF + Ridge,Fault_11,24,XMEAS_8,2.810948
Industrial (TEP),RBF + Ridge,Fault_11,25,XMV_6,2.691945
Industrial (TEP),RBF + Ridge,Fault_11,26,XMEAS_25,2.619416
Industrial (TEP),RBF + Ridge,Fault_11,27,XMEAS_22,2.576556
Industrial (TEP),RBF + Ridge,Fault_11,28,XMEAS_17,2.358883
Industrial (TEP),RBF + Ridge,Fault_11,29,XMV_11,2.315226
Industrial (TEP),RBF + Ridge,Fault_11,30,XMEAS_18,2.313667
Industrial (TEP),RBF + Ridge,Fault_11,31,XMEAS_40,2.261895
Industrial (TEP),RBF + Ridge,Fault_11,32,XMEAS_38,2.249836
Industrial (TEP),RBF + Ridge,Fault_11,33,XMEAS_32,2.154580
Industrial (TEP),RBF + Ridge,Fault_11,34,XMV_7,2.058782
Industrial (TEP),RBF + Ridge,Fault_11,35,XMEAS_7,2.047883
Industrial (TEP),RBF + Ridge,Fault_11,36,XMEAS_12,2.009192
Industrial (TEP),RBF + Ridge,Fault_11,37,XMEAS_15,1.966332
Industrial (TEP),RBF + Ridge,Fault_11,38,XMV_8,1.934927
Industrial (TEP),RBF + Ridge,Fault_11,39,XMEAS_3,1.919827
Industrial (TEP),RBF + Ridge,Fault_11,40,XMEAS_26,1.893276
Industrial (TEP),RBF + Ridge,Fault_11,41,XMEAS_2,1.774043
Industrial (TEP),RBF + Ridge,Fault_11,42,XMV_4,1.762398
Industrial (TEP),RBF + Ridge,Fault_11,43,XMEAS_28,1.697640
Industrial (TEP),RBF + Ridge,Fault_11,44,XMV_1,1.653859
Industrial (TEP),RBF + Ridge,Fault_11,45,XMEAS_24,1.497230
Industrial (TEP),RBF + Ridge,Fault_11,46,XMEAS_36,1.439143
Industrial (TEP),RBF + Ridge,Fault_11,47,XMEAS_5,1.397550
Industrial (TEP),RBF + Ridge,Fault_11,48,XMEAS_39,1.348144
Industrial (TEP),RBF + Ridge,Fault_11,49,XMEAS_14,1.252618
Industrial (TEP),RBF + Ridge,Fault_11,50,XMEAS_41,1.070579
Industrial (TEP),RBF + Ridge,Fault_11,51,XMEAS_6,0.905998
Industrial (TEP),RBF + Ridge,Fault_11,52,XMEAS_37,0.870038
Industrial (TEP),RBF + Ridge,Fault_12,1,XMEAS_1,101.771820
Industrial (TEP),RBF + Ridge,Fault_12,2,XMEAS_7,85.578333
Industrial (TEP),RBF + Ridge,Fault_12,3,XMEAS_19,62.789961
Industrial (TEP),RBF + Ridge,Fault_12,4,XMEAS_29,61.919913
Industrial (TEP),RBF + Ridge,Fault_12,5,XMEAS_4,60.689582
Industrial (TEP),RBF + Ridge,Fault_12,6,XMEAS_8,59.031075
Industrial (TEP),RBF + Ridge,Fault_12,7,XMV_2,51.187912
Industrial (TEP),RBF + Ridge,Fault_12,8,XMEAS_30,47.356648
Industrial (TEP),RBF + Ridge,Fault_12,9,XMEAS_25,44.857715
Industrial (TEP),RBF + Ridge,Fault_12,10,XMEAS_22,39.975559
Industrial (TEP),RBF + Ridge,Fault_12,11,XMEAS_21,39.486821
Industrial (TEP),RBF + Ridge,Fault_12,12,XMEAS_23,38.320539
Industrial (TEP),RBF + Ridge,Fault_12,13,XMEAS_35,36.181692
Industrial (TEP),RBF + Ridge,Fault_12,14,XMEAS_11,34.068314
Industrial (TEP),RBF + Ridge,Fault_12,15,XMEAS_10,31.536363
Industrial (TEP),RBF + Ridge,Fault_12,16,XMEAS_33,31.444974
Industrial (TEP),RBF + Ridge,Fault_12,17,XMEAS_31,31.008176
Industrial (TEP),RBF + Ridge,Fault_12,18,XMEAS_38,29.909465
Industrial (TEP),RBF + Ridge,Fault_12,19,XMV_5,29.793026
Industrial (TEP),RBF + Ridge,Fault_12,20,XMEAS_20,29.184228
Industrial (TEP),RBF + Ridge,Fault_12,21,XMV_4,26.404011
Industrial (TEP),RBF + Ridge,Fault_12,22,XMEAS_13,23.070573
Industrial (TEP),RBF + Ridge,Fault_12,23,XMEAS_28,21.320435
Industrial (TEP),RBF + Ridge,Fault_12,24,XMEAS_34,21.018420
Industrial (TEP),RBF + Ridge,Fault_12,25,XMEAS_3,20.339355
Industrial (TEP),RBF + Ridge,Fault_12,26,XMEAS_26,19.891689
Industrial (TEP),RBF + Ridge,Fault_12,27,XMEAS_18,19.369515
Industrial (TEP),RBF + Ridge,Fault_12,28,XMEAS_16,19.048639
Industrial (TEP),RBF + Ridge,Fault_12,29,XMEAS_32,18.733799
Industrial (TEP),RBF + Ridge,Fault_12,30,XMEAS_24,18.529022
Industrial (TEP),RBF + Ridge,Fault_12,31,XMEAS_27,18.062519
Industrial (TEP),RBF + Ridge,Fault_12,32,XMEAS_6,16.900958
Industrial (TEP),RBF + Ridge,Fault_12,33,XMEAS_36,16.383865
Industrial (TEP),RBF + Ridge,Fault_12,34,XMV_9,14.770158
Industrial (TEP),RBF + Ridge,Fault_12,35,XMEAS_9,13.360836
Industrial (TEP),RBF + Ridge,Fault_12,36,XMV_3,13.286370
Industrial (TEP),RBF + Ridge,Fault_12,37,XMV_10,12.201961
Industrial (TEP),RBF + Ridge,Fault_12,38,XMEAS_14,12.061571
Industrial (TEP),RBF + Ridge,Fault_12,39,XMV_6,10.491509
Industrial (TEP),RBF + Ridge,Fault_12,40,XMEAS_41,8.246324
Industrial (TEP),RBF + Ridge,Fault_12,41,XMEAS_39,7.157067
Industrial (TEP),RBF + Ridge,Fault_12,42,XMEAS_2,6.673556
Industrial (TEP),RBF + Ridge,Fault_12,43,XMEAS_40,6.172389
Industrial (TEP),RBF + Ridge,Fault_12,44,XMV_1,4.160484
Industrial (TEP),RBF + Ridge,Fault_12,45,XMV_11,3.953418
Industrial (TEP),RBF + Ridge,Fault_12,46,XMEAS_17,3.952739
Industrial (TEP),RBF + Ridge,Fault_12,47,XMEAS_37,3.666429
Industrial (TEP),RBF + Ridge,Fault_12,48,XMEAS_15,2.800318
Industrial (TEP),RBF + Ridge,Fault_12,49,XMV_8,2.686315
Industrial (TEP),RBF + Ridge,Fault_12,50,XMV_7,2.557647
Industrial (TEP),RBF + Ridge,Fault_12,51,XMEAS_12,2.389886
Industrial (TEP),RBF + Ridge,Fault_12,52,XMEAS_5,2.275170
Industrial (TEP),RBF + Ridge,Fault_13,1,XMEAS_19,106.966002
Industrial (TEP),RBF + Ridge,Fault_13,2,XMEAS_38,53.376356
Industrial (TEP),RBF + Ridge,Fault_13,3,XMEAS_1,52.148069
Industrial (TEP),RBF + Ridge,Fault_13,4,XMEAS_10,48.520121
Industrial (TEP),RBF + Ridge,Fault_13,5,XMEAS_35,45.923924
Industrial (TEP),RBF + Ridge,Fault_13,6,XMV_2,40.613597
Industrial (TEP),RBF + Ridge,Fault_13,7,XMEAS_34,40.131046
Industrial (TEP),RBF + Ridge,Fault_13,8,XMEAS_30,38.199369
Industrial (TEP),RBF + Ridge,Fault_13,9,XMEAS_7,38.036501
Industrial (TEP),RBF + Ridge,Fault_13,10,XMEAS_18,37.426626
Industrial (TEP),RBF + Ridge,Fault_13,11,XMEAS_25,29.487785
Industrial (TEP),RBF + Ridge,Fault_13,12,XMEAS_11,28.777997
Industrial (TEP),RBF + Ridge,Fault_13,13,XMEAS_36,28.527316
Industrial (TEP),RBF + Ridge,Fault_13,14,XMEAS_23,27.367756
Industrial (TEP),RBF + Ridge,Fault_13,15,XMEAS_29,25.918026
Industrial (TEP),RBF + Ridge,Fault_13,16,XMEAS_4,25.628769
Industrial (TEP),RBF + Ridge,Fault_13,17,XMEAS_31,24.196163
Industrial (TEP),RBF + Ridge,Fault_13,18,XMEAS_28,23.053869
Industrial (TEP),RBF + Ridge,Fault_13,19,XMEAS_16,22.962828
Industrial (TEP),RBF + Ridge,Fault_13,20,XMEAS_33,22.251886
Industrial (TEP),RBF + Ridge,Fault_13,21,XMV_9,21.761747
Industrial (TEP),RBF + Ridge,Fault_13,22,XMEAS_13,20.968245
Industrial (TEP),RBF + Ridge,Fault_13,23,XMEAS_8,20.868436
Industrial (TEP),RBF + Ridge,Fault_13,24,XMEAS_3,19.591548
Industrial (TEP),RBF + Ridge,Fault_13,25,XMEAS_21,18.800698
Industrial (TEP),RBF + Ridge,Fault_13,26,XMEAS_22,18.398073
Industrial (TEP),RBF + Ridge,Fault_13,27,XMV_5,14.694307
Industrial (TEP),RBF + Ridge,Fault_13,28,XMEAS_20,14.352823
Industrial (TEP),RBF + Ridge,Fault_13,29,XMEAS_27,14.288584
Industrial (TEP),RBF + Ridge,Fault_13,30,XMV_4,13.914965
Industrial (TEP),RBF + Ridge,Fault_13,31,XMV_6,12.764974
Industrial (TEP),RBF + Ridge,Fault_13,32,XMEAS_32,12.377054
Industrial (TEP),RBF + Ridge,Fault_13,33,XMEAS_24,12.231080
Industrial (TEP),RBF + Ridge,Fault_13,34,XMEAS_40,9.733096
Industrial (TEP),RBF + Ridge,Fault_13,35,XMV_3,9.375174
Industrial (TEP),RBF + Ridge,Fault_13,36,XMEAS_41,7.993393
Industrial (TEP),RBF + Ridge,Fault_13,37,XMEAS_39,7.823107
Industrial (TEP),RBF + Ridge,Fault_13,38,XMEAS_2,7.082451
Industrial (TEP),RBF + Ridge,Fault_13,39,XMEAS_6,7.036771
Industrial (TEP),RBF + Ridge,Fault_13,40,XMEAS_14,5.731789
Industrial (TEP),RBF + Ridge,Fault_13,41,XMEAS_26,5.343902
Industrial (TEP),RBF + Ridge,Fault_13,42,XMV_1,4.863396
Industrial (TEP),RBF + Ridge,Fault_13,43,XMV_10,4.710868
Industrial (TEP),RBF + Ridge,Fault_13,44,XMEAS_37,3.943800
Industrial (TEP),RBF + Ridge,Fault_13,45,XMV_11,2.445919
Industrial (TEP),RBF + Ridge,Fault_13,46,XMEAS_17,2.398268
Industrial (TEP),RBF + Ridge,Fault_13,47,XMEAS_5,2.220588
Industrial (TEP),RBF + Ridge,Fault_13,48,XMV_7,2.106319
Industrial (TEP),RBF + Ridge,Fault_13,49,XMEAS_15,2.000254
Industrial (TEP),RBF + Ridge,Fault_13,50,XMEAS_12,1.987673
Industrial (TEP),RBF + Ridge,Fault_13,51,XMV_8,1.968049
Industrial (TEP),RBF + Ridge,Fault_13,52,XMEAS_9,1.850181
Industrial (TEP),RBF + Ridge,Fault_14,1,XMV_10,35.685316
Industrial (TEP),RBF + Ridge,Fault_14,2,XMEAS_9,11.250067
Industrial (TEP),RBF + Ridge,Fault_14,3,XMEAS_1,6.471794
Industrial (TEP),RBF + Ridge,Fault_14,4,XMEAS_29,5.480339
Industrial (TEP),RBF + Ridge,Fault_14,5,XMEAS_21,4.980370
Industrial (TEP),RBF + Ridge,Fault_14,6,XMEAS_19,4.937403
Industrial (TEP),RBF + Ridge,Fault_14,7,XMEAS_20,4.700308
Industrial (TEP),RBF + Ridge,Fault_14,8,XMEAS_10,4.149322
Industrial (TEP),RBF + Ridge,Fault_14,9,XMV_5,4.110324
Industrial (TEP),RBF + Ridge,Fault_14,10,XMEAS_11,4.028233
Industrial (TEP),RBF + Ridge,Fault_14,11,XMEAS_34,3.937223
Industrial (TEP),RBF + Ridge,Fault_14,12,XMEAS_23,3.854098
Industrial (TEP),RBF + Ridge,Fault_14,13,XMEAS_33,3.646842
Industrial (TEP),RBF + Ridge,Fault_14,14,XMEAS_13,3.221895
Industrial (TEP),RBF + Ridge,Fault_14,15,XMEAS_30,3.185139
Industrial (TEP),RBF + Ridge,Fault_14,16,XMEAS_35,3.043186
Industrial (TEP),RBF + Ridge,Fault_14,17,XMEAS_4,3.038905
Industrial (TEP),RBF + Ridge,Fault_14,18,XMV_3,2.940345
Industrial (TEP),RBF + Ridge,Fault_14,19,XMEAS_27,2.918322
Industrial (TEP),RBF + Ridge,Fault_14,20,XMEAS_31,2.879722
Industrial (TEP),RBF + Ridge,Fault_14,21,XMEAS_16,2.872674
Industrial (TEP),RBF + Ridge,Fault_14,22,XMV_2,2.860121
Industrial (TEP),RBF + Ridge,Fault_14,23,XMV_9,2.851739
Industrial (TEP),RBF + Ridge,Fault_14,24,XMEAS_8,2.751569
Industrial (TEP),RBF + Ridge,Fault_14,25,XMV_6,2.712644
Industrial (TEP),RBF + Ridge,Fault_14,26,XMEAS_25,2.597426
Industrial (TEP),RBF + Ridge,Fault_14,27,XMEAS_7,2.435856
Industrial (TEP),RBF + Ridge,Fault_14,28,XMEAS_17,2.352400
Industrial (TEP),RBF + Ridge,Fault_14,29,XMEAS_26,2.322319
Industrial (TEP),RBF + Ridge,Fault_14,30,XMV_11,2.310057
Industrial (TEP),RBF + Ridge,Fault_14,31,XMEAS_38,2.243351
Industrial (TEP),RBF + Ridge,Fault_14,32,XMEAS_18,2.197793
Industrial (TEP),RBF + Ridge,Fault_14,33,XMEAS_40,2.178964
Industrial (TEP),RBF + Ridge,Fault_14,34,XMEAS_32,2.169397
Industrial (TEP),RBF + Ridge,Fault_14,35,XMV_7,2.057744
Industrial (TEP),RBF + Ridge,Fault_14,36,XMEAS_12,2.011753
Industrial (TEP),RBF + Ridge,Fault_14,37,XMEAS_15,1.961543
Industrial (TEP),RBF + Ridge,Fault_14,38,XMV_8,1.930460
Industrial (TEP),RBF + Ridge,Fault_14,39,XMEAS_22,1.918745
Industrial (TEP),RBF + Ridge,Fault_14,40,XMEAS_3,1.884282
Industrial (TEP),RBF + Ridge,Fault_14,41,XMV_4,1.789190
Industrial (TEP),RBF + Ridge,Fault_14,42,XMEAS_2,1.765175
Industrial (TEP),RBF + Ridge,Fault_14,43,XMEAS_28,1.654699
Industrial (TEP),RBF + Ridge,Fault_14,44,XMEAS_24,1.482666
Industrial (TEP),RBF + Ridge,Fault_14,45,XMV_1,1.477311
Industrial (TEP),RBF + Ridge,Fault_14,46,XMEAS_5,1.467771
Industrial (TEP),RBF + Ridge,Fault_14,47,XMEAS_36,1.420960
Industrial (TEP),RBF + Ridge,Fault_14,48,XMEAS_14,1.363875
Industrial (TEP),RBF + Ridge,Fault_14,49,XMEAS_39,1.326994
Industrial (TEP),RBF + Ridge,Fault_14,50,XMEAS_41,1.033677
Industrial (TEP),RBF + Ridge,Fault_14,51,XMEAS_37,0.887667
Industrial (TEP),RBF + Ridge,Fault_14,52,XMEAS_6,0.837707
Industrial (TEP),RBF + Ridge,Fault_15,1,XMEAS_1,6.596100
Industrial (TEP),RBF + Ridge,Fault_15,2,XMEAS_29,5.680914
Industrial (TEP),RBF + Ridge,Fault_15,3,XMEAS_19,5.094615
Industrial (TEP),RBF + Ridge,Fault_15,4,XMEAS_20,4.681971
Industrial (TEP),RBF + Ridge,Fault_15,5,XMEAS_10,4.265212
Industrial (TEP),RBF + Ridge,Fault_15,6,XMEAS_34,4.102427
Industrial (TEP),RBF + Ridge,Fault_15,7,XMV_5,4.086042
Industrial (TEP),RBF + Ridge,Fault_15,8,XMEAS_23,3.845511
Industrial (TEP),RBF + Ridge,Fault_15,9,XMEAS_11,3.822141
Industrial (TEP),RBF + Ridge,Fault_15,10,XMEAS_33,3.771685
Industrial (TEP),RBF + Ridge,Fault_15,11,XMEAS_13,3.305218
Industrial (TEP),RBF + Ridge,Fault_15,12,XMEAS_30,3.158284
Industrial (TEP),RBF + Ridge,Fault_15,13,XMEAS_35,3.109873
Industrial (TEP),RBF + Ridge,Fault_15,14,XMEAS_31,3.013588
Industrial (TEP),RBF + Ridge,Fault_15,15,XMEAS_4,3.013325
Industrial (TEP),RBF + Ridge,Fault_15,16,XMEAS_16,2.980529
Industrial (TEP),RBF + Ridge,Fault_15,17,XMV_3,2.961698
Industrial (TEP),RBF + Ridge,Fault_15,18,XMV_9,2.960157
Industrial (TEP),RBF + Ridge,Fault_15,19,XMEAS_27,2.928887
Industrial (TEP),RBF + Ridge,Fault_15,20,XMV_2,2.926178
Industrial (TEP),RBF + Ridge,Fault_15,21,XMEAS_8,2.758869
Industrial (TEP),RBF + Ridge,Fault_15,22,XMV_6,2.727031
Industrial (TEP),RBF + Ridge,Fault_15,23,XMEAS_21,2.716523
Industrial (TEP),RBF + Ridge,Fault_15,24,XMEAS_25,2.672391
Industrial (TEP),RBF + Ridge,Fault_15,25,XMEAS_17,2.364996
Industrial (TEP),RBF + Ridge,Fault_15,26,XMEAS_18,2.362651
Industrial (TEP),RBF + Ridge,Fault_15,27,XMEAS_22,2.347556
Industrial (TEP),RBF + Ridge,Fault_15,28,XMV_11,2.322903
Industrial (TEP),RBF + Ridge,Fault_15,29,XMEAS_38,2.208322
Industrial (TEP),RBF + Ridge,Fault_15,30,XMEAS_9,2.187677
Industrial (TEP),RBF + Ridge,Fault_15,31,XMEAS_32,2.165984
Industrial (TEP),RBF + Ridge,Fault_15,32,XMEAS_40,2.164111
Industrial (TEP),RBF + Ridge,Fault_15,33,XMV_7,2.058192
Industrial (TEP),RBF + Ridge,Fault_15,34,XMEAS_7,2.056017
Industrial (TEP),RBF + Ridge,Fault_15,35,XMEAS_12,2.012353
Industrial (TEP),RBF + Ridge,Fault_15,36,XMEAS_15,1.958070
Industrial (TEP),RBF + Ridge,Fault_15,37,XMEAS_3,1.931029
Industrial (TEP),RBF + Ridge,Fault_15,38,XMV_8,1.927255
Industrial (TEP),RBF + Ridge,Fault_15,39,XMV_10,1.754709
Industrial (TEP),RBF + Ridge,Fault_15,40,XMV_4,1.753831
Industrial (TEP),RBF + Ridge,Fault_15,41,XMEAS_2,1.753271
Industrial (TEP),RBF + Ridge,Fault_15,42,XMV_1,1.676696
Industrial (TEP),RBF + Ridge,Fault_15,43,XMEAS_28,1.631082
Industrial (TEP),RBF + Ridge,Fault_15,44,XMEAS_24,1.552834
Industrial (TEP),RBF + Ridge,Fault_15,45,XMEAS_26,1.551079
Industrial (TEP),RBF + Ridge,Fault_15,46,XMEAS_5,1.415174
Industrial (TEP),RBF + Ridge,Fault_15,47,XMEAS_39,1.362927
Industrial (TEP),RBF + Ridge,Fault_15,48,XMEAS_14,1.359153
Industrial (TEP),RBF + Ridge,Fault_15,49,XMEAS_36,1.291358
Industrial (TEP),RBF + Ridge,Fault_15,50,XMEAS_41,0.982653
Industrial (TEP),RBF + Ridge,Fault_15,51,XMEAS_37,0.872970
Industrial (TEP),RBF + Ridge,Fault_15,52,XMEAS_6,0.812057
Industrial (TEP),RBF + Ridge,Fault_16,1,XMEAS_19,11.968875
Industrial (TEP),RBF + Ridge,Fault_16,2,XMEAS_1,11.770555
Industrial (TEP),RBF + Ridge,Fault_16,3,XMEAS_20,6.728689
Industrial (TEP),RBF + Ridge,Fault_16,4,XMEAS_29,6.638069
Industrial (TEP),RBF + Ridge,Fault_16,5,XMEAS_23,6.554980
Industrial (TEP),RBF + Ridge,Fault_16,6,XMEAS_10,6.445214
Industrial (TEP),RBF + Ridge,Fault_16,7,XMEAS_11,6.407543
Industrial (TEP),RBF + Ridge,Fault_16,8,XMV_5,6.300554
Industrial (TEP),RBF + Ridge,Fault_16,9,XMEAS_33,5.944919
Industrial (TEP),RBF + Ridge,Fault_16,10,XMEAS_34,5.754788
Industrial (TEP),RBF + Ridge,Fault_16,11,XMEAS_30,5.517802
Industrial (TEP),RBF + Ridge,Fault_16,12,XMEAS_4,5.437228
Industrial (TEP),RBF + Ridge,Fault_16,13,XMEAS_35,5.210202
Industrial (TEP),RBF + Ridge,Fault_16,14,XMEAS_31,4.860950
Industrial (TEP),RBF + Ridge,Fault_16,15,XMEAS_13,4.851025
Industrial (TEP),RBF + Ridge,Fault_16,16,XMEAS_25,4.830342
Industrial (TEP),RBF + Ridge,Fault_16,17,XMEAS_8,4.748510
Industrial (TEP),RBF + Ridge,Fault_16,18,XMV_2,4.539915
Industrial (TEP),RBF + Ridge,Fault_16,19,XMEAS_27,4.384340
Industrial (TEP),RBF + Ridge,Fault_16,20,XMEAS_16,4.278302
Industrial (TEP),RBF + Ridge,Fault_16,21,XMEAS_21,4.223627
Industrial (TEP),RBF + Ridge,Fault_16,22,XMEAS_7,3.981581
Industrial (TEP),RBF + Ridge,Fault_16,23,XMEAS_40,3.635022
Industrial (TEP),RBF + Ridge,Fault_16,24,XMV_3,3.581450
Industrial (TEP),RBF + Ridge,Fault_16,25,XMEAS_32,3.346790
Industrial (TEP),RBF + Ridge,Fault_16,26,XMEAS_3,3.235907
Industrial (TEP),RBF + Ridge,Fault_16,27,XMV_6,3.167777
Industrial (TEP),RBF + Ridge,Fault_16,28,XMEAS_38,3.133830
Industrial (TEP),RBF + Ridge,Fault_16,29,XMEAS_18,2.652495
Industrial (TEP),RBF + Ridge,Fault_16,30,XMEAS_22,2.646220
Industrial (TEP),RBF + Ridge,Fault_16,31,XMEAS_24,2.463684
Industrial (TEP),RBF + Ridge,Fault_16,32,XMEAS_17,2.355446
Industrial (TEP),RBF + Ridge,Fault_16,33,XMEAS_39,2.346619
Industrial (TEP),RBF + Ridge,Fault_16,34,XMV_11,2.313510
Industrial (TEP),RBF + Ridge,Fault_16,35,XMEAS_36,2.271895
Industrial (TEP),RBF + Ridge,Fault_16,36,XMV_7,2.061334
Industrial (TEP),RBF + Ridge,Fault_16,37,XMEAS_12,2.002731
Industrial (TEP),RBF + Ridge,Fault_16,38,XMEAS_26,2.001366
Industrial (TEP),RBF + Ridge,Fault_16,39,XMV_10,1.978543
Industrial (TEP),RBF + Ridge,Fault_16,40,XMV_9,1.969579
Industrial (TEP),RBF + Ridge,Fault_16,41,XMEAS_15,1.964402
Industrial (TEP),RBF + Ridge,Fault_16,42,XMV_8,1.933420
Industrial (TEP),RBF + Ridge,Fault_16,43,XMEAS_41,1.930386
Industrial (TEP),RBF + Ridge,Fault_16,44,XMEAS_9,1.876281
Industrial (TEP),RBF + Ridge,Fault_16,45,XMEAS_2,1.873030
Industrial (TEP),RBF + Ridge,Fault_16,46,XMV_1,1.725783
Industrial (TEP),RBF + Ridge,Fault_16,47,XMEAS_28,1.674552
Industrial (TEP),RBF + Ridge,Fault_16,48,XMEAS_14,1.515741
Industrial (TEP),RBF + Ridge,Fault_16,49,XMEAS_5,1.369519
Industrial (TEP),RBF + Ridge,Fault_16,50,XMEAS_6,1.290997
Industrial (TEP),RBF + Ridge,Fault_16,51,XMEAS_37,0.966203
Industrial (TEP),RBF + Ridge,Fault_16,52,XMV_4,0.807429
Industrial (TEP),RBF + Ridge,Fault_17,1,XMEAS_21,183.980780
Industrial (TEP),RBF + Ridge,Fault_17,2,XMEAS_9,34.810158
Industrial (TEP),RBF + Ridge,Fault_17,3,XMV_10,20.490348
Industrial (TEP),RBF + Ridge,Fault_17,4,XMEAS_11,6.513762
Industrial (TEP),RBF + Ridge,Fault_17,5,XMEAS_1,5.690799
Industrial (TEP),RBF + Ridge,Fault_17,6,XMEAS_22,4.973806
Industrial (TEP),RBF + Ridge,Fault_17,7,XMEAS_29,4.320964
Industrial (TEP),RBF + Ridge,Fault_17,8,XMEAS_19,4.299160
Industrial (TEP),RBF + Ridge,Fault_17,9,XMEAS_34,4.258429
Industrial (TEP),RBF + Ridge,Fault_17,10,XMEAS_20,4.107609
Industrial (TEP),RBF + Ridge,Fault_17,11,XMEAS_10,3.867459
Industrial (TEP),RBF + Ridge,Fault_17,12,XMEAS_30,3.796556
Industrial (TEP),RBF + Ridge,Fault_17,13,XMV_5,3.748573
Industrial (TEP),RBF + Ridge,Fault_17,14,XMEAS_38,3.593102
Industrial (TEP),RBF + Ridge,Fault_17,15,XMEAS_33,3.360018
Industrial (TEP),RBF + Ridge,Fault_17,16,XMV_9,3.057249
Industrial (TEP),RBF + Ridge,Fault_17,17,XMEAS_23,3.041658
Industrial (TEP),RBF + Ridge,Fault_17,18,XMEAS_13,3.014362
Industrial (TEP),RBF + Ridge,Fault_17,19,XMV_6,2.773009
Industrial (TEP),RBF + Ridge,Fault_17,20,XMEAS_4,2.710341
Industrial (TEP),RBF + Ridge,Fault_17,21,XMEAS_16,2.685688
Industrial (TEP),RBF + Ridge,Fault_17,22,XMV_2,2.678829
Industrial (TEP),RBF + Ridge,Fault_17,23,XMEAS_18,2.631262
Industrial (TEP),RBF + Ridge,Fault_17,24,XMV_3,2.568194
Industrial (TEP),RBF + Ridge,Fault_17,25,XMEAS_35,2.564275
Industrial (TEP),RBF + Ridge,Fault_17,26,XMEAS_8,2.474312
Industrial (TEP),RBF + Ridge,Fault_17,27,XMEAS_36,2.431579
Industrial (TEP),RBF + Ridge,Fault_17,28,XMEAS_27,2.401287
Industrial (TEP),RBF + Ridge,Fault_17,29,XMEAS_31,2.400152
Industrial (TEP),RBF + Ridge,Fault_17,30,XMEAS_7,2.350699
Industrial (TEP),RBF + Ridge,Fault_17,31,XMEAS_17,2.322235
Industrial (TEP),RBF + Ridge,Fault_17,32,XMV_11,2.279100
Industrial (TEP),RBF + Ridge,Fault_17,33,XMEAS_25,2.196038
Industrial (TEP),RBF + Ridge,Fault_17,34,XMV_7,2.043303
Industrial (TEP),RBF + Ridge,Fault_17,35,XMEAS_12,1.996748
Industrial (TEP),RBF + Ridge,Fault_17,36,XMEAS_15,1.943374
Industrial (TEP),RBF + Ridge,Fault_17,37,XMEAS_39,1.915328
Industrial (TEP),RBF + Ridge,Fault_17,38,XMV_8,1.912694
Industrial (TEP),RBF + Ridge,Fault_17,39,XMEAS_2,1.883368
Industrial (TEP),RBF + Ridge,Fault_17,40,XMV_4,1.777164
Industrial (TEP),RBF + Ridge,Fault_17,41,XMEAS_26,1.733705
Industrial (TEP),RBF + Ridge,Fault_17,42,XMEAS_32,1.725158
Industrial (TEP),RBF + Ridge,Fault_17,43,XMEAS_40,1.619854
Industrial (TEP),RBF + Ridge,Fault_17,44,XMEAS_28,1.559756
Industrial (TEP),RBF + Ridge,Fault_17,45,XMEAS_3,1.516963
Industrial (TEP),RBF + Ridge,Fault_17,46,XMV_1,1.420772
Industrial (TEP),RBF + Ridge,Fault_17,47,XMEAS_24,0.991863
Industrial (TEP),RBF + Ridge,Fault_17,48,XMEAS_14,0.974671
Industrial (TEP),RBF + Ridge,Fault_17,49,XMEAS_37,0.951274
Industrial (TEP),RBF + Ridge,Fault_17,50,XMEAS_5,0.803671
Industrial (TEP),RBF + Ridge,Fault_17,51,XMEAS_6,0.791002
Industrial (TEP),RBF + Ridge,Fault_17,52,XMEAS_41,0.747522
Industrial (TEP),RBF + Ridge,Fault_18,1,XMV_2,398.293398
Industrial (TEP),RBF + Ridge,Fault_18,2,XMEAS_7,148.937140
Industrial (TEP),RBF + Ridge,Fault_18,3,XMEAS_1,111.844843
Industrial (TEP),RBF + Ridge,Fault_18,4,XMEAS_22,111.343053
Industrial (TEP),RBF + Ridge,Fault_18,5,XMEAS_4,109.429883
Industrial (TEP),RBF + Ridge,Fault_18,6,XMEAS_29,104.758070
Industrial (TEP),RBF + Ridge,Fault_18,7,XMEAS_30,100.082830
Industrial (TEP),RBF + Ridge,Fault_18,8,XMEAS_8,85.140127
Industrial (TEP),RBF + Ridge,Fault_18,9,XMEAS_19,81.142746
Industrial (TEP),RBF + Ridge,Fault_18,10,XMEAS_35,80.405190
Industrial (TEP),RBF + Ridge,Fault_18,11,XMV_5,79.943720
Industrial (TEP),RBF + Ridge,Fault_18,12,XMV_4,79.750683
Industrial (TEP),RBF + Ridge,Fault_18,13,XMEAS_23,72.787005
Industrial (TEP),RBF + Ridge,Fault_18,14,XMEAS_25,70.031848
Industrial (TEP),RBF + Ridge,Fault_18,15,XMEAS_38,66.858510
Industrial (TEP),RBF + Ridge,Fault_18,16,XMV_1,61.741119
Industrial (TEP),RBF + Ridge,Fault_18,17,XMEAS_20,60.472546
Industrial (TEP),RBF + Ridge,Fault_18,18,XMEAS_21,60.089760
Industrial (TEP),RBF + Ridge,Fault_18,19,XMEAS_33,57.393926
Industrial (TEP),RBF + Ridge,Fault_18,20,XMV_10,54.851579
Industrial (TEP),RBF + Ridge,Fault_18,21,XMEAS_11,50.159131
Industrial (TEP),RBF + Ridge,Fault_18,22,XMEAS_10,49.673155
Industrial (TEP),RBF + Ridge,Fault_18,23,XMEAS_26,45.765868
Industrial (TEP),RBF + Ridge,Fault_18,24,XMEAS_13,45.043380
Industrial (TEP),RBF + Ridge,Fault_18,25,XMEAS_31,43.860639
Industrial (TEP),RBF + Ridge,Fault_18,26,XMEAS_6,43.297660
Industrial (TEP),RBF + Ridge,Fault_18,27,XMEAS_34,42.945464
Industrial (TEP),RBF + Ridge,Fault_18,28,XMEAS_28,39.819712
Industrial (TEP),RBF + Ridge,Fault_18,29,XMEAS_16,37.988168
Industrial (TEP),RBF + Ridge,Fault_18,30,XMEAS_27,35.564731
Industrial (TEP),RBF + Ridge,Fault_18,31,XMEAS_24,33.921186
Industrial (TEP),RBF + Ridge,Fault_18,32,XMEAS_32,32.175766
Industrial (TEP),RBF + Ridge,Fault_18,33,XMV_9,29.245522
Industrial (TEP),RBF + Ridge,Fault_18,34,XMEAS_3,28.865160
Industrial (TEP),RBF + Ridge,Fault_18,35,XMV_6,27.620528
Industrial (TEP),RBF + Ridge,Fault_18,36,XMEAS_18,25.590013
Industrial (TEP),RBF + Ridge,Fault_18,37,XMEAS_36,24.982276
Industrial (TEP),RBF + Ridge,Fault_18,38,XMV_3,16.150045
Industrial (TEP),RBF + Ridge,Fault_18,39,XMEAS_14,13.073133
Industrial (TEP),RBF + Ridge,Fault_18,40,XMEAS_41,12.029086
Industrial (TEP),RBF + Ridge,Fault_18,41,XMEAS_40,11.834046
Industrial (TEP),RBF + Ridge,Fault_18,42,XMEAS_9,10.927922
Industrial (TEP),RBF + Ridge,Fault_18,43,XMEAS_2,10.331429
Industrial (TEP),RBF + Ridge,Fault_18,44,XMEAS_39,10.057390
Industrial (TEP),RBF + Ridge,Fault_18,45,XMV_11,7.516072
Industrial (TEP),RBF + Ridge,Fault_18,46,XMEAS_37,6.221585
Industrial (TEP),RBF + Ridge,Fault_18,47,XMEAS_5,3.124037
Industrial (TEP),RBF + Ridge,Fault_18,48,XMEAS_17,2.112091
Industrial (TEP),RBF + Ridge,Fault_18,49,XMEAS_15,2.022438
Industrial (TEP),RBF + Ridge,Fault_18,50,XMV_7,1.966965
Industrial (TEP),RBF + Ridge,Fault_18,51,XMV_8,1.966302
Industrial (TEP),RBF + Ridge,Fault_18,52,XMEAS_12,1.925636
Industrial (TEP),RBF + Ridge,Fault_19,1,XMEAS_1,6.923669
Industrial (TEP),RBF + Ridge,Fault_19,2,XMEAS_29,5.554972
Industrial (TEP),RBF + Ridge,Fault_19,3,XMEAS_19,5.008261
Industrial (TEP),RBF + Ridge,Fault_19,4,XMEAS_20,4.872008
Industrial (TEP),RBF + Ridge,Fault_19,5,XMEAS_10,4.156172
Industrial (TEP),RBF + Ridge,Fault_19,6,XMEAS_23,4.080867
Industrial (TEP),RBF + Ridge,Fault_19,7,XMV_5,3.890785
Industrial (TEP),RBF + Ridge,Fault_19,8,XMEAS_11,3.881282
Industrial (TEP),RBF + Ridge,Fault_19,9,XMEAS_33,3.766254
Industrial (TEP),RBF + Ridge,Fault_19,10,XMEAS_34,3.750088
Industrial (TEP),RBF + Ridge,Fault_19,11,XMV_10,3.523331
Industrial (TEP),RBF + Ridge,Fault_19,12,XMEAS_13,3.333363
Industrial (TEP),RBF + Ridge,Fault_19,13,XMEAS_30,3.249602
Industrial (TEP),RBF + Ridge,Fault_19,14,XMEAS_4,3.202933
Industrial (TEP),RBF + Ridge,Fault_19,15,XMEAS_35,3.129544
Industrial (TEP),RBF + Ridge,Fault_19,16,XMV_3,3.002995
Industrial (TEP),RBF + Ridge,Fault_19,17,XMV_2,2.980660
Industrial (TEP),RBF + Ridge,Fault_19,18,XMEAS_27,2.969341
Industrial (TEP),RBF + Ridge,Fault_19,19,XMEAS_31,2.949010
Industrial (TEP),RBF + Ridge,Fault_19,20,XMEAS_8,2.875351
Industrial (TEP),RBF + Ridge,Fault_19,21,XMV_9,2.791980
Industrial (TEP),RBF + Ridge,Fault_19,22,XMEAS_16,2.779718
Industrial (TEP),RBF + Ridge,Fault_19,23,XMEAS_9,2.744209
Industrial (TEP),RBF + Ridge,Fault_19,24,XMV_6,2.713816
Industrial (TEP),RBF + Ridge,Fault_19,25,XMEAS_25,2.673156
Industrial (TEP),RBF + Ridge,Fault_19,26,XMEAS_17,2.486857
Industrial (TEP),RBF + Ridge,Fault_19,27,XMV_11,2.443540
Industrial (TEP),RBF + Ridge,Fault_19,28,XMEAS_21,2.415053
Industrial (TEP),RBF + Ridge,Fault_19,29,XMEAS_7,2.274683
Industrial (TEP),RBF + Ridge,Fault_19,30,XMEAS_5,2.261870
Industrial (TEP),RBF + Ridge,Fault_19,31,XMEAS_6,2.170660
Industrial (TEP),RBF + Ridge,Fault_19,32,XMEAS_32,2.168162
Industrial (TEP),RBF + Ridge,Fault_19,33,XMV_7,2.062196
Industrial (TEP),RBF + Ridge,Fault_19,34,XMEAS_38,2.055123
Industrial (TEP),RBF + Ridge,Fault_19,35,XMEAS_40,2.055117
Industrial (TEP),RBF + Ridge,Fault_19,36,XMEAS_12,2.017500
Industrial (TEP),RBF + Ridge,Fault_19,37,XMEAS_3,1.975695
Industrial (TEP),RBF + Ridge,Fault_19,38,XMEAS_15,1.971779
Industrial (TEP),RBF + Ridge,Fault_19,39,XMEAS_18,1.971588
Industrial (TEP),RBF + Ridge,Fault_19,40,XMV_8,1.940580
Industrial (TEP),RBF + Ridge,Fault_19,41,XMEAS_2,1.776186
Industrial (TEP),RBF + Ridge,Fault_19,42,XMEAS_22,1.765757
Industrial (TEP),RBF + Ridge,Fault_19,43,XMV_4,1.708196
Industrial (TEP),RBF + Ridge,Fault_19,44,XMV_1,1.664235
Industrial (TEP),RBF + Ridge,Fault_19,45,XMEAS_26,1.620804
Industrial (TEP),RBF + Ridge,Fault_19,46,XMEAS_14,1.553643
Industrial (TEP),RBF + Ridge,Fault_19,47,XMEAS_24,1.528400
Industrial (TEP),RBF + Ridge,Fault_19,48,XMEAS_28,1.438223
Industrial (TEP),RBF + Ridge,Fault_19,49,XMEAS_36,1.420044
Industrial (TEP),RBF + Ridge,Fault_19,50,XMEAS_39,1.371646
Industrial (TEP),RBF + Ridge,Fault_19,51,XMEAS_41,1.000629
Industrial (TEP),RBF + Ridge,Fault_19,52,XMEAS_37,0.906556
Industrial (TEP),RBF + Ridge,Fault_20,1,XMEAS_20,16.358365
Industrial (TEP),RBF + Ridge,Fault_20,2,XMEAS_1,5.423914
Industrial (TEP),RBF + Ridge,Fault_20,3,XMEAS_11,5.186639
Industrial (TEP),RBF + Ridge,Fault_20,4,XMEAS_29,4.638025
Industrial (TEP),RBF + Ridge,Fault_20,5,XMV_5,4.426430
Industrial (TEP),RBF + Ridge,Fault_20,6,XMEAS_10,4.038638
Industrial (TEP),RBF + Ridge,Fault_20,7,XMEAS_19,4.000606
Industrial (TEP),RBF + Ridge,Fault_20,8,XMEAS_21,3.894496
Industrial (TEP),RBF + Ridge,Fault_20,9,XMEAS_9,3.695375
Industrial (TEP),RBF + Ridge,Fault_20,10,XMEAS_33,3.682802
Industrial (TEP),RBF + Ridge,Fault_20,11,XMEAS_35,3.638151
Industrial (TEP),RBF + Ridge,Fault_20,12,XMEAS_22,3.548061
Industrial (TEP),RBF + Ridge,Fault_20,13,XMV_2,3.403827
Industrial (TEP),RBF + Ridge,Fault_20,14,XMEAS_23,3.364963
Industrial (TEP),RBF + Ridge,Fault_20,15,XMEAS_13,3.356138
Industrial (TEP),RBF + Ridge,Fault_20,16,XMEAS_16,3.283179
Industrial (TEP),RBF + Ridge,Fault_20,17,XMEAS_4,3.088605
Industrial (TEP),RBF + Ridge,Fault_20,18,XMV_6,3.007313
Industrial (TEP),RBF + Ridge,Fault_20,19,XMEAS_30,2.984510
Industrial (TEP),RBF + Ridge,Fault_20,20,XMEAS_34,2.916158
Industrial (TEP),RBF + Ridge,Fault_20,21,XMEAS_27,2.700442
Industrial (TEP),RBF + Ridge,Fault_20,22,XMV_9,2.607955
Industrial (TEP),RBF + Ridge,Fault_20,23,XMEAS_25,2.581306
Industrial (TEP),RBF + Ridge,Fault_20,24,XMV_3,2.554389
Industrial (TEP),RBF + Ridge,Fault_20,25,XMEAS_31,2.549158
Industrial (TEP),RBF + Ridge,Fault_20,26,XMEAS_8,2.488776
Industrial (TEP),RBF + Ridge,Fault_20,27,XMEAS_7,2.449017
Industrial (TEP),RBF + Ridge,Fault_20,28,XMEAS_17,2.354523
Industrial (TEP),RBF + Ridge,Fault_20,29,XMV_11,2.315288
Industrial (TEP),RBF + Ridge,Fault_20,30,XMEAS_18,2.276980
Industrial (TEP),RBF + Ridge,Fault_20,31,XMEAS_32,2.269340
Industrial (TEP),RBF + Ridge,Fault_20,32,XMEAS_3,2.183600
Industrial (TEP),RBF + Ridge,Fault_20,33,XMV_10,2.142146
Industrial (TEP),RBF + Ridge,Fault_20,34,XMEAS_15,2.058757
Industrial (TEP),RBF + Ridge,Fault_20,35,XMV_8,2.024086
Industrial (TEP),RBF + Ridge,Fault_20,36,XMV_7,1.997006
Industrial (TEP),RBF + Ridge,Fault_20,37,XMEAS_12,1.946162
Industrial (TEP),RBF + Ridge,Fault_20,38,XMEAS_40,1.911617
Industrial (TEP),RBF + Ridge,Fault_20,39,XMEAS_38,1.826902
Industrial (TEP),RBF + Ridge,Fault_20,40,XMEAS_2,1.626074
Industrial (TEP),RBF + Ridge,Fault_20,41,XMV_1,1.621227
Industrial (TEP),RBF + Ridge,Fault_20,42,XMEAS_37,1.548588
Industrial (TEP),RBF + Ridge,Fault_20,43,XMEAS_14,1.512181
Industrial (TEP),RBF + Ridge,Fault_20,44,XMEAS_26,1.507748
Industrial (TEP),RBF + Ridge,Fault_20,45,XMEAS_39,1.398712
Industrial (TEP),RBF + Ridge,Fault_20,46,XMV_4,1.385532
Industrial (TEP),RBF + Ridge,Fault_20,47,XMEAS_28,1.330159
Industrial (TEP),RBF + Ridge,Fault_20,48,XMEAS_36,1.215701
Industrial (TEP),RBF + Ridge,Fault_20,49,XMEAS_41,1.088762
Industrial (TEP),RBF + Ridge,Fault_20,50,XMEAS_5,1.088599
Industrial (TEP),RBF + Ridge,Fault_20,51,XMEAS_24,0.947222
Industrial (TEP),RBF + Ridge,Fault_20,52,XMEAS_6,0.893513
