Dataset,Model Variant,Fault Name,Rank,Variable,Score
Robotics (Pepper),LSTM Autoencoder,WheelsControl,1,WheelBSpeed,1.043327
Robotics (Pepper),LSTM Autoencoder,WheelsControl,2,GyroscopeZ,0.980177
Robotics (Pepper),LSTM Autoencoder,WheelsControl,3,WheelFRSpeed,0.919955
Robotics (Pepper),LSTM Autoencoder,WheelsControl,4,WheelFLSpeed,0.911972
Robotics (Pepper),LSTM Autoencoder,WheelsControl,5,WheelFLStiff,0.250575
Robotics (Pepper),LSTM Autoencoder,WheelsControl,6,RElbowYawStiff,0.085086
Robotics (Pepper),LSTM Autoencoder,WheelsControl,7,RShoulderPitchStiff,0.084029
Robotics (Pepper),LSTM Autoencoder,WheelsControl,8,RElbowRollStiff,0.076876
Robotics (Pepper),LSTM Autoencoder,WheelsControl,9,RShoulderRollStiff,0.070916
Robotics (Pepper),LSTM Autoencoder,WheelsControl,10,LShoulderPitchStiff,0.069573
Robotics (Pepper),LSTM Autoencoder,WheelsControl,11,AccelerometerX,0.066168
Robotics (Pepper),LSTM Autoencoder,WheelsControl,12,LElbowYawStiff,0.064937
Robotics (Pepper),LSTM Autoencoder,WheelsControl,13,LedEarR3,0.064909
Robotics (Pepper),LSTM Autoencoder,WheelsControl,14,LedEarL3,0.064167
Robotics (Pepper),LSTM Autoencoder,WheelsControl,15,LaserR14X,0.060981
Robotics (Pepper),LSTM Autoencoder,WheelsControl,16,LaserVeR01Y,0.057404
Robotics (Pepper),LSTM Autoencoder,WheelsControl,17,LaserR14Y,0.057219
Robotics (Pepper),LSTM Autoencoder,WheelsControl,18,AccelerometerY,0.055159
Robotics (Pepper),LSTM Autoencoder,WheelsControl,19,LElbowRollStiff,0.053436
Robotics (Pepper),LSTM Autoencoder,WheelsControl,20,LWristYawStiff,0.052101
Robotics (Pepper),LSTM Autoencoder,WheelsControl,21,LShoulderRollStiff,0.046662
Robotics (Pepper),LSTM Autoencoder,WheelsControl,22,RWristYawStiff,0.046322
Robotics (Pepper),LSTM Autoencoder,WheelsControl,23,LaserVeL01Y,0.039077
Robotics (Pepper),LSTM Autoencoder,WheelsControl,24,RWristYaw,0.037646
Robotics (Pepper),LSTM Autoencoder,WheelsControl,25,SonarB,0.036035
Robotics (Pepper),LSTM Autoencoder,WheelsControl,26,RShoulderPitch,0.035435
Robotics (Pepper),LSTM Autoencoder,WheelsControl,27,GyroscopeY,0.034167
Robotics (Pepper),LSTM Autoencoder,WheelsControl,28,LedEarR8,0.033610
Robotics (Pepper),LSTM Autoencoder,WheelsControl,29,LedEarL10,0.032691
Robotics (Pepper),LSTM Autoencoder,WheelsControl,30,LedEarL4,0.032382
Robotics (Pepper),LSTM Autoencoder,WheelsControl,31,LedEarL9,0.031446
Robotics (Pepper),LSTM Autoencoder,WheelsControl,32,LaserVeR01X,0.031375
Robotics (Pepper),LSTM Autoencoder,WheelsControl,33,LaserF08Y.1,0.030956
Robotics (Pepper),LSTM Autoencoder,WheelsControl,34,LedEarR9,0.030652
Robotics (Pepper),LSTM Autoencoder,WheelsControl,35,LaserF06Y,0.030206
Robotics (Pepper),LSTM Autoencoder,WheelsControl,36,LaserR13Y,0.029715
Robotics (Pepper),LSTM Autoencoder,WheelsControl,37,LedEarR1,0.029674
Robotics (Pepper),LSTM Autoencoder,WheelsControl,38,LedEarL8,0.029659
Robotics (Pepper),LSTM Autoencoder,WheelsControl,39,LedEarR4,0.029330
Robotics (Pepper),LSTM Autoencoder,WheelsControl,40,InfraRedL,0.028849
Robotics (Pepper),LSTM Autoencoder,WheelsControl,41,LedEarR2,0.028752
Robotics (Pepper),LSTM Autoencoder,WheelsControl,42,LedEarL6,0.028585
Robotics (Pepper),LSTM Autoencoder,WheelsControl,43,LedEarL5,0.028287
Robotics (Pepper),LSTM Autoencoder,WheelsControl,44,LaserF08X.1,0.027974
Robotics (Pepper),LSTM Autoencoder,WheelsControl,45,GyroscopeX,0.027359
Robotics (Pepper),LSTM Autoencoder,WheelsControl,46,LedEarR5,0.026966
Robotics (Pepper),LSTM Autoencoder,WheelsControl,47,AccelerometerZ,0.026816
Robotics (Pepper),LSTM Autoencoder,WheelsControl,48,HeadYawStiff,0.026793
Robotics (Pepper),LSTM Autoencoder,WheelsControl,49,LedEarR7,0.026767
Robotics (Pepper),LSTM Autoencoder,WheelsControl,50,LedEarR6,0.026214
Robotics (Pepper),LSTM Autoencoder,WheelsControl,51,LedEarL7,0.026178
Robotics (Pepper),LSTM Autoencoder,WheelsControl,52,LaserF06X,0.025367
Robotics (Pepper),LSTM Autoencoder,WheelsControl,53,LedEarR10,0.025239
Robotics (Pepper),LSTM Autoencoder,WheelsControl,54,LedEarL1,0.024711
Robotics (Pepper),LSTM Autoencoder,WheelsControl,55,HeadYaw,0.022950
Robotics (Pepper),LSTM Autoencoder,WheelsControl,56,AnglesY,0.022617
Robotics (Pepper),LSTM Autoencoder,WheelsControl,57,LaserR13X,0.022422
Robotics (Pepper),LSTM Autoencoder,WheelsControl,58,LaserF03Y,0.022367
Robotics (Pepper),LSTM Autoencoder,WheelsControl,59,LaserF03X,0.022039
Robotics (Pepper),LSTM Autoencoder,WheelsControl,60,LaserVeL01X,0.021960
Robotics (Pepper),LSTM Autoencoder,WheelsControl,61,RShoulderRoll,0.021238
Robotics (Pepper),LSTM Autoencoder,WheelsControl,62,LaserF01X.1,0.019984
Robotics (Pepper),LSTM Autoencoder,WheelsControl,63,LaserF06Y.1,0.019966
Robotics (Pepper),LSTM Autoencoder,WheelsControl,64,LShoulderPitch,0.019817
Robotics (Pepper),LSTM Autoencoder,WheelsControl,65,LedEarL2,0.019795
Robotics (Pepper),LSTM Autoencoder,WheelsControl,66,AnglesX,0.019454
Robotics (Pepper),LSTM Autoencoder,WheelsControl,67,RElbowYaw,0.018813
Robotics (Pepper),LSTM Autoencoder,WheelsControl,68,LaserF06X.1,0.018547
Robotics (Pepper),LSTM Autoencoder,WheelsControl,69,LaserF05X,0.018291
Robotics (Pepper),LSTM Autoencoder,WheelsControl,70,LaserF01Y.1,0.018261
Robotics (Pepper),LSTM Autoencoder,WheelsControl,71,HeadPicthStiff,0.017420
Robotics (Pepper),LSTM Autoencoder,WheelsControl,72,LaserF02X.1,0.017188
Robotics (Pepper),LSTM Autoencoder,WheelsControl,73,LaserF02Y.1,0.017163
Robotics (Pepper),LSTM Autoencoder,WheelsControl,74,LaserF07X.1,0.016882
Robotics (Pepper),LSTM Autoencoder,WheelsControl,75,LaserL14Y,0.015855
Robotics (Pepper),LSTM Autoencoder,WheelsControl,76,LaserF10Y,0.015550
Robotics (Pepper),LSTM Autoencoder,WheelsControl,77,LaserF07Y.1,0.015203
Robotics (Pepper),LSTM Autoencoder,WheelsControl,78,LaserL14X,0.015106
Robotics (Pepper),LSTM Autoencoder,WheelsControl,79,LaserR10X,0.014864
Robotics (Pepper),LSTM Autoencoder,WheelsControl,80,LaserF05Y,0.014767
Robotics (Pepper),LSTM Autoencoder,WheelsControl,81,LaserF05X.1,0.014583
Robotics (Pepper),LSTM Autoencoder,WheelsControl,82,LaserF05Y.1,0.014385
Robotics (Pepper),LSTM Autoencoder,WheelsControl,83,KneePicthStiff,0.014360
Robotics (Pepper),LSTM Autoencoder,WheelsControl,84,HipPicthStiff,0.014050
Robotics (Pepper),LSTM Autoencoder,WheelsControl,85,LaserF10X,0.013938
Robotics (Pepper),LSTM Autoencoder,WheelsControl,86,LaserR03X,0.013853
Robotics (Pepper),LSTM Autoencoder,WheelsControl,87,LaserR02X,0.013453
Robotics (Pepper),LSTM Autoencoder,WheelsControl,88,AnglesZ,0.013251
Robotics (Pepper),LSTM Autoencoder,WheelsControl,89,HipRollStiff,0.012815
Robotics (Pepper),LSTM Autoencoder,WheelsControl,90,HipRoll,0.012744
Robotics (Pepper),LSTM Autoencoder,WheelsControl,91,LaserF01Y,0.012717
Robotics (Pepper),LSTM Autoencoder,WheelsControl,92,LaserR11X,0.012610
Robotics (Pepper),LSTM Autoencoder,WheelsControl,93,LaserR15X,0.012563
Robotics (Pepper),LSTM Autoencoder,WheelsControl,94,LaserF03X.1,0.012393
Robotics (Pepper),LSTM Autoencoder,WheelsControl,95,LaserF03Y.1,0.012368
Robotics (Pepper),LSTM Autoencoder,WheelsControl,96,LaserR10Y,0.012351
Robotics (Pepper),LSTM Autoencoder,WheelsControl,97,LElbowYawTemp,0.012334
Robotics (Pepper),LSTM Autoencoder,WheelsControl,98,LaserF09Y,0.012288
Robotics (Pepper),LSTM Autoencoder,WheelsControl,99,InfraRedR,0.011901
Robotics (Pepper),LSTM Autoencoder,WheelsControl,100,LaserR02Y,0.011872
Robotics (Pepper),LSTM Autoencoder,WheelsControl,101,WheelFLTemp,0.011475
Robotics (Pepper),LSTM Autoencoder,WheelsControl,102,LaserF04Y.1,0.011267
Robotics (Pepper),LSTM Autoencoder,WheelsControl,103,LaserR12Y,0.011199
Robotics (Pepper),LSTM Autoencoder,WheelsControl,104,LaserF09X.1,0.010951
Robotics (Pepper),LSTM Autoencoder,WheelsControl,105,LaserR09X,0.010895
Robotics (Pepper),LSTM Autoencoder,WheelsControl,106,LaserShovel02Y,0.010811
Robotics (Pepper),LSTM Autoencoder,WheelsControl,107,LaserL13Y,0.010763
Robotics (Pepper),LSTM Autoencoder,WheelsControl,108,LaserF11X,0.010752
Robotics (Pepper),LSTM Autoencoder,WheelsControl,109,LaserShovel03X,0.010692
Robotics (Pepper),LSTM Autoencoder,WheelsControl,110,LaserR11Y,0.010673
Robotics (Pepper),LSTM Autoencoder,WheelsControl,111,LaserL12X,0.010610
Robotics (Pepper),LSTM Autoencoder,WheelsControl,112,LaserF09X,0.010593
Robotics (Pepper),LSTM Autoencoder,WheelsControl,113,HeadPicth,0.010274
Robotics (Pepper),LSTM Autoencoder,WheelsControl,114,LaserR03Y,0.010231
Robotics (Pepper),LSTM Autoencoder,WheelsControl,115,LShoulderRollTemp,0.010197
Robotics (Pepper),LSTM Autoencoder,WheelsControl,116,LaserShovel02X,0.010190
Robotics (Pepper),LSTM Autoencoder,WheelsControl,117,LaserF04X.1,0.010125
Robotics (Pepper),LSTM Autoencoder,WheelsControl,118,LaserF12X,0.010046
Robotics (Pepper),LSTM Autoencoder,WheelsControl,119,LaserL13X,0.009929
Robotics (Pepper),LSTM Autoencoder,WheelsControl,120,HeadPicthTemp,0.009819
Robotics (Pepper),LSTM Autoencoder,WheelsControl,121,LaserF11Y,0.009781
Robotics (Pepper),LSTM Autoencoder,WheelsControl,122,LaserR09Y,0.009668
Robotics (Pepper),LSTM Autoencoder,WheelsControl,123,LaserShovel01X,0.009372
Robotics (Pepper),LSTM Autoencoder,WheelsControl,124,LaserF13X,0.009167
Robotics (Pepper),LSTM Autoencoder,WheelsControl,125,LaserShovel03Y,0.009167
Robotics (Pepper),LSTM Autoencoder,WheelsControl,126,LaserL12Y,0.009143
Robotics (Pepper),LSTM Autoencoder,WheelsControl,127,LaserF02X,0.009114
Robotics (Pepper),LSTM Autoencoder,WheelsControl,128,LaserR12X,0.009090
Robotics (Pepper),LSTM Autoencoder,WheelsControl,129,LaserF12Y,0.009086
Robotics (Pepper),LSTM Autoencoder,WheelsControl,130,LaserF08Y,0.008973
Robotics (Pepper),LSTM Autoencoder,WheelsControl,131,LaserR15Y,0.008936
Robotics (Pepper),LSTM Autoencoder,WheelsControl,132,LaserL10Y,0.008922
Robotics (Pepper),LSTM Autoencoder,WheelsControl,133,LaserF09Y.1,0.008852
Robotics (Pepper),LSTM Autoencoder,WheelsControl,134,RElbowYawTemp,0.008840
Robotics (Pepper),LSTM Autoencoder,WheelsControl,135,LaserR01Y,0.008835
Robotics (Pepper),LSTM Autoencoder,WheelsControl,136,LaserR01X,0.008807
Robotics (Pepper),LSTM Autoencoder,WheelsControl,137,RElbowRoll,0.008709
Robotics (Pepper),LSTM Autoencoder,WheelsControl,138,LaserShovel01Y,0.008658
Robotics (Pepper),LSTM Autoencoder,WheelsControl,139,LShoulderPitchTemp,0.008595
Robotics (Pepper),LSTM Autoencoder,WheelsControl,140,LShoulderRoll,0.008504
Robotics (Pepper),LSTM Autoencoder,WheelsControl,141,LaserF01X,0.008485
Robotics (Pepper),LSTM Autoencoder,WheelsControl,142,LaserR04Y,0.008353
Robotics (Pepper),LSTM Autoencoder,WheelsControl,143,LaserL15Y,0.008343
Robotics (Pepper),LSTM Autoencoder,WheelsControl,144,LaserF02Y,0.008331
Robotics (Pepper),LSTM Autoencoder,WheelsControl,145,LaserR08X,0.008319
Robotics (Pepper),LSTM Autoencoder,WheelsControl,146,LaserR04X,0.008169
Robotics (Pepper),LSTM Autoencoder,WheelsControl,147,LaserL15X,0.008087
Robotics (Pepper),LSTM Autoencoder,WheelsControl,148,LaserF15X,0.007975
Robotics (Pepper),LSTM Autoencoder,WheelsControl,149,LaserF08X,0.007960
Robotics (Pepper),LSTM Autoencoder,WheelsControl,150,LaserL11Y,0.007876
Robotics (Pepper),LSTM Autoencoder,WheelsControl,151,LaserR08Y,0.007736
Robotics (Pepper),LSTM Autoencoder,WheelsControl,152,LElbowRollTemp,0.007594
Robotics (Pepper),LSTM Autoencoder,WheelsControl,153,LaserF07X,0.007426
Robotics (Pepper),LSTM Autoencoder,WheelsControl,154,LaserF04Y,0.007364
Robotics (Pepper),LSTM Autoencoder,WheelsControl,155,LaserF07Y,0.007352
Robotics (Pepper),LSTM Autoencoder,WheelsControl,156,LaserF04X,0.007179
Robotics (Pepper),LSTM Autoencoder,WheelsControl,157,LElbowYaw,0.007128
Robotics (Pepper),LSTM Autoencoder,WheelsControl,158,LHand,0.007118
Robotics (Pepper),LSTM Autoencoder,WheelsControl,159,LaserR06X,0.007059
Robotics (Pepper),LSTM Autoencoder,WheelsControl,160,LWristYawTemp,0.007052
Robotics (Pepper),LSTM Autoencoder,WheelsControl,161,HeadYawTemp,0.007037
Robotics (Pepper),LSTM Autoencoder,WheelsControl,162,WheelFRTemp,0.006982
Robotics (Pepper),LSTM Autoencoder,WheelsControl,163,LElbowRoll,0.006910
Robotics (Pepper),LSTM Autoencoder,WheelsControl,164,LaserR06Y,0.006896
Robotics (Pepper),LSTM Autoencoder,WheelsControl,165,LaserR07Y,0.006888
Robotics (Pepper),LSTM Autoencoder,WheelsControl,166,Rhand,0.006855
Robotics (Pepper),LSTM Autoencoder,WheelsControl,167,LaserR05X,0.006810
Robotics (Pepper),LSTM Autoencoder,WheelsControl,168,LaserL11X,0.006670
Robotics (Pepper),LSTM Autoencoder,WheelsControl,169,LaserF14Y,0.006641
Robotics (Pepper),LSTM Autoencoder,WheelsControl,170,SonarF,0.006631
Robotics (Pepper),LSTM Autoencoder,WheelsControl,171,WheelBTemp,0.006517
Robotics (Pepper),LSTM Autoencoder,WheelsControl,172,LaserF13Y,0.006338
Robotics (Pepper),LSTM Autoencoder,WheelsControl,173,LaserL10X,0.006323
Robotics (Pepper),LSTM Autoencoder,WheelsControl,174,LaserR07X,0.006165
Robotics (Pepper),LSTM Autoencoder,WheelsControl,175,LaserR05Y,0.006134
Robotics (Pepper),LSTM Autoencoder,WheelsControl,176,WheelBStiff,0.005979
Robotics (Pepper),LSTM Autoencoder,WheelsControl,177,TabletTouchY,0.005939
Robotics (Pepper),LSTM Autoencoder,WheelsControl,178,LHandTemp,0.005801
Robotics (Pepper),LSTM Autoencoder,WheelsControl,179,RShoulderRollTemp,0.005774
Robotics (Pepper),LSTM Autoencoder,WheelsControl,180,WheelFRStiff,0.005636
Robotics (Pepper),LSTM Autoencoder,WheelsControl,181,RhandTemp,0.005588
Robotics (Pepper),LSTM Autoencoder,WheelsControl,182,LWristYaw,0.005570
Robotics (Pepper),LSTM Autoencoder,WheelsControl,183,RWristYawTemp,0.005566
Robotics (Pepper),LSTM Autoencoder,WheelsControl,184,HipPicthTemp,0.005429
Robotics (Pepper),LSTM Autoencoder,WheelsControl,185,LaserF15Y,0.005419
Robotics (Pepper),LSTM Autoencoder,WheelsControl,186,RShoulderPitchTemp,0.005233
Robotics (Pepper),LSTM Autoencoder,WheelsControl,187,KneePicthTemp,0.005195
Robotics (Pepper),LSTM Autoencoder,WheelsControl,188,TabletTouchX,0.005164
Robotics (Pepper),LSTM Autoencoder,WheelsControl,189,LaserF14X,0.004880
Robotics (Pepper),LSTM Autoencoder,WheelsControl,190,RhandStiff,0.004680
Robotics (Pepper),LSTM Autoencoder,WheelsControl,191,RElbowRollTemp,0.004404
Robotics (Pepper),LSTM Autoencoder,WheelsControl,192,LHandStiff,0.004201
Robotics (Pepper),LSTM Autoencoder,WheelsControl,193,HipRollTemp,0.003963
Robotics (Pepper),LSTM Autoencoder,WheelsControl,194,KneePicth,0.002897
Robotics (Pepper),LSTM Autoencoder,WheelsControl,195,HipPicth,0.002134
Robotics (Pepper),LSTM Autoencoder,WheelsControl,196,LedFaceGL8,0.001710
Robotics (Pepper),LSTM Autoencoder,WheelsControl,197,LedFaceRL1,0.001620
Robotics (Pepper),LSTM Autoencoder,WheelsControl,198,LedFaceRL6,0.001525
Robotics (Pepper),LSTM Autoencoder,WheelsControl,199,LedFaceGR4,0.001512
Robotics (Pepper),LSTM Autoencoder,WheelsControl,200,LedFaceGL6,0.001511
Robotics (Pepper),LSTM Autoencoder,WheelsControl,201,LedFaceGL7,0.001510
Robotics (Pepper),LSTM Autoencoder,WheelsControl,202,LedFaceRR8,0.001487
Robotics (Pepper),LSTM Autoencoder,WheelsControl,203,LedFaceGR2,0.001480
Robotics (Pepper),LSTM Autoencoder,WheelsControl,204,LedFaceBL5,0.001479
Robotics (Pepper),LSTM Autoencoder,WheelsControl,205,LedFaceRL2,0.001466
Robotics (Pepper),LSTM Autoencoder,WheelsControl,206,LedFaceGR7,0.001423
Robotics (Pepper),LSTM Autoencoder,WheelsControl,207,LedFaceRL7,0.001405
Robotics (Pepper),LSTM Autoencoder,WheelsControl,208,LedFaceRL8,0.001396
Robotics (Pepper),LSTM Autoencoder,WheelsControl,209,LedFaceRL3,0.001386
Robotics (Pepper),LSTM Autoencoder,WheelsControl,210,LedFaceRL4,0.001325
Robotics (Pepper),LSTM Autoencoder,WheelsControl,211,LedFaceGL1,0.001314
Robotics (Pepper),LSTM Autoencoder,WheelsControl,212,LedFaceBL8,0.001306
Robotics (Pepper),LSTM Autoencoder,WheelsControl,213,LedFaceRR4,0.001298
Robotics (Pepper),LSTM Autoencoder,WheelsControl,214,LedFaceGL4,0.001292
Robotics (Pepper),LSTM Autoencoder,WheelsControl,215,LedFaceBL7,0.001290
Robotics (Pepper),LSTM Autoencoder,WheelsControl,216,LedFaceRR1,0.001289
Robotics (Pepper),LSTM Autoencoder,WheelsControl,217,LedFaceGR1,0.001273
Robotics (Pepper),LSTM Autoencoder,WheelsControl,218,LedFaceBR1,0.001269
Robotics (Pepper),LSTM Autoencoder,WheelsControl,219,LedFaceBR4,0.001266
Robotics (Pepper),LSTM Autoencoder,WheelsControl,220,LedFaceBR3,0.001257
Robotics (Pepper),LSTM Autoencoder,WheelsControl,221,LedShoulderB,0.001254
Robotics (Pepper),LSTM Autoencoder,WheelsControl,222,LedFaceRR2,0.001251
Robotics (Pepper),LSTM Autoencoder,WheelsControl,223,LedFaceBL6,0.001244
Robotics (Pepper),LSTM Autoencoder,WheelsControl,224,LedFaceRR7,0.001235
Robotics (Pepper),LSTM Autoencoder,WheelsControl,225,LedFaceGR6,0.001173
Robotics (Pepper),LSTM Autoencoder,WheelsControl,226,LedFaceGR5,0.001168
Robotics (Pepper),LSTM Autoencoder,WheelsControl,227,LedFaceRR3,0.001153
Robotics (Pepper),LSTM Autoencoder,WheelsControl,228,LedFaceRR6,0.001138
Robotics (Pepper),LSTM Autoencoder,WheelsControl,229,LedFaceBR2,0.001133
Robotics (Pepper),LSTM Autoencoder,WheelsControl,230,LedFaceRR5,0.001128
Robotics (Pepper),LSTM Autoencoder,WheelsControl,231,LedFaceGL3,0.001117
Robotics (Pepper),LSTM Autoencoder,WheelsControl,232,LedFaceGR3,0.001098
Robotics (Pepper),LSTM Autoencoder,WheelsControl,233,LedFaceGR8,0.001093
Robotics (Pepper),LSTM Autoencoder,WheelsControl,234,LedFaceRL5,0.001012
Robotics (Pepper),LSTM Autoencoder,WheelsControl,235,LedFaceGL2,0.001011
Robotics (Pepper),LSTM Autoencoder,WheelsControl,236,LedFaceGL5,0.000982
Robotics (Pepper),LSTM Autoencoder,WheelsControl,237,LedFaceBL3,0.000943
Robotics (Pepper),LSTM Autoencoder,WheelsControl,238,LedFaceBL4,0.000922
Robotics (Pepper),LSTM Autoencoder,WheelsControl,239,LedFaceBR5,0.000890
Robotics (Pepper),LSTM Autoencoder,WheelsControl,240,LedFaceBL1,0.000868
Robotics (Pepper),LSTM Autoencoder,WheelsControl,241,LedFaceBR8,0.000823
Robotics (Pepper),LSTM Autoencoder,WheelsControl,242,LedFaceBR7,0.000797
Robotics (Pepper),LSTM Autoencoder,WheelsControl,243,LedFaceBL2,0.000731
Robotics (Pepper),LSTM Autoencoder,WheelsControl,244,LedFaceBR6,0.000690
Robotics (Pepper),LSTM Autoencoder,JointControl,1,RShoulderPitch,0.295323
Robotics (Pepper),LSTM Autoencoder,JointControl,2,SonarB,0.115911
Robotics (Pepper),LSTM Autoencoder,JointControl,3,LShoulderPitch,0.066175
Robotics (Pepper),LSTM Autoencoder,JointControl,4,RShoulderRoll,0.056845
Robotics (Pepper),LSTM Autoencoder,JointControl,5,HipRoll,0.056381
Robotics (Pepper),LSTM Autoencoder,JointControl,6,LaserVeR01X,0.047957
Robotics (Pepper),LSTM Autoencoder,JointControl,7,LedEarR3,0.042619
Robotics (Pepper),LSTM Autoencoder,JointControl,8,RWristYaw,0.038860
Robotics (Pepper),LSTM Autoencoder,JointControl,9,LedEarL3,0.036527
Robotics (Pepper),LSTM Autoencoder,JointControl,10,AccelerometerX,0.034157
Robotics (Pepper),LSTM Autoencoder,JointControl,11,RElbowYawStiff,0.027428
Robotics (Pepper),LSTM Autoencoder,JointControl,12,InfraRedL,0.026806
Robotics (Pepper),LSTM Autoencoder,JointControl,13,LaserF03Y,0.026581
Robotics (Pepper),LSTM Autoencoder,JointControl,14,RShoulderPitchStiff,0.026545
Robotics (Pepper),LSTM Autoencoder,JointControl,15,LaserF03X,0.025914
Robotics (Pepper),LSTM Autoencoder,JointControl,16,LaserF07X,0.025724
Robotics (Pepper),LSTM Autoencoder,JointControl,17,RElbowRollStiff,0.024127
Robotics (Pepper),LSTM Autoencoder,JointControl,18,LHandStiff,0.023980
Robotics (Pepper),LSTM Autoencoder,JointControl,19,RShoulderRollStiff,0.023697
Robotics (Pepper),LSTM Autoencoder,JointControl,20,LedEarL8,0.023029
Robotics (Pepper),LSTM Autoencoder,JointControl,21,LWristYawStiff,0.021482
Robotics (Pepper),LSTM Autoencoder,JointControl,22,LedEarR5,0.021179
Robotics (Pepper),LSTM Autoencoder,JointControl,23,LaserF07Y,0.021105
Robotics (Pepper),LSTM Autoencoder,JointControl,24,LShoulderPitchStiff,0.020733
Robotics (Pepper),LSTM Autoencoder,JointControl,25,LedEarR8,0.020434
Robotics (Pepper),LSTM Autoencoder,JointControl,26,LElbowYawStiff,0.020235
Robotics (Pepper),LSTM Autoencoder,JointControl,27,LShoulderRoll,0.020151
Robotics (Pepper),LSTM Autoencoder,JointControl,28,LedEarL5,0.019748
Robotics (Pepper),LSTM Autoencoder,JointControl,29,LedEarL7,0.019540
Robotics (Pepper),LSTM Autoencoder,JointControl,30,LedEarR2,0.019028
Robotics (Pepper),LSTM Autoencoder,JointControl,31,RElbowRoll,0.018942
Robotics (Pepper),LSTM Autoencoder,JointControl,32,LedEarL10,0.018677
Robotics (Pepper),LSTM Autoencoder,JointControl,33,LedEarL9,0.018502
Robotics (Pepper),LSTM Autoencoder,JointControl,34,LedEarR7,0.018441
Robotics (Pepper),LSTM Autoencoder,JointControl,35,LedEarL4,0.018199
Robotics (Pepper),LSTM Autoencoder,JointControl,36,LedEarR4,0.018184
Robotics (Pepper),LSTM Autoencoder,JointControl,37,LedEarR10,0.018105
Robotics (Pepper),LSTM Autoencoder,JointControl,38,LElbowRollStiff,0.018081
Robotics (Pepper),LSTM Autoencoder,JointControl,39,LedEarR6,0.017993
Robotics (Pepper),LSTM Autoencoder,JointControl,40,LedEarR9,0.017892
Robotics (Pepper),LSTM Autoencoder,JointControl,41,LedEarL1,0.017759
Robotics (Pepper),LSTM Autoencoder,JointControl,42,LaserF05X,0.017541
Robotics (Pepper),LSTM Autoencoder,JointControl,43,LedEarL6,0.017082
Robotics (Pepper),LSTM Autoencoder,JointControl,44,LaserF11Y,0.016961
Robotics (Pepper),LSTM Autoencoder,JointControl,45,LedEarR1,0.016832
Robotics (Pepper),LSTM Autoencoder,JointControl,46,RElbowYaw,0.016783
Robotics (Pepper),LSTM Autoencoder,JointControl,47,HeadYaw,0.016167
Robotics (Pepper),LSTM Autoencoder,JointControl,48,LaserF05Y,0.015826
Robotics (Pepper),LSTM Autoencoder,JointControl,49,LedEarL2,0.015773
Robotics (Pepper),LSTM Autoencoder,JointControl,50,LShoulderRollStiff,0.014545
Robotics (Pepper),LSTM Autoencoder,JointControl,51,LaserF11X,0.014500
Robotics (Pepper),LSTM Autoencoder,JointControl,52,Rhand,0.014459
Robotics (Pepper),LSTM Autoencoder,JointControl,53,RWristYawStiff,0.014311
Robotics (Pepper),LSTM Autoencoder,JointControl,54,LaserF06X,0.013972
Robotics (Pepper),LSTM Autoencoder,JointControl,55,LHand,0.013967
Robotics (Pepper),LSTM Autoencoder,JointControl,56,LaserVeR01Y,0.013586
Robotics (Pepper),LSTM Autoencoder,JointControl,57,LaserF06Y,0.013447
Robotics (Pepper),LSTM Autoencoder,JointControl,58,GyroscopeZ,0.013077
Robotics (Pepper),LSTM Autoencoder,JointControl,59,AccelerometerY,0.012782
Robotics (Pepper),LSTM Autoencoder,JointControl,60,WheelFRSpeed,0.012554
Robotics (Pepper),LSTM Autoencoder,JointControl,61,WheelFLSpeed,0.012493
Robotics (Pepper),LSTM Autoencoder,JointControl,62,WheelBSpeed,0.012431
Robotics (Pepper),LSTM Autoencoder,JointControl,63,LaserF14X,0.011939
Robotics (Pepper),LSTM Autoencoder,JointControl,64,RhandStiff,0.011793
Robotics (Pepper),LSTM Autoencoder,JointControl,65,LaserF14Y,0.011479
Robotics (Pepper),LSTM Autoencoder,JointControl,66,HipRollStiff,0.011353
Robotics (Pepper),LSTM Autoencoder,JointControl,67,AccelerometerZ,0.011220
Robotics (Pepper),LSTM Autoencoder,JointControl,68,HeadPicthTemp,0.010873
Robotics (Pepper),LSTM Autoencoder,JointControl,69,LElbowYawTemp,0.010792
Robotics (Pepper),LSTM Autoencoder,JointControl,70,LaserF01Y,0.010531
Robotics (Pepper),LSTM Autoencoder,JointControl,71,AnglesX,0.010269
Robotics (Pepper),LSTM Autoencoder,JointControl,72,LaserL15Y,0.009771
Robotics (Pepper),LSTM Autoencoder,JointControl,73,KneePicthStiff,0.009422
Robotics (Pepper),LSTM Autoencoder,JointControl,74,HeadYawStiff,0.009291
Robotics (Pepper),LSTM Autoencoder,JointControl,75,LElbowRoll,0.009214
Robotics (Pepper),LSTM Autoencoder,JointControl,76,LaserL15X,0.009142
Robotics (Pepper),LSTM Autoencoder,JointControl,77,LaserF15Y,0.009067
Robotics (Pepper),LSTM Autoencoder,JointControl,78,LaserF15X,0.008910
Robotics (Pepper),LSTM Autoencoder,JointControl,79,LaserF08X,0.008634
Robotics (Pepper),LSTM Autoencoder,JointControl,80,LShoulderPitchTemp,0.008606
Robotics (Pepper),LSTM Autoencoder,JointControl,81,HeadPicthStiff,0.008519
Robotics (Pepper),LSTM Autoencoder,JointControl,82,LElbowRollTemp,0.008474
Robotics (Pepper),LSTM Autoencoder,JointControl,83,HipPicthStiff,0.008390
Robotics (Pepper),LSTM Autoencoder,JointControl,84,LaserShovel03Y,0.008380
Robotics (Pepper),LSTM Autoencoder,JointControl,85,LaserF02Y,0.008253
Robotics (Pepper),LSTM Autoencoder,JointControl,86,AnglesY,0.008240
Robotics (Pepper),LSTM Autoencoder,JointControl,87,LaserF01X,0.008177
Robotics (Pepper),LSTM Autoencoder,JointControl,88,LaserShovel01X,0.008129
Robotics (Pepper),LSTM Autoencoder,JointControl,89,LaserShovel02Y,0.008073
Robotics (Pepper),LSTM Autoencoder,JointControl,90,LaserF02X,0.008016
Robotics (Pepper),LSTM Autoencoder,JointControl,91,LaserF02Y.1,0.007962
Robotics (Pepper),LSTM Autoencoder,JointControl,92,LaserShovel03X,0.007882
Robotics (Pepper),LSTM Autoencoder,JointControl,93,InfraRedR,0.007840
Robotics (Pepper),LSTM Autoencoder,JointControl,94,LaserF04X,0.007683
Robotics (Pepper),LSTM Autoencoder,JointControl,95,LElbowYaw,0.007666
Robotics (Pepper),LSTM Autoencoder,JointControl,96,LaserF10X,0.007641
Robotics (Pepper),LSTM Autoencoder,JointControl,97,GyroscopeY,0.007611
Robotics (Pepper),LSTM Autoencoder,JointControl,98,LaserF08Y,0.007579
Robotics (Pepper),LSTM Autoencoder,JointControl,99,LaserF04X.1,0.007557
Robotics (Pepper),LSTM Autoencoder,JointControl,100,LaserF02X.1,0.007484
Robotics (Pepper),LSTM Autoencoder,JointControl,101,LaserF04Y.1,0.007474
Robotics (Pepper),LSTM Autoencoder,JointControl,102,LaserF10Y,0.007388
Robotics (Pepper),LSTM Autoencoder,JointControl,103,LaserF05X.1,0.007335
Robotics (Pepper),LSTM Autoencoder,JointControl,104,LaserR13X,0.007307
Robotics (Pepper),LSTM Autoencoder,JointControl,105,KneePicthTemp,0.007285
Robotics (Pepper),LSTM Autoencoder,JointControl,106,LaserR04Y,0.007228
Robotics (Pepper),LSTM Autoencoder,JointControl,107,WheelFLTemp,0.007215
Robotics (Pepper),LSTM Autoencoder,JointControl,108,LaserShovel02X,0.007204
Robotics (Pepper),LSTM Autoencoder,JointControl,109,LaserShovel01Y,0.007165
Robotics (Pepper),LSTM Autoencoder,JointControl,110,LaserR01X,0.007114
Robotics (Pepper),LSTM Autoencoder,JointControl,111,LaserR01Y,0.007050
Robotics (Pepper),LSTM Autoencoder,JointControl,112,AnglesZ,0.007040
Robotics (Pepper),LSTM Autoencoder,JointControl,113,RElbowYawTemp,0.007021
Robotics (Pepper),LSTM Autoencoder,JointControl,114,LaserF06Y.1,0.006956
Robotics (Pepper),LSTM Autoencoder,JointControl,115,LaserR14X,0.006930
Robotics (Pepper),LSTM Autoencoder,JointControl,116,LaserF03X.1,0.006539
Robotics (Pepper),LSTM Autoencoder,JointControl,117,LaserF03Y.1,0.006518
Robotics (Pepper),LSTM Autoencoder,JointControl,118,LaserF01X.1,0.006434
Robotics (Pepper),LSTM Autoencoder,JointControl,119,LaserR04X,0.006413
Robotics (Pepper),LSTM Autoencoder,JointControl,120,LaserF06X.1,0.006329
Robotics (Pepper),LSTM Autoencoder,JointControl,121,SonarF,0.006326
Robotics (Pepper),LSTM Autoencoder,JointControl,122,TabletTouchY,0.006247
Robotics (Pepper),LSTM Autoencoder,JointControl,123,LaserF04Y,0.006146
Robotics (Pepper),LSTM Autoencoder,JointControl,124,LWristYaw,0.006145
Robotics (Pepper),LSTM Autoencoder,JointControl,125,GyroscopeX,0.006077
Robotics (Pepper),LSTM Autoencoder,JointControl,126,LaserF05Y.1,0.006002
Robotics (Pepper),LSTM Autoencoder,JointControl,127,LaserF09X.1,0.005986
Robotics (Pepper),LSTM Autoencoder,JointControl,128,HeadYawTemp,0.005973
Robotics (Pepper),LSTM Autoencoder,JointControl,129,LShoulderRollTemp,0.005871
Robotics (Pepper),LSTM Autoencoder,JointControl,130,LaserF07Y.1,0.005843
Robotics (Pepper),LSTM Autoencoder,JointControl,131,LaserF01Y.1,0.005835
Robotics (Pepper),LSTM Autoencoder,JointControl,132,LaserR14Y,0.005821
Robotics (Pepper),LSTM Autoencoder,JointControl,133,LaserR15X,0.005801
Robotics (Pepper),LSTM Autoencoder,JointControl,134,HipPicthTemp,0.005762
Robotics (Pepper),LSTM Autoencoder,JointControl,135,WheelFRTemp,0.005691
Robotics (Pepper),LSTM Autoencoder,JointControl,136,LaserF07X.1,0.005625
Robotics (Pepper),LSTM Autoencoder,JointControl,137,LaserL14Y,0.005585
Robotics (Pepper),LSTM Autoencoder,JointControl,138,LaserR05Y,0.005551
Robotics (Pepper),LSTM Autoencoder,JointControl,139,WheelFRStiff,0.005549
Robotics (Pepper),LSTM Autoencoder,JointControl,140,LaserR13Y,0.005543
Robotics (Pepper),LSTM Autoencoder,JointControl,141,LaserF08X.1,0.005510
Robotics (Pepper),LSTM Autoencoder,JointControl,142,LaserF12Y,0.005308
Robotics (Pepper),LSTM Autoencoder,JointControl,143,RShoulderPitchTemp,0.005173
Robotics (Pepper),LSTM Autoencoder,JointControl,144,WheelBTemp,0.005169
Robotics (Pepper),LSTM Autoencoder,JointControl,145,LaserR06Y,0.005153
Robotics (Pepper),LSTM Autoencoder,JointControl,146,LaserR02Y,0.005076
Robotics (Pepper),LSTM Autoencoder,JointControl,147,LaserR15Y,0.005020
Robotics (Pepper),LSTM Autoencoder,JointControl,148,LaserF09X,0.005015
Robotics (Pepper),LSTM Autoencoder,JointControl,149,LaserL13Y,0.004994
Robotics (Pepper),LSTM Autoencoder,JointControl,150,RShoulderRollTemp,0.004935
Robotics (Pepper),LSTM Autoencoder,JointControl,151,LaserR03Y,0.004913
Robotics (Pepper),LSTM Autoencoder,JointControl,152,LaserF09Y,0.004887
Robotics (Pepper),LSTM Autoencoder,JointControl,153,LaserVeL01Y,0.004881
Robotics (Pepper),LSTM Autoencoder,JointControl,154,LaserL11Y,0.004877
Robotics (Pepper),LSTM Autoencoder,JointControl,155,TabletTouchX,0.004875
Robotics (Pepper),LSTM Autoencoder,JointControl,156,LaserF09Y.1,0.004789
Robotics (Pepper),LSTM Autoencoder,JointControl,157,LaserR03X,0.004788
Robotics (Pepper),LSTM Autoencoder,JointControl,158,LaserR08X,0.004754
Robotics (Pepper),LSTM Autoencoder,JointControl,159,LaserR06X,0.004714
Robotics (Pepper),LSTM Autoencoder,JointControl,160,LaserL11X,0.004690
Robotics (Pepper),LSTM Autoencoder,JointControl,161,WheelFLStiff,0.004643
Robotics (Pepper),LSTM Autoencoder,JointControl,162,LaserF12X,0.004632
Robotics (Pepper),LSTM Autoencoder,JointControl,163,LaserR05X,0.004605
Robotics (Pepper),LSTM Autoencoder,JointControl,164,LaserVeL01X,0.004551
Robotics (Pepper),LSTM Autoencoder,JointControl,165,LaserL12X,0.004447
Robotics (Pepper),LSTM Autoencoder,JointControl,166,LaserF08Y.1,0.004383
Robotics (Pepper),LSTM Autoencoder,JointControl,167,LWristYawTemp,0.004341
Robotics (Pepper),LSTM Autoencoder,JointControl,168,LaserR09X,0.004339
Robotics (Pepper),LSTM Autoencoder,JointControl,169,LaserL10Y,0.004265
Robotics (Pepper),LSTM Autoencoder,JointControl,170,LaserF13Y,0.004215
Robotics (Pepper),LSTM Autoencoder,JointControl,171,RWristYawTemp,0.004188
Robotics (Pepper),LSTM Autoencoder,JointControl,172,LaserL13X,0.004158
Robotics (Pepper),LSTM Autoencoder,JointControl,173,LaserR02X,0.004127
Robotics (Pepper),LSTM Autoencoder,JointControl,174,WheelBStiff,0.004074
Robotics (Pepper),LSTM Autoencoder,JointControl,175,RElbowRollTemp,0.004038
Robotics (Pepper),LSTM Autoencoder,JointControl,176,LaserL10X,0.004002
Robotics (Pepper),LSTM Autoencoder,JointControl,177,HeadPicth,0.004002
Robotics (Pepper),LSTM Autoencoder,JointControl,178,LaserL14X,0.003990
Robotics (Pepper),LSTM Autoencoder,JointControl,179,RhandTemp,0.003976
Robotics (Pepper),LSTM Autoencoder,JointControl,180,LaserR07Y,0.003871
Robotics (Pepper),LSTM Autoencoder,JointControl,181,LaserR12Y,0.003792
Robotics (Pepper),LSTM Autoencoder,JointControl,182,LaserF13X,0.003775
Robotics (Pepper),LSTM Autoencoder,JointControl,183,LaserR08Y,0.003673
Robotics (Pepper),LSTM Autoencoder,JointControl,184,LaserR11X,0.003656
Robotics (Pepper),LSTM Autoencoder,JointControl,185,LaserR10Y,0.003629
Robotics (Pepper),LSTM Autoencoder,JointControl,186,LHandTemp,0.003601
Robotics (Pepper),LSTM Autoencoder,JointControl,187,LaserR12X,0.003600
Robotics (Pepper),LSTM Autoencoder,JointControl,188,LaserR09Y,0.003537
Robotics (Pepper),LSTM Autoencoder,JointControl,189,LaserR11Y,0.003489
Robotics (Pepper),LSTM Autoencoder,JointControl,190,HipRollTemp,0.003433
Robotics (Pepper),LSTM Autoencoder,JointControl,191,LaserR07X,0.003412
Robotics (Pepper),LSTM Autoencoder,JointControl,192,LaserR10X,0.003395
Robotics (Pepper),LSTM Autoencoder,JointControl,193,LedShoulderB,0.003290
Robotics (Pepper),LSTM Autoencoder,JointControl,194,LaserL12Y,0.003240
Robotics (Pepper),LSTM Autoencoder,JointControl,195,KneePicth,0.003093
Robotics (Pepper),LSTM Autoencoder,JointControl,196,HipPicth,0.002339
Robotics (Pepper),LSTM Autoencoder,JointControl,197,LedFaceGR1,0.001810
Robotics (Pepper),LSTM Autoencoder,JointControl,198,LedFaceRR8,0.001791
Robotics (Pepper),LSTM Autoencoder,JointControl,199,LedFaceGR2,0.001779
Robotics (Pepper),LSTM Autoencoder,JointControl,200,LedFaceRR7,0.001694
Robotics (Pepper),LSTM Autoencoder,JointControl,201,LedFaceBL8,0.001637
Robotics (Pepper),LSTM Autoencoder,JointControl,202,LedFaceRR2,0.001597
Robotics (Pepper),LSTM Autoencoder,JointControl,203,LedFaceGL1,0.001570
Robotics (Pepper),LSTM Autoencoder,JointControl,204,LedFaceGL7,0.001555
Robotics (Pepper),LSTM Autoencoder,JointControl,205,LedFaceBL5,0.001548
Robotics (Pepper),LSTM Autoencoder,JointControl,206,LedFaceRL3,0.001529
Robotics (Pepper),LSTM Autoencoder,JointControl,207,LedFaceGR5,0.001486
Robotics (Pepper),LSTM Autoencoder,JointControl,208,LedFaceRL7,0.001482
Robotics (Pepper),LSTM Autoencoder,JointControl,209,LedFaceRL1,0.001461
Robotics (Pepper),LSTM Autoencoder,JointControl,210,LedFaceRR3,0.001422
Robotics (Pepper),LSTM Autoencoder,JointControl,211,LedFaceGL8,0.001419
Robotics (Pepper),LSTM Autoencoder,JointControl,212,LedFaceRL2,0.001377
Robotics (Pepper),LSTM Autoencoder,JointControl,213,LedFaceGR4,0.001371
Robotics (Pepper),LSTM Autoencoder,JointControl,214,LedFaceBL6,0.001362
Robotics (Pepper),LSTM Autoencoder,JointControl,215,LedFaceRL8,0.001338
Robotics (Pepper),LSTM Autoencoder,JointControl,216,LedFaceBL7,0.001335
Robotics (Pepper),LSTM Autoencoder,JointControl,217,LedFaceGR3,0.001328
Robotics (Pepper),LSTM Autoencoder,JointControl,218,LedFaceBL1,0.001327
Robotics (Pepper),LSTM Autoencoder,JointControl,219,LedFaceGL2,0.001312
Robotics (Pepper),LSTM Autoencoder,JointControl,220,LedFaceGL4,0.001299
Robotics (Pepper),LSTM Autoencoder,JointControl,221,LedFaceBR3,0.001286
Robotics (Pepper),LSTM Autoencoder,JointControl,222,LedFaceBR4,0.001269
Robotics (Pepper),LSTM Autoencoder,JointControl,223,LedFaceRL6,0.001269
Robotics (Pepper),LSTM Autoencoder,JointControl,224,LedFaceRR1,0.001267
Robotics (Pepper),LSTM Autoencoder,JointControl,225,LedFaceBR6,0.001258
Robotics (Pepper),LSTM Autoencoder,JointControl,226,LedFaceGL5,0.001256
Robotics (Pepper),LSTM Autoencoder,JointControl,227,LedFaceBR8,0.001242
Robotics (Pepper),LSTM Autoencoder,JointControl,228,LedFaceGL6,0.001235
Robotics (Pepper),LSTM Autoencoder,JointControl,229,LedFaceGR8,0.001231
Robotics (Pepper),LSTM Autoencoder,JointControl,230,LedFaceBR1,0.001212
Robotics (Pepper),LSTM Autoencoder,JointControl,231,LedFaceGR6,0.001204
Robotics (Pepper),LSTM Autoencoder,JointControl,232,LedFaceRR5,0.001186
Robotics (Pepper),LSTM Autoencoder,JointControl,233,LedFaceBL3,0.001185
Robotics (Pepper),LSTM Autoencoder,JointControl,234,LedFaceRR6,0.001181
Robotics (Pepper),LSTM Autoencoder,JointControl,235,LedFaceRR4,0.001174
Robotics (Pepper),LSTM Autoencoder,JointControl,236,LedFaceBR2,0.001151
Robotics (Pepper),LSTM Autoencoder,JointControl,237,LedFaceGL3,0.001142
Robotics (Pepper),LSTM Autoencoder,JointControl,238,LedFaceGR7,0.001138
Robotics (Pepper),LSTM Autoencoder,JointControl,239,LedFaceRL4,0.001133
Robotics (Pepper),LSTM Autoencoder,JointControl,240,LedFaceBL2,0.001078
Robotics (Pepper),LSTM Autoencoder,JointControl,241,LedFaceRL5,0.001036
Robotics (Pepper),LSTM Autoencoder,JointControl,242,LedFaceBR5,0.000946
Robotics (Pepper),LSTM Autoencoder,JointControl,243,LedFaceBL4,0.000911
Robotics (Pepper),LSTM Autoencoder,JointControl,244,LedFaceBR7,0.000704
Robotics (Pepper),LSTM Autoencoder,LedsControl,1,LedFaceBR5,0.209606
Robotics (Pepper),LSTM Autoencoder,LedsControl,2,LedFaceBL4,0.194698
Robotics (Pepper),LSTM Autoencoder,LedsControl,3,LedFaceBR6,0.162657
Robotics (Pepper),LSTM Autoencoder,LedsControl,4,LedFaceBL1,0.161417
Robotics (Pepper),LSTM Autoencoder,LedsControl,5,LedEarR3,0.155456
Robotics (Pepper),LSTM Autoencoder,LedsControl,6,LedFaceBR8,0.144022
Robotics (Pepper),LSTM Autoencoder,LedsControl,7,LedEarL3,0.143877
Robotics (Pepper),LSTM Autoencoder,LedsControl,8,LedFaceBR4,0.140909
Robotics (Pepper),LSTM Autoencoder,LedsControl,9,LedFaceBR7,0.136924
Robotics (Pepper),LSTM Autoencoder,LedsControl,10,LedFaceBL2,0.135958
Robotics (Pepper),LSTM Autoencoder,LedsControl,11,RShoulderPitch,0.123757
Robotics (Pepper),LSTM Autoencoder,LedsControl,12,LedFaceBL3,0.120951
Robotics (Pepper),LSTM Autoencoder,LedsControl,13,LedEarL8,0.105266
Robotics (Pepper),LSTM Autoencoder,LedsControl,14,KneePicth,0.104868
Robotics (Pepper),LSTM Autoencoder,LedsControl,15,LedFaceBL6,0.103688
Robotics (Pepper),LSTM Autoencoder,LedsControl,16,LedFaceBR1,0.099225
Robotics (Pepper),LSTM Autoencoder,LedsControl,17,LedFaceGL1,0.098439
Robotics (Pepper),LSTM Autoencoder,LedsControl,18,LedFaceBL5,0.097228
Robotics (Pepper),LSTM Autoencoder,LedsControl,19,HipPicth,0.095280
Robotics (Pepper),LSTM Autoencoder,LedsControl,20,LedFaceGR5,0.094499
Robotics (Pepper),LSTM Autoencoder,LedsControl,21,LedEarR8,0.094051
Robotics (Pepper),LSTM Autoencoder,LedsControl,22,LedFaceGL4,0.091716
Robotics (Pepper),LSTM Autoencoder,LedsControl,23,LedFaceGR1,0.090008
Robotics (Pepper),LSTM Autoencoder,LedsControl,24,LedFaceRR6,0.089771
Robotics (Pepper),LSTM Autoencoder,LedsControl,25,LedEarL7,0.089490
Robotics (Pepper),LSTM Autoencoder,LedsControl,26,LedEarL4,0.089262
Robotics (Pepper),LSTM Autoencoder,LedsControl,27,LedFaceBR3,0.089250
Robotics (Pepper),LSTM Autoencoder,LedsControl,28,LedFaceBL7,0.087949
Robotics (Pepper),LSTM Autoencoder,LedsControl,29,LedFaceRL6,0.087686
Robotics (Pepper),LSTM Autoencoder,LedsControl,30,LedEarL2,0.086591
Robotics (Pepper),LSTM Autoencoder,LedsControl,31,LedFaceBR2,0.085285
Robotics (Pepper),LSTM Autoencoder,LedsControl,32,LedEarL9,0.083137
Robotics (Pepper),LSTM Autoencoder,LedsControl,33,LedEarR4,0.081678
Robotics (Pepper),LSTM Autoencoder,LedsControl,34,LedEarR1,0.081635
Robotics (Pepper),LSTM Autoencoder,LedsControl,35,LedFaceGR7,0.081613
Robotics (Pepper),LSTM Autoencoder,LedsControl,36,LedEarR7,0.081517
Robotics (Pepper),LSTM Autoencoder,LedsControl,37,LedEarR2,0.081381
Robotics (Pepper),LSTM Autoencoder,LedsControl,38,LedEarR9,0.080254
Robotics (Pepper),LSTM Autoencoder,LedsControl,39,LedFaceGR2,0.078242
Robotics (Pepper),LSTM Autoencoder,LedsControl,40,LedEarL5,0.077234
Robotics (Pepper),LSTM Autoencoder,LedsControl,41,LedEarR10,0.077122
Robotics (Pepper),LSTM Autoencoder,LedsControl,42,LedFaceGR4,0.076079
Robotics (Pepper),LSTM Autoencoder,LedsControl,43,LedFaceGR8,0.075905
Robotics (Pepper),LSTM Autoencoder,LedsControl,44,LedFaceGL3,0.075076
Robotics (Pepper),LSTM Autoencoder,LedsControl,45,LedFaceRL1,0.074911
Robotics (Pepper),LSTM Autoencoder,LedsControl,46,RElbowYaw,0.073501
Robotics (Pepper),LSTM Autoencoder,LedsControl,47,LedEarL6,0.073200
Robotics (Pepper),LSTM Autoencoder,LedsControl,48,LedEarL10,0.072452
Robotics (Pepper),LSTM Autoencoder,LedsControl,49,LedEarR6,0.071821
Robotics (Pepper),LSTM Autoencoder,LedsControl,50,LedFaceGR3,0.070972
Robotics (Pepper),LSTM Autoencoder,LedsControl,51,LedEarR5,0.070807
Robotics (Pepper),LSTM Autoencoder,LedsControl,52,LedFaceGR6,0.069950
Robotics (Pepper),LSTM Autoencoder,LedsControl,53,LedFaceRL5,0.069839
Robotics (Pepper),LSTM Autoencoder,LedsControl,54,LedFaceBL8,0.069681
Robotics (Pepper),LSTM Autoencoder,LedsControl,55,LedEarL1,0.068732
Robotics (Pepper),LSTM Autoencoder,LedsControl,56,LedFaceGL8,0.067435
Robotics (Pepper),LSTM Autoencoder,LedsControl,57,LedFaceGL5,0.066542
Robotics (Pepper),LSTM Autoencoder,LedsControl,58,LedFaceRL2,0.066247
Robotics (Pepper),LSTM Autoencoder,LedsControl,59,LedFaceRR5,0.064420
Robotics (Pepper),LSTM Autoencoder,LedsControl,60,LedFaceGL2,0.064417
Robotics (Pepper),LSTM Autoencoder,LedsControl,61,LedFaceRR7,0.064224
Robotics (Pepper),LSTM Autoencoder,LedsControl,62,LedFaceRR2,0.061701
Robotics (Pepper),LSTM Autoencoder,LedsControl,63,LedFaceRR1,0.061475
Robotics (Pepper),LSTM Autoencoder,LedsControl,64,LedFaceRL3,0.061466
Robotics (Pepper),LSTM Autoencoder,LedsControl,65,LedShoulderB,0.058595
Robotics (Pepper),LSTM Autoencoder,LedsControl,66,LedFaceRR4,0.057118
Robotics (Pepper),LSTM Autoencoder,LedsControl,67,LedFaceGL7,0.056788
Robotics (Pepper),LSTM Autoencoder,LedsControl,68,LedFaceGL6,0.055603
Robotics (Pepper),LSTM Autoencoder,LedsControl,69,LShoulderPitch,0.054624
Robotics (Pepper),LSTM Autoencoder,LedsControl,70,TabletTouchY,0.053152
Robotics (Pepper),LSTM Autoencoder,LedsControl,71,LedFaceRL4,0.052234
Robotics (Pepper),LSTM Autoencoder,LedsControl,72,TabletTouchX,0.051867
Robotics (Pepper),LSTM Autoencoder,LedsControl,73,LedFaceRL8,0.051391
Robotics (Pepper),LSTM Autoencoder,LedsControl,74,LedFaceRR8,0.049732
Robotics (Pepper),LSTM Autoencoder,LedsControl,75,LedFaceRL7,0.049645
Robotics (Pepper),LSTM Autoencoder,LedsControl,76,RWristYaw,0.042081
Robotics (Pepper),LSTM Autoencoder,LedsControl,77,RShoulderRollStiff,0.039231
Robotics (Pepper),LSTM Autoencoder,LedsControl,78,LedFaceRR3,0.037375
Robotics (Pepper),LSTM Autoencoder,LedsControl,79,HipRoll,0.034453
Robotics (Pepper),LSTM Autoencoder,LedsControl,80,RShoulderPitchStiff,0.032499
Robotics (Pepper),LSTM Autoencoder,LedsControl,81,LElbowYaw,0.032104
Robotics (Pepper),LSTM Autoencoder,LedsControl,82,RElbowRoll,0.030261
Robotics (Pepper),LSTM Autoencoder,LedsControl,83,LaserR13Y,0.027170
Robotics (Pepper),LSTM Autoencoder,LedsControl,84,RElbowYawStiff,0.026355
Robotics (Pepper),LSTM Autoencoder,LedsControl,85,LHandStiff,0.025462
Robotics (Pepper),LSTM Autoencoder,LedsControl,86,LaserF10Y,0.025451
Robotics (Pepper),LSTM Autoencoder,LedsControl,87,LShoulderRollStiff,0.025013
Robotics (Pepper),LSTM Autoencoder,LedsControl,88,RShoulderRoll,0.024964
Robotics (Pepper),LSTM Autoencoder,LedsControl,89,LaserR13X,0.024448
Robotics (Pepper),LSTM Autoencoder,LedsControl,90,WheelBSpeed,0.023718
Robotics (Pepper),LSTM Autoencoder,LedsControl,91,HeadPicth,0.023569
Robotics (Pepper),LSTM Autoencoder,LedsControl,92,LaserF05X,0.022721
Robotics (Pepper),LSTM Autoencoder,LedsControl,93,RWristYawStiff,0.022429
Robotics (Pepper),LSTM Autoencoder,LedsControl,94,RElbowRollStiff,0.020982
Robotics (Pepper),LSTM Autoencoder,LedsControl,95,LaserF05Y,0.020969
Robotics (Pepper),LSTM Autoencoder,LedsControl,96,WheelFLSpeed,0.020865
Robotics (Pepper),LSTM Autoencoder,LedsControl,97,LWristYawStiff,0.020777
Robotics (Pepper),LSTM Autoencoder,LedsControl,98,LaserVeR01X,0.020343
Robotics (Pepper),LSTM Autoencoder,LedsControl,99,WheelFRSpeed,0.020042
Robotics (Pepper),LSTM Autoencoder,LedsControl,100,GyroscopeZ,0.019660
Robotics (Pepper),LSTM Autoencoder,LedsControl,101,KneePicthStiff,0.019588
Robotics (Pepper),LSTM Autoencoder,LedsControl,102,HipRollStiff,0.019312
Robotics (Pepper),LSTM Autoencoder,LedsControl,103,LElbowYawStiff,0.018313
Robotics (Pepper),LSTM Autoencoder,LedsControl,104,InfraRedR,0.018029
Robotics (Pepper),LSTM Autoencoder,LedsControl,105,LElbowRoll,0.017637
Robotics (Pepper),LSTM Autoencoder,LedsControl,106,LaserF10X,0.017385
Robotics (Pepper),LSTM Autoencoder,LedsControl,107,AccelerometerX,0.017281
Robotics (Pepper),LSTM Autoencoder,LedsControl,108,RhandStiff,0.017264
Robotics (Pepper),LSTM Autoencoder,LedsControl,109,LElbowRollStiff,0.016479
Robotics (Pepper),LSTM Autoencoder,LedsControl,110,WheelFLStiff,0.016303
Robotics (Pepper),LSTM Autoencoder,LedsControl,111,HeadPicthStiff,0.016217
Robotics (Pepper),LSTM Autoencoder,LedsControl,112,LaserF11X,0.016171
Robotics (Pepper),LSTM Autoencoder,LedsControl,113,LElbowYawTemp,0.016149
Robotics (Pepper),LSTM Autoencoder,LedsControl,114,LaserR01Y,0.016140
Robotics (Pepper),LSTM Autoencoder,LedsControl,115,LShoulderPitchStiff,0.016084
Robotics (Pepper),LSTM Autoencoder,LedsControl,116,LaserR03Y,0.015810
Robotics (Pepper),LSTM Autoencoder,LedsControl,117,LaserF06X,0.015726
Robotics (Pepper),LSTM Autoencoder,LedsControl,118,LaserL14X,0.015627
Robotics (Pepper),LSTM Autoencoder,LedsControl,119,HipPicthStiff,0.015598
Robotics (Pepper),LSTM Autoencoder,LedsControl,120,Rhand,0.015513
Robotics (Pepper),LSTM Autoencoder,LedsControl,121,LaserF03X,0.015319
Robotics (Pepper),LSTM Autoencoder,LedsControl,122,LaserF12Y,0.015265
Robotics (Pepper),LSTM Autoencoder,LedsControl,123,LaserVeR01Y,0.015122
Robotics (Pepper),LSTM Autoencoder,LedsControl,124,GyroscopeX,0.014960
Robotics (Pepper),LSTM Autoencoder,LedsControl,125,SonarB,0.014924
Robotics (Pepper),LSTM Autoencoder,LedsControl,126,GyroscopeY,0.014850
Robotics (Pepper),LSTM Autoencoder,LedsControl,127,LaserF11Y,0.014786
Robotics (Pepper),LSTM Autoencoder,LedsControl,128,LaserShovel01X,0.014609
Robotics (Pepper),LSTM Autoencoder,LedsControl,129,LaserF06Y.1,0.014391
Robotics (Pepper),LSTM Autoencoder,LedsControl,130,LaserL14Y,0.014336
Robotics (Pepper),LSTM Autoencoder,LedsControl,131,AnglesX,0.014292
Robotics (Pepper),LSTM Autoencoder,LedsControl,132,LaserF04Y,0.014071
Robotics (Pepper),LSTM Autoencoder,LedsControl,133,SonarF,0.014063
Robotics (Pepper),LSTM Autoencoder,LedsControl,134,LaserR01X,0.013959
Robotics (Pepper),LSTM Autoencoder,LedsControl,135,LaserR04X,0.013896
Robotics (Pepper),LSTM Autoencoder,LedsControl,136,LaserF01Y,0.013783
Robotics (Pepper),LSTM Autoencoder,LedsControl,137,InfraRedL,0.013728
Robotics (Pepper),LSTM Autoencoder,LedsControl,138,WheelFLTemp,0.013626
Robotics (Pepper),LSTM Autoencoder,LedsControl,139,LaserR02Y,0.013541
Robotics (Pepper),LSTM Autoencoder,LedsControl,140,LaserShovel02Y,0.013512
Robotics (Pepper),LSTM Autoencoder,LedsControl,141,LaserR03X,0.013508
Robotics (Pepper),LSTM Autoencoder,LedsControl,142,LaserF04X,0.013503
Robotics (Pepper),LSTM Autoencoder,LedsControl,143,LaserShovel02X,0.013448
Robotics (Pepper),LSTM Autoencoder,LedsControl,144,LaserF01X,0.013444
Robotics (Pepper),LSTM Autoencoder,LedsControl,145,LaserF13Y,0.013441
Robotics (Pepper),LSTM Autoencoder,LedsControl,146,LaserL15Y,0.013381
Robotics (Pepper),LSTM Autoencoder,LedsControl,147,LaserF06Y,0.013301
Robotics (Pepper),LSTM Autoencoder,LedsControl,148,HeadYawStiff,0.013017
Robotics (Pepper),LSTM Autoencoder,LedsControl,149,LaserF04Y.1,0.012935
Robotics (Pepper),LSTM Autoencoder,LedsControl,150,LaserF12X,0.012891
Robotics (Pepper),LSTM Autoencoder,LedsControl,151,LaserR04Y,0.012858
Robotics (Pepper),LSTM Autoencoder,LedsControl,152,LaserR06Y,0.012839
Robotics (Pepper),LSTM Autoencoder,LedsControl,153,LaserF07X.1,0.012814
Robotics (Pepper),LSTM Autoencoder,LedsControl,154,HeadYaw,0.012764
Robotics (Pepper),LSTM Autoencoder,LedsControl,155,WheelFRTemp,0.012764
Robotics (Pepper),LSTM Autoencoder,LedsControl,156,LShoulderRoll,0.012599
Robotics (Pepper),LSTM Autoencoder,LedsControl,157,AccelerometerZ,0.012577
Robotics (Pepper),LSTM Autoencoder,LedsControl,158,LaserR09Y,0.012576
Robotics (Pepper),LSTM Autoencoder,LedsControl,159,LaserR09X,0.012519
Robotics (Pepper),LSTM Autoencoder,LedsControl,160,LaserF02Y,0.012430
Robotics (Pepper),LSTM Autoencoder,LedsControl,161,LaserF08X,0.012246
Robotics (Pepper),LSTM Autoencoder,LedsControl,162,LaserF09X,0.012195
Robotics (Pepper),LSTM Autoencoder,LedsControl,163,LaserF08X.1,0.012035
Robotics (Pepper),LSTM Autoencoder,LedsControl,164,LaserF04X.1,0.012027
Robotics (Pepper),LSTM Autoencoder,LedsControl,165,LaserR14Y,0.011982
Robotics (Pepper),LSTM Autoencoder,LedsControl,166,LaserF06X.1,0.011933
Robotics (Pepper),LSTM Autoencoder,LedsControl,167,LaserR02X,0.011896
Robotics (Pepper),LSTM Autoencoder,LedsControl,168,LaserR05Y,0.011895
Robotics (Pepper),LSTM Autoencoder,LedsControl,169,LHand,0.011865
Robotics (Pepper),LSTM Autoencoder,LedsControl,170,LaserR12Y,0.011824
Robotics (Pepper),LSTM Autoencoder,LedsControl,171,WheelBTemp,0.011816
Robotics (Pepper),LSTM Autoencoder,LedsControl,172,LaserR08X,0.011621
Robotics (Pepper),LSTM Autoencoder,LedsControl,173,LaserShovel03Y,0.011527
Robotics (Pepper),LSTM Autoencoder,LedsControl,174,LaserF08Y.1,0.011500
Robotics (Pepper),LSTM Autoencoder,LedsControl,175,LaserR14X,0.011430
Robotics (Pepper),LSTM Autoencoder,LedsControl,176,LaserL15X,0.011356
Robotics (Pepper),LSTM Autoencoder,LedsControl,177,LaserF13X,0.011352
Robotics (Pepper),LSTM Autoencoder,LedsControl,178,LElbowRollTemp,0.011344
Robotics (Pepper),LSTM Autoencoder,LedsControl,179,LaserF02X,0.011254
Robotics (Pepper),LSTM Autoencoder,LedsControl,180,LaserF05Y.1,0.011018
Robotics (Pepper),LSTM Autoencoder,LedsControl,181,LaserF08Y,0.010983
Robotics (Pepper),LSTM Autoencoder,LedsControl,182,LaserF03Y,0.010978
Robotics (Pepper),LSTM Autoencoder,LedsControl,183,LShoulderPitchTemp,0.010951
Robotics (Pepper),LSTM Autoencoder,LedsControl,184,LaserR15X,0.010926
Robotics (Pepper),LSTM Autoencoder,LedsControl,185,LaserR07Y,0.010920
Robotics (Pepper),LSTM Autoencoder,LedsControl,186,LaserR10Y,0.010828
Robotics (Pepper),LSTM Autoencoder,LedsControl,187,LaserL13X,0.010824
Robotics (Pepper),LSTM Autoencoder,LedsControl,188,LaserShovel01Y,0.010824
Robotics (Pepper),LSTM Autoencoder,LedsControl,189,LaserL11X,0.010813
Robotics (Pepper),LSTM Autoencoder,LedsControl,190,AnglesY,0.010773
Robotics (Pepper),LSTM Autoencoder,LedsControl,191,LaserF03Y.1,0.010728
Robotics (Pepper),LSTM Autoencoder,LedsControl,192,LaserR12X,0.010538
Robotics (Pepper),LSTM Autoencoder,LedsControl,193,LaserF05X.1,0.010511
Robotics (Pepper),LSTM Autoencoder,LedsControl,194,LaserR05X,0.010399
Robotics (Pepper),LSTM Autoencoder,LedsControl,195,WheelBStiff,0.010370
Robotics (Pepper),LSTM Autoencoder,LedsControl,196,RElbowYawTemp,0.010363
Robotics (Pepper),LSTM Autoencoder,LedsControl,197,LShoulderRollTemp,0.010271
Robotics (Pepper),LSTM Autoencoder,LedsControl,198,LaserF09Y,0.010186
Robotics (Pepper),LSTM Autoencoder,LedsControl,199,LaserR15Y,0.010183
Robotics (Pepper),LSTM Autoencoder,LedsControl,200,LaserVeL01X,0.010058
Robotics (Pepper),LSTM Autoencoder,LedsControl,201,LWristYawTemp,0.010027
Robotics (Pepper),LSTM Autoencoder,LedsControl,202,LaserL11Y,0.009940
Robotics (Pepper),LSTM Autoencoder,LedsControl,203,LaserShovel03X,0.009881
Robotics (Pepper),LSTM Autoencoder,LedsControl,204,LaserF09X.1,0.009834
Robotics (Pepper),LSTM Autoencoder,LedsControl,205,LaserF07Y.1,0.009762
Robotics (Pepper),LSTM Autoencoder,LedsControl,206,LaserR10X,0.009692
Robotics (Pepper),LSTM Autoencoder,LedsControl,207,AccelerometerY,0.009683
Robotics (Pepper),LSTM Autoencoder,LedsControl,208,LaserR07X,0.009614
Robotics (Pepper),LSTM Autoencoder,LedsControl,209,RWristYawTemp,0.009610
Robotics (Pepper),LSTM Autoencoder,LedsControl,210,RShoulderPitchTemp,0.009467
Robotics (Pepper),LSTM Autoencoder,LedsControl,211,HeadYawTemp,0.009344
Robotics (Pepper),LSTM Autoencoder,LedsControl,212,LaserF14X,0.009328
Robotics (Pepper),LSTM Autoencoder,LedsControl,213,LaserR06X,0.009321
Robotics (Pepper),LSTM Autoencoder,LedsControl,214,LaserF09Y.1,0.009315
Robotics (Pepper),LSTM Autoencoder,LedsControl,215,LaserF01Y.1,0.009234
Robotics (Pepper),LSTM Autoencoder,LedsControl,216,LaserL12Y,0.009190
Robotics (Pepper),LSTM Autoencoder,LedsControl,217,WheelFRStiff,0.009167
Robotics (Pepper),LSTM Autoencoder,LedsControl,218,LaserF15X,0.009038
Robotics (Pepper),LSTM Autoencoder,LedsControl,219,LaserF07Y,0.009031
Robotics (Pepper),LSTM Autoencoder,LedsControl,220,LaserF01X.1,0.009028
Robotics (Pepper),LSTM Autoencoder,LedsControl,221,LaserF03X.1,0.009026
Robotics (Pepper),LSTM Autoencoder,LedsControl,222,LaserR08Y,0.008936
Robotics (Pepper),LSTM Autoencoder,LedsControl,223,LaserL13Y,0.008707
Robotics (Pepper),LSTM Autoencoder,LedsControl,224,LaserF07X,0.008688
Robotics (Pepper),LSTM Autoencoder,LedsControl,225,LHandTemp,0.008469
Robotics (Pepper),LSTM Autoencoder,LedsControl,226,HipRollTemp,0.008450
Robotics (Pepper),LSTM Autoencoder,LedsControl,227,HeadPicthTemp,0.008401
Robotics (Pepper),LSTM Autoencoder,LedsControl,228,RhandTemp,0.008268
Robotics (Pepper),LSTM Autoencoder,LedsControl,229,LaserR11X,0.008221
Robotics (Pepper),LSTM Autoencoder,LedsControl,230,LaserF02X.1,0.007942
Robotics (Pepper),LSTM Autoencoder,LedsControl,231,LaserL12X,0.007894
Robotics (Pepper),LSTM Autoencoder,LedsControl,232,AnglesZ,0.007850
Robotics (Pepper),LSTM Autoencoder,LedsControl,233,LaserVeL01Y,0.007832
Robotics (Pepper),LSTM Autoencoder,LedsControl,234,HipPicthTemp,0.007812
Robotics (Pepper),LSTM Autoencoder,LedsControl,235,LaserL10Y,0.007773
Robotics (Pepper),LSTM Autoencoder,LedsControl,236,LaserF02Y.1,0.007734
Robotics (Pepper),LSTM Autoencoder,LedsControl,237,LaserR11Y,0.007565
Robotics (Pepper),LSTM Autoencoder,LedsControl,238,LaserL10X,0.007451
Robotics (Pepper),LSTM Autoencoder,LedsControl,239,LaserF15Y,0.007152
Robotics (Pepper),LSTM Autoencoder,LedsControl,240,KneePicthTemp,0.006792
Robotics (Pepper),LSTM Autoencoder,LedsControl,241,RShoulderRollTemp,0.006536
Robotics (Pepper),LSTM Autoencoder,LedsControl,242,LWristYaw,0.006475
Robotics (Pepper),LSTM Autoencoder,LedsControl,243,LaserF14Y,0.006413
Robotics (Pepper),LSTM Autoencoder,LedsControl,244,RElbowRollTemp,0.005951
Robotics (Pepper),TCN Autoencoder,WheelsControl,1,WheelBSpeed,0.821174
Robotics (Pepper),TCN Autoencoder,WheelsControl,2,GyroscopeZ,0.807779
Robotics (Pepper),TCN Autoencoder,WheelsControl,3,WheelFRSpeed,0.717890
Robotics (Pepper),TCN Autoencoder,WheelsControl,4,WheelFLSpeed,0.708286
Robotics (Pepper),TCN Autoencoder,WheelsControl,5,WheelFLStiff,0.221708
Robotics (Pepper),TCN Autoencoder,WheelsControl,6,AccelerometerY,0.064058
Robotics (Pepper),TCN Autoencoder,WheelsControl,7,AccelerometerX,0.051531
Robotics (Pepper),TCN Autoencoder,WheelsControl,8,LedEarR3,0.049554
Robotics (Pepper),TCN Autoencoder,WheelsControl,9,RElbowYawStiff,0.047728
Robotics (Pepper),TCN Autoencoder,WheelsControl,10,LElbowYawStiff,0.045939
Robotics (Pepper),TCN Autoencoder,WheelsControl,11,LWristYawStiff,0.045846
Robotics (Pepper),TCN Autoencoder,WheelsControl,12,LShoulderPitchStiff,0.045202
Robotics (Pepper),TCN Autoencoder,WheelsControl,13,LaserR14X,0.043106
Robotics (Pepper),TCN Autoencoder,WheelsControl,14,RShoulderPitch,0.042910
Robotics (Pepper),TCN Autoencoder,WheelsControl,15,LedEarL3,0.042348
Robotics (Pepper),TCN Autoencoder,WheelsControl,16,RShoulderPitchStiff,0.042194
Robotics (Pepper),TCN Autoencoder,WheelsControl,17,LaserVeR01Y,0.041648
Robotics (Pepper),TCN Autoencoder,WheelsControl,18,RShoulderRollStiff,0.041246
Robotics (Pepper),TCN Autoencoder,WheelsControl,19,RElbowRollStiff,0.041118
Robotics (Pepper),TCN Autoencoder,WheelsControl,20,LaserR14Y,0.039596
Robotics (Pepper),TCN Autoencoder,WheelsControl,21,LaserVeL01Y,0.038538
Robotics (Pepper),TCN Autoencoder,WheelsControl,22,LElbowRollStiff,0.037854
Robotics (Pepper),TCN Autoencoder,WheelsControl,23,LShoulderRollStiff,0.037352
Robotics (Pepper),TCN Autoencoder,WheelsControl,24,RWristYaw,0.037064
Robotics (Pepper),TCN Autoencoder,WheelsControl,25,GyroscopeX,0.035366
Robotics (Pepper),TCN Autoencoder,WheelsControl,26,GyroscopeY,0.034293
Robotics (Pepper),TCN Autoencoder,WheelsControl,27,SonarB,0.032520
Robotics (Pepper),TCN Autoencoder,WheelsControl,28,InfraRedL,0.029547
Robotics (Pepper),TCN Autoencoder,WheelsControl,29,RWristYawStiff,0.027483
Robotics (Pepper),TCN Autoencoder,WheelsControl,30,LaserF06X,0.027339
Robotics (Pepper),TCN Autoencoder,WheelsControl,31,LaserF08X.1,0.026554
Robotics (Pepper),TCN Autoencoder,WheelsControl,32,LShoulderPitch,0.025208
Robotics (Pepper),TCN Autoencoder,WheelsControl,33,AccelerometerZ,0.024847
Robotics (Pepper),TCN Autoencoder,WheelsControl,34,HeadYawStiff,0.023817
Robotics (Pepper),TCN Autoencoder,WheelsControl,35,LaserVeR01X,0.023438
Robotics (Pepper),TCN Autoencoder,WheelsControl,36,HeadYaw,0.022048
Robotics (Pepper),TCN Autoencoder,WheelsControl,37,LaserF01Y.1,0.021981
Robotics (Pepper),TCN Autoencoder,WheelsControl,38,LaserF01X.1,0.021937
Robotics (Pepper),TCN Autoencoder,WheelsControl,39,LaserF06Y,0.021680
Robotics (Pepper),TCN Autoencoder,WheelsControl,40,RShoulderRoll,0.021157
Robotics (Pepper),TCN Autoencoder,WheelsControl,41,LaserL14Y,0.021091
Robotics (Pepper),TCN Autoencoder,WheelsControl,42,LaserL14X,0.020808
Robotics (Pepper),TCN Autoencoder,WheelsControl,43,AnglesY,0.020722
Robotics (Pepper),TCN Autoencoder,WheelsControl,44,RElbowYaw,0.020629
Robotics (Pepper),TCN Autoencoder,WheelsControl,45,LaserF05X,0.020466
Robotics (Pepper),TCN Autoencoder,WheelsControl,46,LaserF08Y.1,0.020166
Robotics (Pepper),TCN Autoencoder,WheelsControl,47,LaserF03Y,0.020104
Robotics (Pepper),TCN Autoencoder,WheelsControl,48,HipRollStiff,0.019121
Robotics (Pepper),TCN Autoencoder,WheelsControl,49,LaserF03X,0.017818
Robotics (Pepper),TCN Autoencoder,WheelsControl,50,LedEarL8,0.017808
Robotics (Pepper),TCN Autoencoder,WheelsControl,51,LaserVeL01X,0.017744
Robotics (Pepper),TCN Autoencoder,WheelsControl,52,LedEarR8,0.017622
Robotics (Pepper),TCN Autoencoder,WheelsControl,53,LaserF05Y,0.017586
Robotics (Pepper),TCN Autoencoder,WheelsControl,54,LedEarR10,0.017554
Robotics (Pepper),TCN Autoencoder,WheelsControl,55,HeadPicthStiff,0.017542
Robotics (Pepper),TCN Autoencoder,WheelsControl,56,LedEarR1,0.017528
Robotics (Pepper),TCN Autoencoder,WheelsControl,57,AnglesZ,0.017290
Robotics (Pepper),TCN Autoencoder,WheelsControl,58,LedEarR2,0.016958
Robotics (Pepper),TCN Autoencoder,WheelsControl,59,LedEarR6,0.016820
Robotics (Pepper),TCN Autoencoder,WheelsControl,60,LedEarL1,0.016682
Robotics (Pepper),TCN Autoencoder,WheelsControl,61,HeadPicth,0.016665
Robotics (Pepper),TCN Autoencoder,WheelsControl,62,LedEarR9,0.016613
Robotics (Pepper),TCN Autoencoder,WheelsControl,63,LaserR13X,0.016496
Robotics (Pepper),TCN Autoencoder,WheelsControl,64,LedEarL9,0.016493
Robotics (Pepper),TCN Autoencoder,WheelsControl,65,LedEarR5,0.016397
Robotics (Pepper),TCN Autoencoder,WheelsControl,66,LaserR13Y,0.016380
Robotics (Pepper),TCN Autoencoder,WheelsControl,67,LedEarL10,0.016102
Robotics (Pepper),TCN Autoencoder,WheelsControl,68,LaserR03X,0.015577
Robotics (Pepper),TCN Autoencoder,WheelsControl,69,LaserF13Y,0.015213
Robotics (Pepper),TCN Autoencoder,WheelsControl,70,HipRoll,0.014549
Robotics (Pepper),TCN Autoencoder,WheelsControl,71,HipPicthStiff,0.014396
Robotics (Pepper),TCN Autoencoder,WheelsControl,72,LedEarL7,0.014284
Robotics (Pepper),TCN Autoencoder,WheelsControl,73,LedEarL2,0.013634
Robotics (Pepper),TCN Autoencoder,WheelsControl,74,LedEarL4,0.013459
Robotics (Pepper),TCN Autoencoder,WheelsControl,75,LaserF15Y,0.013405
Robotics (Pepper),TCN Autoencoder,WheelsControl,76,LaserF02Y,0.013341
Robotics (Pepper),TCN Autoencoder,WheelsControl,77,AnglesX,0.013300
Robotics (Pepper),TCN Autoencoder,WheelsControl,78,LedEarR4,0.013135
Robotics (Pepper),TCN Autoencoder,WheelsControl,79,LaserF07Y,0.013092
Robotics (Pepper),TCN Autoencoder,WheelsControl,80,KneePicthStiff,0.012870
Robotics (Pepper),TCN Autoencoder,WheelsControl,81,LedEarL5,0.012862
Robotics (Pepper),TCN Autoencoder,WheelsControl,82,LaserF13X,0.012828
Robotics (Pepper),TCN Autoencoder,WheelsControl,83,LaserF10X,0.012453
Robotics (Pepper),TCN Autoencoder,WheelsControl,84,LedEarL6,0.012180
Robotics (Pepper),TCN Autoencoder,WheelsControl,85,LaserR01Y,0.012056
Robotics (Pepper),TCN Autoencoder,WheelsControl,86,LaserF02Y.1,0.011930
Robotics (Pepper),TCN Autoencoder,WheelsControl,87,LaserF10Y,0.011597
Robotics (Pepper),TCN Autoencoder,WheelsControl,88,LaserF15X,0.011563
Robotics (Pepper),TCN Autoencoder,WheelsControl,89,LaserR03Y,0.011487
Robotics (Pepper),TCN Autoencoder,WheelsControl,90,LaserF02X.1,0.011422
Robotics (Pepper),TCN Autoencoder,WheelsControl,91,LaserF05Y.1,0.011242
Robotics (Pepper),TCN Autoencoder,WheelsControl,92,LaserF07X,0.011188
Robotics (Pepper),TCN Autoencoder,WheelsControl,93,LedEarR7,0.011183
Robotics (Pepper),TCN Autoencoder,WheelsControl,94,LaserF09Y.1,0.011144
Robotics (Pepper),TCN Autoencoder,WheelsControl,95,LShoulderRoll,0.011127
Robotics (Pepper),TCN Autoencoder,WheelsControl,96,LaserF06Y.1,0.010957
Robotics (Pepper),TCN Autoencoder,WheelsControl,97,RElbowRoll,0.010839
Robotics (Pepper),TCN Autoencoder,WheelsControl,98,LaserF12X,0.010821
Robotics (Pepper),TCN Autoencoder,WheelsControl,99,LaserF01Y,0.010802
Robotics (Pepper),TCN Autoencoder,WheelsControl,100,LaserF09X.1,0.010756
Robotics (Pepper),TCN Autoencoder,WheelsControl,101,LElbowYawTemp,0.010673
Robotics (Pepper),TCN Autoencoder,WheelsControl,102,LaserF02X,0.010662
Robotics (Pepper),TCN Autoencoder,WheelsControl,103,LaserF04Y,0.010642
Robotics (Pepper),TCN Autoencoder,WheelsControl,104,LaserF06X.1,0.010639
Robotics (Pepper),TCN Autoencoder,WheelsControl,105,LaserF12Y,0.010556
Robotics (Pepper),TCN Autoencoder,WheelsControl,106,LaserF11Y,0.010495
Robotics (Pepper),TCN Autoencoder,WheelsControl,107,Rhand,0.010460
Robotics (Pepper),TCN Autoencoder,WheelsControl,108,LaserL12X,0.010412
Robotics (Pepper),TCN Autoencoder,WheelsControl,109,LaserF09Y,0.010111
Robotics (Pepper),TCN Autoencoder,WheelsControl,110,LWristYaw,0.010079
Robotics (Pepper),TCN Autoencoder,WheelsControl,111,LaserR02X,0.009882
Robotics (Pepper),TCN Autoencoder,WheelsControl,112,LaserF11X,0.009769
Robotics (Pepper),TCN Autoencoder,WheelsControl,113,LaserF07Y.1,0.009654
Robotics (Pepper),TCN Autoencoder,WheelsControl,114,LaserL13Y,0.009652
Robotics (Pepper),TCN Autoencoder,WheelsControl,115,LaserF01X,0.009641
Robotics (Pepper),TCN Autoencoder,WheelsControl,116,LaserL13X,0.009528
Robotics (Pepper),TCN Autoencoder,WheelsControl,117,LaserF07X.1,0.009243
Robotics (Pepper),TCN Autoencoder,WheelsControl,118,LaserL15Y,0.009209
Robotics (Pepper),TCN Autoencoder,WheelsControl,119,LaserL12Y,0.009146
Robotics (Pepper),TCN Autoencoder,WheelsControl,120,LaserL15X,0.009136
Robotics (Pepper),TCN Autoencoder,WheelsControl,121,LaserF03Y.1,0.009071
Robotics (Pepper),TCN Autoencoder,WheelsControl,122,LaserL10X,0.009068
Robotics (Pepper),TCN Autoencoder,WheelsControl,123,HeadPicthTemp,0.009024
Robotics (Pepper),TCN Autoencoder,WheelsControl,124,LaserF05X.1,0.008884
Robotics (Pepper),TCN Autoencoder,WheelsControl,125,LaserR01X,0.008840
Robotics (Pepper),TCN Autoencoder,WheelsControl,126,LaserF09X,0.008777
Robotics (Pepper),TCN Autoencoder,WheelsControl,127,LShoulderRollTemp,0.008718
Robotics (Pepper),TCN Autoencoder,WheelsControl,128,LaserR10X,0.008692
Robotics (Pepper),TCN Autoencoder,WheelsControl,129,LaserL10Y,0.008620
Robotics (Pepper),TCN Autoencoder,WheelsControl,130,LaserShovel02Y,0.008381
Robotics (Pepper),TCN Autoencoder,WheelsControl,131,LaserF08Y,0.008349
Robotics (Pepper),TCN Autoencoder,WheelsControl,132,LElbowYaw,0.008210
Robotics (Pepper),TCN Autoencoder,WheelsControl,133,InfraRedR,0.008087
Robotics (Pepper),TCN Autoencoder,WheelsControl,134,LaserF08X,0.008001
Robotics (Pepper),TCN Autoencoder,WheelsControl,135,LaserR04X,0.007977
Robotics (Pepper),TCN Autoencoder,WheelsControl,136,LaserF04X,0.007968
Robotics (Pepper),TCN Autoencoder,WheelsControl,137,LElbowRollTemp,0.007962
Robotics (Pepper),TCN Autoencoder,WheelsControl,138,LShoulderPitchTemp,0.007907
Robotics (Pepper),TCN Autoencoder,WheelsControl,139,LaserShovel01Y,0.007595
Robotics (Pepper),TCN Autoencoder,WheelsControl,140,LaserF04Y.1,0.007583
Robotics (Pepper),TCN Autoencoder,WheelsControl,141,LaserF03X.1,0.007425
Robotics (Pepper),TCN Autoencoder,WheelsControl,142,SonarF,0.007343
Robotics (Pepper),TCN Autoencoder,WheelsControl,143,LaserR12Y,0.007216
Robotics (Pepper),TCN Autoencoder,WheelsControl,144,LaserF14Y,0.007213
Robotics (Pepper),TCN Autoencoder,WheelsControl,145,LaserR15Y,0.007135
Robotics (Pepper),TCN Autoencoder,WheelsControl,146,LaserR10Y,0.007110
Robotics (Pepper),TCN Autoencoder,WheelsControl,147,LaserShovel01X,0.007021
Robotics (Pepper),TCN Autoencoder,WheelsControl,148,LaserR02Y,0.006777
Robotics (Pepper),TCN Autoencoder,WheelsControl,149,LaserR04Y,0.006739
Robotics (Pepper),TCN Autoencoder,WheelsControl,150,LaserF14X,0.006709
Robotics (Pepper),TCN Autoencoder,WheelsControl,151,WheelFLTemp,0.006666
Robotics (Pepper),TCN Autoencoder,WheelsControl,152,LaserR09Y,0.006659
Robotics (Pepper),TCN Autoencoder,WheelsControl,153,LaserL11Y,0.006647
Robotics (Pepper),TCN Autoencoder,WheelsControl,154,LaserR15X,0.006611
Robotics (Pepper),TCN Autoencoder,WheelsControl,155,LaserR11X,0.006579
Robotics (Pepper),TCN Autoencoder,WheelsControl,156,RElbowYawTemp,0.006302
Robotics (Pepper),TCN Autoencoder,WheelsControl,157,LaserR11Y,0.006269
Robotics (Pepper),TCN Autoencoder,WheelsControl,158,LaserShovel03X,0.006164
Robotics (Pepper),TCN Autoencoder,WheelsControl,159,LaserF04X.1,0.006142
Robotics (Pepper),TCN Autoencoder,WheelsControl,160,LaserShovel02X,0.006051
Robotics (Pepper),TCN Autoencoder,WheelsControl,161,LaserR12X,0.005845
Robotics (Pepper),TCN Autoencoder,WheelsControl,162,LaserL11X,0.005775
Robotics (Pepper),TCN Autoencoder,WheelsControl,163,WheelBTemp,0.005719
Robotics (Pepper),TCN Autoencoder,WheelsControl,164,LHand,0.005635
Robotics (Pepper),TCN Autoencoder,WheelsControl,165,LaserShovel03Y,0.005265
Robotics (Pepper),TCN Autoencoder,WheelsControl,166,HipPicthTemp,0.005176
Robotics (Pepper),TCN Autoencoder,WheelsControl,167,LaserR05Y,0.005168
Robotics (Pepper),TCN Autoencoder,WheelsControl,168,LaserR09X,0.004903
Robotics (Pepper),TCN Autoencoder,WheelsControl,169,HeadYawTemp,0.004891
Robotics (Pepper),TCN Autoencoder,WheelsControl,170,WheelFRTemp,0.004835
Robotics (Pepper),TCN Autoencoder,WheelsControl,171,LaserR06Y,0.004817
Robotics (Pepper),TCN Autoencoder,WheelsControl,172,LaserR08X,0.004724
Robotics (Pepper),TCN Autoencoder,WheelsControl,173,LaserR05X,0.004594
Robotics (Pepper),TCN Autoencoder,WheelsControl,174,LaserR07X,0.004534
Robotics (Pepper),TCN Autoencoder,WheelsControl,175,LaserR08Y,0.004245
Robotics (Pepper),TCN Autoencoder,WheelsControl,176,RShoulderRollTemp,0.004065
Robotics (Pepper),TCN Autoencoder,WheelsControl,177,LaserR07Y,0.004019
Robotics (Pepper),TCN Autoencoder,WheelsControl,178,LElbowRoll,0.004018
Robotics (Pepper),TCN Autoencoder,WheelsControl,179,LaserR06X,0.003981
Robotics (Pepper),TCN Autoencoder,WheelsControl,180,RWristYawTemp,0.003708
Robotics (Pepper),TCN Autoencoder,WheelsControl,181,TabletTouchY,0.003540
Robotics (Pepper),TCN Autoencoder,WheelsControl,182,TabletTouchX,0.003176
Robotics (Pepper),TCN Autoencoder,WheelsControl,183,RShoulderPitchTemp,0.002895
Robotics (Pepper),TCN Autoencoder,WheelsControl,184,LWristYawTemp,0.002809
Robotics (Pepper),TCN Autoencoder,WheelsControl,185,KneePicth,0.002782
Robotics (Pepper),TCN Autoencoder,WheelsControl,186,WheelBStiff,0.002699
Robotics (Pepper),TCN Autoencoder,WheelsControl,187,WheelFRStiff,0.002378
Robotics (Pepper),TCN Autoencoder,WheelsControl,188,HipRollTemp,0.002296
Robotics (Pepper),TCN Autoencoder,WheelsControl,189,KneePicthTemp,0.002274
Robotics (Pepper),TCN Autoencoder,WheelsControl,190,RhandStiff,0.002222
Robotics (Pepper),TCN Autoencoder,WheelsControl,191,LHandTemp,0.002120
Robotics (Pepper),TCN Autoencoder,WheelsControl,192,RElbowRollTemp,0.001659
Robotics (Pepper),TCN Autoencoder,WheelsControl,193,RhandTemp,0.001422
Robotics (Pepper),TCN Autoencoder,WheelsControl,194,LHandStiff,0.001418
Robotics (Pepper),TCN Autoencoder,WheelsControl,195,HipPicth,0.001341
Robotics (Pepper),TCN Autoencoder,WheelsControl,196,LedFaceGL2,0.001335
Robotics (Pepper),TCN Autoencoder,WheelsControl,197,LedFaceBL5,0.001322
Robotics (Pepper),TCN Autoencoder,WheelsControl,198,LedFaceBL8,0.001248
Robotics (Pepper),TCN Autoencoder,WheelsControl,199,LedFaceGR4,0.001238
Robotics (Pepper),TCN Autoencoder,WheelsControl,200,LedFaceBL6,0.001223
Robotics (Pepper),TCN Autoencoder,WheelsControl,201,LedFaceGR1,0.001205
Robotics (Pepper),TCN Autoencoder,WheelsControl,202,LedFaceRL5,0.001182
Robotics (Pepper),TCN Autoencoder,WheelsControl,203,LedFaceRL6,0.001171
Robotics (Pepper),TCN Autoencoder,WheelsControl,204,LedFaceGL7,0.001155
Robotics (Pepper),TCN Autoencoder,WheelsControl,205,LedFaceRR3,0.001148
Robotics (Pepper),TCN Autoencoder,WheelsControl,206,LedFaceBR4,0.001144
Robotics (Pepper),TCN Autoencoder,WheelsControl,207,LedFaceRR6,0.001134
Robotics (Pepper),TCN Autoencoder,WheelsControl,208,LedFaceRR8,0.001116
Robotics (Pepper),TCN Autoencoder,WheelsControl,209,LedFaceRL8,0.001093
Robotics (Pepper),TCN Autoencoder,WheelsControl,210,LedFaceGL6,0.001090
Robotics (Pepper),TCN Autoencoder,WheelsControl,211,LedFaceRR2,0.001079
Robotics (Pepper),TCN Autoencoder,WheelsControl,212,LedFaceGR8,0.001067
Robotics (Pepper),TCN Autoencoder,WheelsControl,213,LedFaceBR1,0.001064
Robotics (Pepper),TCN Autoencoder,WheelsControl,214,LedFaceBR5,0.001060
Robotics (Pepper),TCN Autoencoder,WheelsControl,215,LedFaceBR8,0.001057
Robotics (Pepper),TCN Autoencoder,WheelsControl,216,LedFaceGL3,0.001049
Robotics (Pepper),TCN Autoencoder,WheelsControl,217,LedFaceRR4,0.001040
Robotics (Pepper),TCN Autoencoder,WheelsControl,218,LedFaceRR5,0.001031
Robotics (Pepper),TCN Autoencoder,WheelsControl,219,LedFaceGR6,0.000989
Robotics (Pepper),TCN Autoencoder,WheelsControl,220,LedFaceRL7,0.000982
Robotics (Pepper),TCN Autoencoder,WheelsControl,221,LedFaceBR3,0.000979
Robotics (Pepper),TCN Autoencoder,WheelsControl,222,LedFaceBL1,0.000957
Robotics (Pepper),TCN Autoencoder,WheelsControl,223,LedFaceRL1,0.000949
Robotics (Pepper),TCN Autoencoder,WheelsControl,224,LedFaceBR7,0.000941
Robotics (Pepper),TCN Autoencoder,WheelsControl,225,LedFaceGL4,0.000940
Robotics (Pepper),TCN Autoencoder,WheelsControl,226,LedFaceGR2,0.000936
Robotics (Pepper),TCN Autoencoder,WheelsControl,227,LedFaceGL5,0.000903
Robotics (Pepper),TCN Autoencoder,WheelsControl,228,LedFaceRL2,0.000902
Robotics (Pepper),TCN Autoencoder,WheelsControl,229,LedFaceBR2,0.000886
Robotics (Pepper),TCN Autoencoder,WheelsControl,230,LedFaceGR3,0.000863
Robotics (Pepper),TCN Autoencoder,WheelsControl,231,LedFaceGL1,0.000854
Robotics (Pepper),TCN Autoencoder,WheelsControl,232,LedFaceRL4,0.000851
Robotics (Pepper),TCN Autoencoder,WheelsControl,233,LedFaceRL3,0.000842
Robotics (Pepper),TCN Autoencoder,WheelsControl,234,LedFaceRR1,0.000838
Robotics (Pepper),TCN Autoencoder,WheelsControl,235,LedFaceBL3,0.000820
Robotics (Pepper),TCN Autoencoder,WheelsControl,236,LedFaceBR6,0.000812
Robotics (Pepper),TCN Autoencoder,WheelsControl,237,LedFaceGR5,0.000805
Robotics (Pepper),TCN Autoencoder,WheelsControl,238,LedFaceGL8,0.000799
Robotics (Pepper),TCN Autoencoder,WheelsControl,239,LedFaceRR7,0.000779
Robotics (Pepper),TCN Autoencoder,WheelsControl,240,LedFaceBL2,0.000757
Robotics (Pepper),TCN Autoencoder,WheelsControl,241,LedFaceGR7,0.000753
Robotics (Pepper),TCN Autoencoder,WheelsControl,242,LedFaceBL4,0.000702
Robotics (Pepper),TCN Autoencoder,WheelsControl,243,LedFaceBL7,0.000653
Robotics (Pepper),TCN Autoencoder,WheelsControl,244,LedShoulderB,0.000183
Robotics (Pepper),TCN Autoencoder,JointControl,1,RShoulderPitch,0.292214
Robotics (Pepper),TCN Autoencoder,JointControl,2,LShoulderPitch,0.070838
Robotics (Pepper),TCN Autoencoder,JointControl,3,RShoulderRoll,0.052956
Robotics (Pepper),TCN Autoencoder,JointControl,4,HipRoll,0.040215
Robotics (Pepper),TCN Autoencoder,JointControl,5,LaserF03Y,0.040197
Robotics (Pepper),TCN Autoencoder,JointControl,6,LaserF03X,0.039280
Robotics (Pepper),TCN Autoencoder,JointControl,7,LaserVeR01X,0.039094
Robotics (Pepper),TCN Autoencoder,JointControl,8,SonarB,0.037366
Robotics (Pepper),TCN Autoencoder,JointControl,9,RWristYaw,0.031326
Robotics (Pepper),TCN Autoencoder,JointControl,10,AccelerometerX,0.025510
Robotics (Pepper),TCN Autoencoder,JointControl,11,LHandStiff,0.023680
Robotics (Pepper),TCN Autoencoder,JointControl,12,LShoulderRoll,0.021134
Robotics (Pepper),TCN Autoencoder,JointControl,13,LShoulderPitchStiff,0.018329
Robotics (Pepper),TCN Autoencoder,JointControl,14,RShoulderRollStiff,0.017936
Robotics (Pepper),TCN Autoencoder,JointControl,15,RElbowYawStiff,0.017893
Robotics (Pepper),TCN Autoencoder,JointControl,16,RShoulderPitchStiff,0.017829
Robotics (Pepper),TCN Autoencoder,JointControl,17,LElbowYawStiff,0.017534
Robotics (Pepper),TCN Autoencoder,JointControl,18,RElbowRoll,0.017238
Robotics (Pepper),TCN Autoencoder,JointControl,19,LaserF05Y,0.016062
Robotics (Pepper),TCN Autoencoder,JointControl,20,LaserF05X,0.015984
Robotics (Pepper),TCN Autoencoder,JointControl,21,LedEarL3,0.015868
Robotics (Pepper),TCN Autoencoder,JointControl,22,LaserF07X,0.015674
Robotics (Pepper),TCN Autoencoder,JointControl,23,RElbowRollStiff,0.015663
Robotics (Pepper),TCN Autoencoder,JointControl,24,LWristYawStiff,0.015351
Robotics (Pepper),TCN Autoencoder,JointControl,25,LaserF07Y,0.014779
Robotics (Pepper),TCN Autoencoder,JointControl,26,LShoulderRollStiff,0.014596
Robotics (Pepper),TCN Autoencoder,JointControl,27,LedEarR3,0.014056
Robotics (Pepper),TCN Autoencoder,JointControl,28,AccelerometerY,0.013769
Robotics (Pepper),TCN Autoencoder,JointControl,29,LaserVeR01Y,0.013077
Robotics (Pepper),TCN Autoencoder,JointControl,30,LElbowRollStiff,0.012960
Robotics (Pepper),TCN Autoencoder,JointControl,31,InfraRedL,0.012954
Robotics (Pepper),TCN Autoencoder,JointControl,32,Rhand,0.011782
Robotics (Pepper),TCN Autoencoder,JointControl,33,LaserF11X,0.011712
Robotics (Pepper),TCN Autoencoder,JointControl,34,RElbowYaw,0.011707
Robotics (Pepper),TCN Autoencoder,JointControl,35,LaserF11Y,0.011684
Robotics (Pepper),TCN Autoencoder,JointControl,36,LedEarR8,0.010756
Robotics (Pepper),TCN Autoencoder,JointControl,37,LaserF06X,0.010460
Robotics (Pepper),TCN Autoencoder,JointControl,38,HeadYaw,0.010318
Robotics (Pepper),TCN Autoencoder,JointControl,39,LedEarL8,0.010274
Robotics (Pepper),TCN Autoencoder,JointControl,40,LaserF14Y,0.009736
Robotics (Pepper),TCN Autoencoder,JointControl,41,LaserF06Y,0.009320
Robotics (Pepper),TCN Autoencoder,JointControl,42,LaserF14X,0.009147
Robotics (Pepper),TCN Autoencoder,JointControl,43,LedEarR4,0.009088
Robotics (Pepper),TCN Autoencoder,JointControl,44,LedEarL4,0.008862
Robotics (Pepper),TCN Autoencoder,JointControl,45,HipRollStiff,0.008695
Robotics (Pepper),TCN Autoencoder,JointControl,46,LedEarR9,0.008627
Robotics (Pepper),TCN Autoencoder,JointControl,47,LedEarR10,0.008401
Robotics (Pepper),TCN Autoencoder,JointControl,48,RWristYawStiff,0.008235
Robotics (Pepper),TCN Autoencoder,JointControl,49,LedEarR1,0.008116
Robotics (Pepper),TCN Autoencoder,JointControl,50,LaserF08X,0.007978
Robotics (Pepper),TCN Autoencoder,JointControl,51,RhandStiff,0.007936
Robotics (Pepper),TCN Autoencoder,JointControl,52,LHand,0.007915
Robotics (Pepper),TCN Autoencoder,JointControl,53,AnglesX,0.007856
Robotics (Pepper),TCN Autoencoder,JointControl,54,GyroscopeY,0.007854
Robotics (Pepper),TCN Autoencoder,JointControl,55,LElbowRoll,0.007671
Robotics (Pepper),TCN Autoencoder,JointControl,56,LedEarL5,0.007638
Robotics (Pepper),TCN Autoencoder,JointControl,57,LaserL15X,0.007605
Robotics (Pepper),TCN Autoencoder,JointControl,58,LaserL15Y,0.007541
Robotics (Pepper),TCN Autoencoder,JointControl,59,LedEarL1,0.007393
Robotics (Pepper),TCN Autoencoder,JointControl,60,LedEarL2,0.007247
Robotics (Pepper),TCN Autoencoder,JointControl,61,HipPicthStiff,0.007215
Robotics (Pepper),TCN Autoencoder,JointControl,62,LaserF08Y,0.007081
Robotics (Pepper),TCN Autoencoder,JointControl,63,LedEarL9,0.007074
Robotics (Pepper),TCN Autoencoder,JointControl,64,LedEarR2,0.006949
Robotics (Pepper),TCN Autoencoder,JointControl,65,AccelerometerZ,0.006846
Robotics (Pepper),TCN Autoencoder,JointControl,66,LedEarR6,0.006572
Robotics (Pepper),TCN Autoencoder,JointControl,67,LedEarR5,0.006463
Robotics (Pepper),TCN Autoencoder,JointControl,68,LaserF15Y,0.006451
Robotics (Pepper),TCN Autoencoder,JointControl,69,LedEarR7,0.006233
Robotics (Pepper),TCN Autoencoder,JointControl,70,LaserR01X,0.006208
Robotics (Pepper),TCN Autoencoder,JointControl,71,LedEarL6,0.006202
Robotics (Pepper),TCN Autoencoder,JointControl,72,KneePicthStiff,0.006172
Robotics (Pepper),TCN Autoencoder,JointControl,73,LaserF15X,0.006170
Robotics (Pepper),TCN Autoencoder,JointControl,74,LaserF04Y,0.006126
Robotics (Pepper),TCN Autoencoder,JointControl,75,LaserR01Y,0.006098
Robotics (Pepper),TCN Autoencoder,JointControl,76,LedEarL10,0.006034
Robotics (Pepper),TCN Autoencoder,JointControl,77,LElbowYaw,0.005870
Robotics (Pepper),TCN Autoencoder,JointControl,78,LaserF04X,0.005868
Robotics (Pepper),TCN Autoencoder,JointControl,79,LElbowRollTemp,0.005855
Robotics (Pepper),TCN Autoencoder,JointControl,80,LedEarL7,0.005741
Robotics (Pepper),TCN Autoencoder,JointControl,81,HeadPicthStiff,0.005651
Robotics (Pepper),TCN Autoencoder,JointControl,82,LaserF02X,0.005525
Robotics (Pepper),TCN Autoencoder,JointControl,83,AnglesZ,0.005370
Robotics (Pepper),TCN Autoencoder,JointControl,84,LaserF01Y,0.005312
Robotics (Pepper),TCN Autoencoder,JointControl,85,LaserF10Y,0.005112
Robotics (Pepper),TCN Autoencoder,JointControl,86,LaserF01X,0.005099
Robotics (Pepper),TCN Autoencoder,JointControl,87,LaserF10X,0.005047
Robotics (Pepper),TCN Autoencoder,JointControl,88,HeadPicthTemp,0.004897
Robotics (Pepper),TCN Autoencoder,JointControl,89,LaserF02Y,0.004790
Robotics (Pepper),TCN Autoencoder,JointControl,90,LElbowYawTemp,0.004637
Robotics (Pepper),TCN Autoencoder,JointControl,91,InfraRedR,0.004617
Robotics (Pepper),TCN Autoencoder,JointControl,92,AnglesY,0.004584
Robotics (Pepper),TCN Autoencoder,JointControl,93,HeadYawStiff,0.004505
Robotics (Pepper),TCN Autoencoder,JointControl,94,HeadPicth,0.004419
Robotics (Pepper),TCN Autoencoder,JointControl,95,LaserF09X.1,0.004415
Robotics (Pepper),TCN Autoencoder,JointControl,96,LaserL11Y,0.004355
Robotics (Pepper),TCN Autoencoder,JointControl,97,LaserR15Y,0.004150
Robotics (Pepper),TCN Autoencoder,JointControl,98,GyroscopeX,0.003983
Robotics (Pepper),TCN Autoencoder,JointControl,99,LaserL10X,0.003934
Robotics (Pepper),TCN Autoencoder,JointControl,100,LaserL10Y,0.003924
Robotics (Pepper),TCN Autoencoder,JointControl,101,LaserF06X.1,0.003872
Robotics (Pepper),TCN Autoencoder,JointControl,102,LaserR15X,0.003820
Robotics (Pepper),TCN Autoencoder,JointControl,103,LaserL11X,0.003741
Robotics (Pepper),TCN Autoencoder,JointControl,104,LShoulderPitchTemp,0.003738
Robotics (Pepper),TCN Autoencoder,JointControl,105,LaserF08X.1,0.003711
Robotics (Pepper),TCN Autoencoder,JointControl,106,LaserF09Y.1,0.003596
Robotics (Pepper),TCN Autoencoder,JointControl,107,LaserR02X,0.003561
Robotics (Pepper),TCN Autoencoder,JointControl,108,LaserVeL01Y,0.003342
Robotics (Pepper),TCN Autoencoder,JointControl,109,LaserL14X,0.003324
Robotics (Pepper),TCN Autoencoder,JointControl,110,LaserL12X,0.003323
Robotics (Pepper),TCN Autoencoder,JointControl,111,LaserVeL01X,0.003298
Robotics (Pepper),TCN Autoencoder,JointControl,112,LaserShovel01Y,0.003285
Robotics (Pepper),TCN Autoencoder,JointControl,113,LaserShovel01X,0.003273
Robotics (Pepper),TCN Autoencoder,JointControl,114,LaserL13X,0.003230
Robotics (Pepper),TCN Autoencoder,JointControl,115,LaserF13Y,0.003097
Robotics (Pepper),TCN Autoencoder,JointControl,116,LaserF07X.1,0.003083
Robotics (Pepper),TCN Autoencoder,JointControl,117,LaserL13Y,0.003057
Robotics (Pepper),TCN Autoencoder,JointControl,118,LaserF06Y.1,0.003042
Robotics (Pepper),TCN Autoencoder,JointControl,119,WheelFLTemp,0.003026
Robotics (Pepper),TCN Autoencoder,JointControl,120,LShoulderRollTemp,0.002975
Robotics (Pepper),TCN Autoencoder,JointControl,121,LaserL12Y,0.002965
Robotics (Pepper),TCN Autoencoder,JointControl,122,LaserF05Y.1,0.002922
Robotics (Pepper),TCN Autoencoder,JointControl,123,LaserF01X.1,0.002918
Robotics (Pepper),TCN Autoencoder,JointControl,124,WheelBTemp,0.002916
Robotics (Pepper),TCN Autoencoder,JointControl,125,LaserF13X,0.002889
Robotics (Pepper),TCN Autoencoder,JointControl,126,LaserF05X.1,0.002877
Robotics (Pepper),TCN Autoencoder,JointControl,127,SonarF,0.002868
Robotics (Pepper),TCN Autoencoder,JointControl,128,LaserR06Y,0.002852
Robotics (Pepper),TCN Autoencoder,JointControl,129,LaserF04X.1,0.002846
Robotics (Pepper),TCN Autoencoder,JointControl,130,LaserShovel02X,0.002843
Robotics (Pepper),TCN Autoencoder,JointControl,131,LaserShovel02Y,0.002824
Robotics (Pepper),TCN Autoencoder,JointControl,132,RElbowYawTemp,0.002824
Robotics (Pepper),TCN Autoencoder,JointControl,133,WheelFRTemp,0.002802
Robotics (Pepper),TCN Autoencoder,JointControl,134,LaserF01Y.1,0.002755
Robotics (Pepper),TCN Autoencoder,JointControl,135,LaserL14Y,0.002734
Robotics (Pepper),TCN Autoencoder,JointControl,136,LaserF08Y.1,0.002728
Robotics (Pepper),TCN Autoencoder,JointControl,137,LaserShovel03X,0.002708
Robotics (Pepper),TCN Autoencoder,JointControl,138,LaserR04X,0.002668
Robotics (Pepper),TCN Autoencoder,JointControl,139,LaserF07Y.1,0.002638
Robotics (Pepper),TCN Autoencoder,JointControl,140,LaserShovel03Y,0.002633
Robotics (Pepper),TCN Autoencoder,JointControl,141,LaserR07Y,0.002599
Robotics (Pepper),TCN Autoencoder,JointControl,142,LaserF12Y,0.002571
Robotics (Pepper),TCN Autoencoder,JointControl,143,LaserF04Y.1,0.002542
Robotics (Pepper),TCN Autoencoder,JointControl,144,LaserF09X,0.002534
Robotics (Pepper),TCN Autoencoder,JointControl,145,LaserR02Y,0.002515
Robotics (Pepper),TCN Autoencoder,JointControl,146,LaserR05X,0.002433
Robotics (Pepper),TCN Autoencoder,JointControl,147,LaserR04Y,0.002428
Robotics (Pepper),TCN Autoencoder,JointControl,148,HeadYawTemp,0.002420
Robotics (Pepper),TCN Autoencoder,JointControl,149,KneePicthTemp,0.002413
Robotics (Pepper),TCN Autoencoder,JointControl,150,LaserF02Y.1,0.002407
Robotics (Pepper),TCN Autoencoder,JointControl,151,LaserF09Y,0.002404
Robotics (Pepper),TCN Autoencoder,JointControl,152,LaserF03Y.1,0.002400
Robotics (Pepper),TCN Autoencoder,JointControl,153,LaserR09Y,0.002379
Robotics (Pepper),TCN Autoencoder,JointControl,154,LaserF03X.1,0.002359
Robotics (Pepper),TCN Autoencoder,JointControl,155,LaserF12X,0.002356
Robotics (Pepper),TCN Autoencoder,JointControl,156,LaserR03Y,0.002347
Robotics (Pepper),TCN Autoencoder,JointControl,157,LaserR10X,0.002347
Robotics (Pepper),TCN Autoencoder,JointControl,158,LaserR03X,0.002332
Robotics (Pepper),TCN Autoencoder,JointControl,159,LaserR10Y,0.002314
Robotics (Pepper),TCN Autoencoder,JointControl,160,LaserR05Y,0.002306
Robotics (Pepper),TCN Autoencoder,JointControl,161,KneePicth,0.002240
Robotics (Pepper),TCN Autoencoder,JointControl,162,LaserR07X,0.002177
Robotics (Pepper),TCN Autoencoder,JointControl,163,HipPicthTemp,0.002154
Robotics (Pepper),TCN Autoencoder,JointControl,164,LaserF02X.1,0.002133
Robotics (Pepper),TCN Autoencoder,JointControl,165,LaserR14Y,0.002103
Robotics (Pepper),TCN Autoencoder,JointControl,166,LaserR08Y,0.002092
Robotics (Pepper),TCN Autoencoder,JointControl,167,RShoulderPitchTemp,0.002092
Robotics (Pepper),TCN Autoencoder,JointControl,168,LaserR08X,0.002022
Robotics (Pepper),TCN Autoencoder,JointControl,169,LaserR06X,0.002020
Robotics (Pepper),TCN Autoencoder,JointControl,170,LaserR09X,0.001978
Robotics (Pepper),TCN Autoencoder,JointControl,171,WheelBStiff,0.001965
Robotics (Pepper),TCN Autoencoder,JointControl,172,TabletTouchX,0.001863
Robotics (Pepper),TCN Autoencoder,JointControl,173,TabletTouchY,0.001797
Robotics (Pepper),TCN Autoencoder,JointControl,174,WheelFRStiff,0.001795
Robotics (Pepper),TCN Autoencoder,JointControl,175,LWristYaw,0.001785
Robotics (Pepper),TCN Autoencoder,JointControl,176,LaserR12X,0.001729
Robotics (Pepper),TCN Autoencoder,JointControl,177,LaserR13Y,0.001647
Robotics (Pepper),TCN Autoencoder,JointControl,178,LaserR14X,0.001647
Robotics (Pepper),TCN Autoencoder,JointControl,179,LaserR11Y,0.001607
Robotics (Pepper),TCN Autoencoder,JointControl,180,LaserR13X,0.001541
Robotics (Pepper),TCN Autoencoder,JointControl,181,LaserR11X,0.001500
Robotics (Pepper),TCN Autoencoder,JointControl,182,LaserR12Y,0.001480
Robotics (Pepper),TCN Autoencoder,JointControl,183,LWristYawTemp,0.001298
Robotics (Pepper),TCN Autoencoder,JointControl,184,RWristYawTemp,0.001293
Robotics (Pepper),TCN Autoencoder,JointControl,185,GyroscopeZ,0.001264
Robotics (Pepper),TCN Autoencoder,JointControl,186,RShoulderRollTemp,0.001257
Robotics (Pepper),TCN Autoencoder,JointControl,187,RElbowRollTemp,0.001238
Robotics (Pepper),TCN Autoencoder,JointControl,188,HipPicth,0.001220
Robotics (Pepper),TCN Autoencoder,JointControl,189,RhandTemp,0.001189
Robotics (Pepper),TCN Autoencoder,JointControl,190,WheelFLSpeed,0.001121
Robotics (Pepper),TCN Autoencoder,JointControl,191,WheelFLStiff,0.001107
Robotics (Pepper),TCN Autoencoder,JointControl,192,LHandTemp,0.001058
Robotics (Pepper),TCN Autoencoder,JointControl,193,HipRollTemp,0.001034
Robotics (Pepper),TCN Autoencoder,JointControl,194,WheelFRSpeed,0.001029
Robotics (Pepper),TCN Autoencoder,JointControl,195,WheelBSpeed,0.000971
Robotics (Pepper),TCN Autoencoder,JointControl,196,LedFaceBL7,0.000770
Robotics (Pepper),TCN Autoencoder,JointControl,197,LedFaceBR2,0.000742
Robotics (Pepper),TCN Autoencoder,JointControl,198,LedFaceBR3,0.000659
Robotics (Pepper),TCN Autoencoder,JointControl,199,LedFaceGR4,0.000614
Robotics (Pepper),TCN Autoencoder,JointControl,200,LedFaceBL8,0.000614
Robotics (Pepper),TCN Autoencoder,JointControl,201,LedFaceRR5,0.000613
Robotics (Pepper),TCN Autoencoder,JointControl,202,LedFaceGL1,0.000605
Robotics (Pepper),TCN Autoencoder,JointControl,203,LedFaceBL5,0.000595
Robotics (Pepper),TCN Autoencoder,JointControl,204,LedFaceRR7,0.000590
Robotics (Pepper),TCN Autoencoder,JointControl,205,LedFaceGL2,0.000590
Robotics (Pepper),TCN Autoencoder,JointControl,206,LedFaceRL8,0.000574
Robotics (Pepper),TCN Autoencoder,JointControl,207,LedFaceBR1,0.000572
Robotics (Pepper),TCN Autoencoder,JointControl,208,LedFaceRL6,0.000565
Robotics (Pepper),TCN Autoencoder,JointControl,209,LedFaceBR4,0.000565
Robotics (Pepper),TCN Autoencoder,JointControl,210,LedFaceRL7,0.000563
Robotics (Pepper),TCN Autoencoder,JointControl,211,LedFaceGR1,0.000561
Robotics (Pepper),TCN Autoencoder,JointControl,212,LedFaceGL6,0.000555
Robotics (Pepper),TCN Autoencoder,JointControl,213,LedFaceBL6,0.000546
Robotics (Pepper),TCN Autoencoder,JointControl,214,LedFaceGR2,0.000545
Robotics (Pepper),TCN Autoencoder,JointControl,215,LedFaceGR3,0.000545
Robotics (Pepper),TCN Autoencoder,JointControl,216,LedFaceRR6,0.000530
Robotics (Pepper),TCN Autoencoder,JointControl,217,LedFaceBL1,0.000525
Robotics (Pepper),TCN Autoencoder,JointControl,218,LedFaceGL7,0.000522
Robotics (Pepper),TCN Autoencoder,JointControl,219,LedFaceRR4,0.000519
Robotics (Pepper),TCN Autoencoder,JointControl,220,LedFaceGL8,0.000509
Robotics (Pepper),TCN Autoencoder,JointControl,221,LedFaceBR5,0.000509
Robotics (Pepper),TCN Autoencoder,JointControl,222,LedFaceRL5,0.000502
Robotics (Pepper),TCN Autoencoder,JointControl,223,LedFaceRL3,0.000502
Robotics (Pepper),TCN Autoencoder,JointControl,224,LedFaceGL4,0.000500
Robotics (Pepper),TCN Autoencoder,JointControl,225,LedFaceBL4,0.000481
Robotics (Pepper),TCN Autoencoder,JointControl,226,LedFaceRL4,0.000481
Robotics (Pepper),TCN Autoencoder,JointControl,227,LedFaceRR1,0.000480
Robotics (Pepper),TCN Autoencoder,JointControl,228,LedFaceGR7,0.000480
Robotics (Pepper),TCN Autoencoder,JointControl,229,LedFaceBL3,0.000479
Robotics (Pepper),TCN Autoencoder,JointControl,230,LedFaceRR3,0.000466
Robotics (Pepper),TCN Autoencoder,JointControl,231,LedFaceGR5,0.000453
Robotics (Pepper),TCN Autoencoder,JointControl,232,LedFaceGL3,0.000441
Robotics (Pepper),TCN Autoencoder,JointControl,233,LedFaceRR2,0.000432
Robotics (Pepper),TCN Autoencoder,JointControl,234,LedFaceGL5,0.000428
Robotics (Pepper),TCN Autoencoder,JointControl,235,LedFaceRL1,0.000422
Robotics (Pepper),TCN Autoencoder,JointControl,236,LedFaceGR8,0.000418
Robotics (Pepper),TCN Autoencoder,JointControl,237,LedFaceGR6,0.000416
Robotics (Pepper),TCN Autoencoder,JointControl,238,LedFaceRR8,0.000409
Robotics (Pepper),TCN Autoencoder,JointControl,239,LedFaceBL2,0.000399
Robotics (Pepper),TCN Autoencoder,JointControl,240,LedFaceBR8,0.000396
Robotics (Pepper),TCN Autoencoder,JointControl,241,LedFaceBR7,0.000385
Robotics (Pepper),TCN Autoencoder,JointControl,242,LedFaceBR6,0.000348
Robotics (Pepper),TCN Autoencoder,JointControl,243,LedFaceRL2,0.000335
Robotics (Pepper),TCN Autoencoder,JointControl,244,LedShoulderB,0.000169
Robotics (Pepper),TCN Autoencoder,LedsControl,1,TabletTouchX,227.258874
Robotics (Pepper),TCN Autoencoder,LedsControl,2,TabletTouchY,91.998751
Robotics (Pepper),TCN Autoencoder,LedsControl,3,AccelerometerX,0.295704
Robotics (Pepper),TCN Autoencoder,LedsControl,4,LedEarL3,0.239280
Robotics (Pepper),TCN Autoencoder,LedsControl,5,LedEarR3,0.227735
Robotics (Pepper),TCN Autoencoder,LedsControl,6,LedEarR1,0.219896
Robotics (Pepper),TCN Autoencoder,LedsControl,7,LedEarL4,0.199287
Robotics (Pepper),TCN Autoencoder,LedsControl,8,LedFaceBL3,0.197016
Robotics (Pepper),TCN Autoencoder,LedsControl,9,LedFaceBR7,0.192446
Robotics (Pepper),TCN Autoencoder,LedsControl,10,LedFaceBL2,0.191367
Robotics (Pepper),TCN Autoencoder,LedsControl,11,LedFaceBR6,0.188717
Robotics (Pepper),TCN Autoencoder,LedsControl,12,LedEarR9,0.187765
Robotics (Pepper),TCN Autoencoder,LedsControl,13,RShoulderPitch,0.180435
Robotics (Pepper),TCN Autoencoder,LedsControl,14,LedEarL9,0.176443
Robotics (Pepper),TCN Autoencoder,LedsControl,15,LedShoulderB,0.174313
Robotics (Pepper),TCN Autoencoder,LedsControl,16,LedEarR5,0.173866
Robotics (Pepper),TCN Autoencoder,LedsControl,17,LaserF03Y,0.159690
Robotics (Pepper),TCN Autoencoder,LedsControl,18,LedEarL10,0.155754
Robotics (Pepper),TCN Autoencoder,LedsControl,19,LedFaceBL4,0.149823
Robotics (Pepper),TCN Autoencoder,LedsControl,20,LedEarR6,0.149550
Robotics (Pepper),TCN Autoencoder,LedsControl,21,LedEarR7,0.147030
Robotics (Pepper),TCN Autoencoder,LedsControl,22,LedEarR2,0.143520
Robotics (Pepper),TCN Autoencoder,LedsControl,23,LedEarL5,0.139748
Robotics (Pepper),TCN Autoencoder,LedsControl,24,LedEarR8,0.138536
Robotics (Pepper),TCN Autoencoder,LedsControl,25,LedFaceBR5,0.137263
Robotics (Pepper),TCN Autoencoder,LedsControl,26,LedEarR10,0.135393
Robotics (Pepper),TCN Autoencoder,LedsControl,27,LedEarL8,0.135273
Robotics (Pepper),TCN Autoencoder,LedsControl,28,LedEarR4,0.129942
Robotics (Pepper),TCN Autoencoder,LedsControl,29,KneePicth,0.126618
Robotics (Pepper),TCN Autoencoder,LedsControl,30,LedEarL2,0.125097
Robotics (Pepper),TCN Autoencoder,LedsControl,31,RShoulderRoll,0.122704
Robotics (Pepper),TCN Autoencoder,LedsControl,32,RWristYaw,0.121490
Robotics (Pepper),TCN Autoencoder,LedsControl,33,LedFaceRR7,0.114397
Robotics (Pepper),TCN Autoencoder,LedsControl,34,LedFaceGL2,0.113941
Robotics (Pepper),TCN Autoencoder,LedsControl,35,LedEarL1,0.111470
Robotics (Pepper),TCN Autoencoder,LedsControl,36,RElbowYaw,0.111184
Robotics (Pepper),TCN Autoencoder,LedsControl,37,HipPicth,0.111063
Robotics (Pepper),TCN Autoencoder,LedsControl,38,LedFaceRL3,0.110166
Robotics (Pepper),TCN Autoencoder,LedsControl,39,LedEarL7,0.108921
Robotics (Pepper),TCN Autoencoder,LedsControl,40,LedEarL6,0.101495
Robotics (Pepper),TCN Autoencoder,LedsControl,41,HeadPicth,0.100875
Robotics (Pepper),TCN Autoencoder,LedsControl,42,HeadPicthStiff,0.099466
Robotics (Pepper),TCN Autoencoder,LedsControl,43,LedFaceRL4,0.098448
Robotics (Pepper),TCN Autoencoder,LedsControl,44,LaserF13Y,0.093165
Robotics (Pepper),TCN Autoencoder,LedsControl,45,LedFaceRR5,0.093010
Robotics (Pepper),TCN Autoencoder,LedsControl,46,LedFaceRL2,0.090540
Robotics (Pepper),TCN Autoencoder,LedsControl,47,LedFaceBL1,0.087154
Robotics (Pepper),TCN Autoencoder,LedsControl,48,HipPicthStiff,0.084266
Robotics (Pepper),TCN Autoencoder,LedsControl,49,RShoulderRollStiff,0.082865
Robotics (Pepper),TCN Autoencoder,LedsControl,50,LedFaceBR8,0.082154
Robotics (Pepper),TCN Autoencoder,LedsControl,51,HipRollStiff,0.079692
Robotics (Pepper),TCN Autoencoder,LedsControl,52,LedFaceBR3,0.078961
Robotics (Pepper),TCN Autoencoder,LedsControl,53,LedFaceRR6,0.078485
Robotics (Pepper),TCN Autoencoder,LedsControl,54,LedFaceBR4,0.078195
Robotics (Pepper),TCN Autoencoder,LedsControl,55,Rhand,0.077942
Robotics (Pepper),TCN Autoencoder,LedsControl,56,LElbowYaw,0.077164
Robotics (Pepper),TCN Autoencoder,LedsControl,57,LShoulderPitch,0.075206
Robotics (Pepper),TCN Autoencoder,LedsControl,58,RElbowRoll,0.075037
Robotics (Pepper),TCN Autoencoder,LedsControl,59,LedFaceGL4,0.073989
Robotics (Pepper),TCN Autoencoder,LedsControl,60,HeadYawStiff,0.073852
Robotics (Pepper),TCN Autoencoder,LedsControl,61,KneePicthStiff,0.072466
Robotics (Pepper),TCN Autoencoder,LedsControl,62,LedFaceGR4,0.072162
Robotics (Pepper),TCN Autoencoder,LedsControl,63,LedFaceGL3,0.071928
Robotics (Pepper),TCN Autoencoder,LedsControl,64,LedFaceBL6,0.071080
Robotics (Pepper),TCN Autoencoder,LedsControl,65,LedFaceGL5,0.070826
Robotics (Pepper),TCN Autoencoder,LedsControl,66,LedFaceRL6,0.070650
Robotics (Pepper),TCN Autoencoder,LedsControl,67,LaserF04X,0.070127
Robotics (Pepper),TCN Autoencoder,LedsControl,68,LaserF04Y,0.070018
Robotics (Pepper),TCN Autoencoder,LedsControl,69,LaserVeR01X,0.068934
Robotics (Pepper),TCN Autoencoder,LedsControl,70,LElbowRollTemp,0.067317
Robotics (Pepper),TCN Autoencoder,LedsControl,71,LaserF13X,0.067014
Robotics (Pepper),TCN Autoencoder,LedsControl,72,LedFaceBL5,0.067003
Robotics (Pepper),TCN Autoencoder,LedsControl,73,LHand,0.066875
Robotics (Pepper),TCN Autoencoder,LedsControl,74,LaserF01Y,0.065351
Robotics (Pepper),TCN Autoencoder,LedsControl,75,LedFaceGR3,0.065198
Robotics (Pepper),TCN Autoencoder,LedsControl,76,LaserF03X,0.063730
Robotics (Pepper),TCN Autoencoder,LedsControl,77,InfraRedR,0.063269
Robotics (Pepper),TCN Autoencoder,LedsControl,78,LaserF01X,0.061256
Robotics (Pepper),TCN Autoencoder,LedsControl,79,GyroscopeY,0.060843
Robotics (Pepper),TCN Autoencoder,LedsControl,80,LedFaceGR5,0.060508
Robotics (Pepper),TCN Autoencoder,LedsControl,81,AccelerometerY,0.057898
Robotics (Pepper),TCN Autoencoder,LedsControl,82,LaserR05X,0.057847
Robotics (Pepper),TCN Autoencoder,LedsControl,83,LaserF07Y,0.057619
Robotics (Pepper),TCN Autoencoder,LedsControl,84,LedFaceGR7,0.056185
Robotics (Pepper),TCN Autoencoder,LedsControl,85,LaserF06X,0.054110
Robotics (Pepper),TCN Autoencoder,LedsControl,86,LElbowYawTemp,0.052841
Robotics (Pepper),TCN Autoencoder,LedsControl,87,LedFaceBL8,0.052727
Robotics (Pepper),TCN Autoencoder,LedsControl,88,LedFaceBR2,0.052181
Robotics (Pepper),TCN Autoencoder,LedsControl,89,LaserF05Y,0.051055
Robotics (Pepper),TCN Autoencoder,LedsControl,90,LedFaceGL1,0.050270
Robotics (Pepper),TCN Autoencoder,LedsControl,91,LedFaceRL8,0.049758
Robotics (Pepper),TCN Autoencoder,LedsControl,92,LaserR06X,0.049468
Robotics (Pepper),TCN Autoencoder,LedsControl,93,LaserF14Y,0.048568
Robotics (Pepper),TCN Autoencoder,LedsControl,94,LaserR07Y,0.048268
Robotics (Pepper),TCN Autoencoder,LedsControl,95,LedFaceRR8,0.046982
Robotics (Pepper),TCN Autoencoder,LedsControl,96,LaserR05Y,0.045193
Robotics (Pepper),TCN Autoencoder,LedsControl,97,WheelFRTemp,0.045030
Robotics (Pepper),TCN Autoencoder,LedsControl,98,LaserR01Y,0.044908
Robotics (Pepper),TCN Autoencoder,LedsControl,99,GyroscopeX,0.044786
Robotics (Pepper),TCN Autoencoder,LedsControl,100,LaserL14Y,0.044175
Robotics (Pepper),TCN Autoencoder,LedsControl,101,LedFaceGL6,0.043945
Robotics (Pepper),TCN Autoencoder,LedsControl,102,LElbowRoll,0.043538
Robotics (Pepper),TCN Autoencoder,LedsControl,103,LaserL14X,0.043366
Robotics (Pepper),TCN Autoencoder,LedsControl,104,LedFaceGR6,0.043332
Robotics (Pepper),TCN Autoencoder,LedsControl,105,HipRoll,0.042992
Robotics (Pepper),TCN Autoencoder,LedsControl,106,LHandStiff,0.042819
Robotics (Pepper),TCN Autoencoder,LedsControl,107,LaserF02X,0.042622
Robotics (Pepper),TCN Autoencoder,LedsControl,108,LaserF14X,0.042332
Robotics (Pepper),TCN Autoencoder,LedsControl,109,LedFaceRL1,0.041947
Robotics (Pepper),TCN Autoencoder,LedsControl,110,LShoulderRollStiff,0.041934
Robotics (Pepper),TCN Autoencoder,LedsControl,111,LaserF07X,0.041912
Robotics (Pepper),TCN Autoencoder,LedsControl,112,LaserR09Y,0.041905
Robotics (Pepper),TCN Autoencoder,LedsControl,113,AccelerometerZ,0.041612
Robotics (Pepper),TCN Autoencoder,LedsControl,114,LedFaceRL7,0.041467
Robotics (Pepper),TCN Autoencoder,LedsControl,115,LaserR09X,0.041375
Robotics (Pepper),TCN Autoencoder,LedsControl,116,LaserF05X,0.041257
Robotics (Pepper),TCN Autoencoder,LedsControl,117,LedFaceGR1,0.041119
Robotics (Pepper),TCN Autoencoder,LedsControl,118,LaserL15Y,0.040423
Robotics (Pepper),TCN Autoencoder,LedsControl,119,LaserL13X,0.040327
Robotics (Pepper),TCN Autoencoder,LedsControl,120,AnglesZ,0.039678
Robotics (Pepper),TCN Autoencoder,LedsControl,121,AnglesX,0.039433
Robotics (Pepper),TCN Autoencoder,LedsControl,122,LaserR15X,0.039432
Robotics (Pepper),TCN Autoencoder,LedsControl,123,LaserF02Y,0.039339
Robotics (Pepper),TCN Autoencoder,LedsControl,124,LaserR07X,0.039196
Robotics (Pepper),TCN Autoencoder,LedsControl,125,LaserL15X,0.038752
Robotics (Pepper),TCN Autoencoder,LedsControl,126,LedFaceRR2,0.038374
Robotics (Pepper),TCN Autoencoder,LedsControl,127,LaserF11X,0.038310
Robotics (Pepper),TCN Autoencoder,LedsControl,128,LedFaceBL7,0.038031
Robotics (Pepper),TCN Autoencoder,LedsControl,129,LaserF01X.1,0.038020
Robotics (Pepper),TCN Autoencoder,LedsControl,130,LedFaceBR1,0.037833
Robotics (Pepper),TCN Autoencoder,LedsControl,131,LaserF06Y,0.037285
Robotics (Pepper),TCN Autoencoder,LedsControl,132,LaserShovel01X,0.037256
Robotics (Pepper),TCN Autoencoder,LedsControl,133,SonarF,0.037193
Robotics (Pepper),TCN Autoencoder,LedsControl,134,LedFaceRL5,0.036580
Robotics (Pepper),TCN Autoencoder,LedsControl,135,LaserShovel02Y,0.035800
Robotics (Pepper),TCN Autoencoder,LedsControl,136,LedFaceRR4,0.035726
Robotics (Pepper),TCN Autoencoder,LedsControl,137,LaserR03X,0.035493
Robotics (Pepper),TCN Autoencoder,LedsControl,138,LaserVeR01Y,0.035421
Robotics (Pepper),TCN Autoencoder,LedsControl,139,WheelBTemp,0.034678
Robotics (Pepper),TCN Autoencoder,LedsControl,140,LaserShovel03X,0.034133
Robotics (Pepper),TCN Autoencoder,LedsControl,141,LedFaceGR2,0.034011
Robotics (Pepper),TCN Autoencoder,LedsControl,142,HeadYaw,0.033784
Robotics (Pepper),TCN Autoencoder,LedsControl,143,LShoulderRoll,0.033430
Robotics (Pepper),TCN Autoencoder,LedsControl,144,LaserF15X,0.033014
Robotics (Pepper),TCN Autoencoder,LedsControl,145,LaserR06Y,0.032022
Robotics (Pepper),TCN Autoencoder,LedsControl,146,RElbowRollStiff,0.031730
Robotics (Pepper),TCN Autoencoder,LedsControl,147,LaserR01X,0.031705
Robotics (Pepper),TCN Autoencoder,LedsControl,148,LaserR08Y,0.031283
Robotics (Pepper),TCN Autoencoder,LedsControl,149,LaserR14X,0.031122
Robotics (Pepper),TCN Autoencoder,LedsControl,150,LedFaceRR1,0.030960
Robotics (Pepper),TCN Autoencoder,LedsControl,151,LedFaceRR3,0.030440
Robotics (Pepper),TCN Autoencoder,LedsControl,152,LaserVeL01Y,0.030250
Robotics (Pepper),TCN Autoencoder,LedsControl,153,LaserF01Y.1,0.030162
Robotics (Pepper),TCN Autoencoder,LedsControl,154,LaserF15Y,0.029828
Robotics (Pepper),TCN Autoencoder,LedsControl,155,LaserShovel03Y,0.029773
Robotics (Pepper),TCN Autoencoder,LedsControl,156,LaserR14Y,0.029336
Robotics (Pepper),TCN Autoencoder,LedsControl,157,LaserL10X,0.028851
Robotics (Pepper),TCN Autoencoder,LedsControl,158,LaserR04Y,0.028756
Robotics (Pepper),TCN Autoencoder,LedsControl,159,LWristYawStiff,0.028735
Robotics (Pepper),TCN Autoencoder,LedsControl,160,LaserR08X,0.028670
Robotics (Pepper),TCN Autoencoder,LedsControl,161,LElbowRollStiff,0.028415
Robotics (Pepper),TCN Autoencoder,LedsControl,162,LaserF10X,0.028349
Robotics (Pepper),TCN Autoencoder,LedsControl,163,RElbowYawTemp,0.028337
Robotics (Pepper),TCN Autoencoder,LedsControl,164,RWristYawStiff,0.028213
Robotics (Pepper),TCN Autoencoder,LedsControl,165,LaserShovel02X,0.028083
Robotics (Pepper),TCN Autoencoder,LedsControl,166,WheelBStiff,0.028065
Robotics (Pepper),TCN Autoencoder,LedsControl,167,LaserR04X,0.027660
Robotics (Pepper),TCN Autoencoder,LedsControl,168,LaserF08X,0.027639
Robotics (Pepper),TCN Autoencoder,LedsControl,169,LaserF09X,0.026060
Robotics (Pepper),TCN Autoencoder,LedsControl,170,LaserF08Y,0.026011
Robotics (Pepper),TCN Autoencoder,LedsControl,171,LaserF10Y,0.026005
Robotics (Pepper),TCN Autoencoder,LedsControl,172,WheelFLTemp,0.025784
Robotics (Pepper),TCN Autoencoder,LedsControl,173,LaserR13Y,0.025720
Robotics (Pepper),TCN Autoencoder,LedsControl,174,RhandStiff,0.025674
Robotics (Pepper),TCN Autoencoder,LedsControl,175,SonarB,0.025332
Robotics (Pepper),TCN Autoencoder,LedsControl,176,LaserL13Y,0.025332
Robotics (Pepper),TCN Autoencoder,LedsControl,177,HeadPicthTemp,0.025330
Robotics (Pepper),TCN Autoencoder,LedsControl,178,LShoulderPitchTemp,0.025123
Robotics (Pepper),TCN Autoencoder,LedsControl,179,RShoulderPitchStiff,0.024691
Robotics (Pepper),TCN Autoencoder,LedsControl,180,LaserR03Y,0.024379
Robotics (Pepper),TCN Autoencoder,LedsControl,181,LaserVeL01X,0.024339
Robotics (Pepper),TCN Autoencoder,LedsControl,182,LaserF12X,0.024163
Robotics (Pepper),TCN Autoencoder,LedsControl,183,LedFaceGL8,0.024082
Robotics (Pepper),TCN Autoencoder,LedsControl,184,LaserR11X,0.024063
Robotics (Pepper),TCN Autoencoder,LedsControl,185,LaserL10Y,0.024035
Robotics (Pepper),TCN Autoencoder,LedsControl,186,LedFaceGL7,0.023988
Robotics (Pepper),TCN Autoencoder,LedsControl,187,LaserR13X,0.023891
Robotics (Pepper),TCN Autoencoder,LedsControl,188,LElbowYawStiff,0.023347
Robotics (Pepper),TCN Autoencoder,LedsControl,189,LaserShovel01Y,0.023214
Robotics (Pepper),TCN Autoencoder,LedsControl,190,LaserR15Y,0.022561
Robotics (Pepper),TCN Autoencoder,LedsControl,191,LaserR02X,0.022540
Robotics (Pepper),TCN Autoencoder,LedsControl,192,LaserF04X.1,0.022390
Robotics (Pepper),TCN Autoencoder,LedsControl,193,LedFaceGR8,0.022266
Robotics (Pepper),TCN Autoencoder,LedsControl,194,LShoulderRollTemp,0.021929
Robotics (Pepper),TCN Autoencoder,LedsControl,195,LaserF11Y,0.021708
Robotics (Pepper),TCN Autoencoder,LedsControl,196,LWristYaw,0.021328
Robotics (Pepper),TCN Autoencoder,LedsControl,197,LaserR10X,0.021323
Robotics (Pepper),TCN Autoencoder,LedsControl,198,AnglesY,0.021299
Robotics (Pepper),TCN Autoencoder,LedsControl,199,LaserR02Y,0.021054
Robotics (Pepper),TCN Autoencoder,LedsControl,200,HeadYawTemp,0.021028
Robotics (Pepper),TCN Autoencoder,LedsControl,201,LaserF12Y,0.020777
Robotics (Pepper),TCN Autoencoder,LedsControl,202,LaserF04Y.1,0.020674
Robotics (Pepper),TCN Autoencoder,LedsControl,203,LaserF07Y.1,0.020657
Robotics (Pepper),TCN Autoencoder,LedsControl,204,RElbowYawStiff,0.020615
Robotics (Pepper),TCN Autoencoder,LedsControl,205,LaserF05X.1,0.020607
Robotics (Pepper),TCN Autoencoder,LedsControl,206,WheelFRStiff,0.020518
Robotics (Pepper),TCN Autoencoder,LedsControl,207,LaserR11Y,0.020483
Robotics (Pepper),TCN Autoencoder,LedsControl,208,LaserF09Y,0.020037
Robotics (Pepper),TCN Autoencoder,LedsControl,209,LaserF03Y.1,0.019190
Robotics (Pepper),TCN Autoencoder,LedsControl,210,LaserR10Y,0.018859
Robotics (Pepper),TCN Autoencoder,LedsControl,211,LaserF07X.1,0.018330
Robotics (Pepper),TCN Autoencoder,LedsControl,212,LaserF05Y.1,0.018231
Robotics (Pepper),TCN Autoencoder,LedsControl,213,LaserF06Y.1,0.017987
Robotics (Pepper),TCN Autoencoder,LedsControl,214,LaserL12X,0.016975
Robotics (Pepper),TCN Autoencoder,LedsControl,215,KneePicthTemp,0.016736
Robotics (Pepper),TCN Autoencoder,LedsControl,216,RElbowRollTemp,0.015937
Robotics (Pepper),TCN Autoencoder,LedsControl,217,InfraRedL,0.015765
Robotics (Pepper),TCN Autoencoder,LedsControl,218,LWristYawTemp,0.015530
Robotics (Pepper),TCN Autoencoder,LedsControl,219,LaserF06X.1,0.015475
Robotics (Pepper),TCN Autoencoder,LedsControl,220,LaserR12Y,0.015398
Robotics (Pepper),TCN Autoencoder,LedsControl,221,LaserR12X,0.015167
Robotics (Pepper),TCN Autoencoder,LedsControl,222,LaserF02Y.1,0.015085
Robotics (Pepper),TCN Autoencoder,LedsControl,223,LaserF09X.1,0.014904
Robotics (Pepper),TCN Autoencoder,LedsControl,224,RShoulderPitchTemp,0.014659
Robotics (Pepper),TCN Autoencoder,LedsControl,225,LaserF08Y.1,0.014646
Robotics (Pepper),TCN Autoencoder,LedsControl,226,LaserF09Y.1,0.014375
Robotics (Pepper),TCN Autoencoder,LedsControl,227,HipPicthTemp,0.014299
Robotics (Pepper),TCN Autoencoder,LedsControl,228,LShoulderPitchStiff,0.013973
Robotics (Pepper),TCN Autoencoder,LedsControl,229,LaserL12Y,0.013493
Robotics (Pepper),TCN Autoencoder,LedsControl,230,LaserL11X,0.013156
Robotics (Pepper),TCN Autoencoder,LedsControl,231,LaserL11Y,0.013021
Robotics (Pepper),TCN Autoencoder,LedsControl,232,WheelFLStiff,0.012729
Robotics (Pepper),TCN Autoencoder,LedsControl,233,LaserF08X.1,0.011891
Robotics (Pepper),TCN Autoencoder,LedsControl,234,LaserF03X.1,0.011244
Robotics (Pepper),TCN Autoencoder,LedsControl,235,WheelFRSpeed,0.010756
Robotics (Pepper),TCN Autoencoder,LedsControl,236,RWristYawTemp,0.010486
Robotics (Pepper),TCN Autoencoder,LedsControl,237,RShoulderRollTemp,0.009546
Robotics (Pepper),TCN Autoencoder,LedsControl,238,WheelBSpeed,0.009503
Robotics (Pepper),TCN Autoencoder,LedsControl,239,GyroscopeZ,0.009272
Robotics (Pepper),TCN Autoencoder,LedsControl,240,WheelFLSpeed,0.009087
Robotics (Pepper),TCN Autoencoder,LedsControl,241,HipRollTemp,0.007590
Robotics (Pepper),TCN Autoencoder,LedsControl,242,LaserF02X.1,0.007233
Robotics (Pepper),TCN Autoencoder,LedsControl,243,LHandTemp,0.005123
Robotics (Pepper),TCN Autoencoder,LedsControl,244,RhandTemp,0.004286
Robotics (Pepper),Transformer Autoencoder,WheelsControl,1,WheelBSpeed,0.523855
Robotics (Pepper),Transformer Autoencoder,WheelsControl,2,WheelFRSpeed,0.468386
Robotics (Pepper),Transformer Autoencoder,WheelsControl,3,WheelFLSpeed,0.467115
Robotics (Pepper),Transformer Autoencoder,WheelsControl,4,GyroscopeZ,0.442433
Robotics (Pepper),Transformer Autoencoder,WheelsControl,5,WheelFLStiff,0.296465
Robotics (Pepper),Transformer Autoencoder,WheelsControl,6,AccelerometerX,0.062395
Robotics (Pepper),Transformer Autoencoder,WheelsControl,7,RElbowRollStiff,0.046528
Robotics (Pepper),Transformer Autoencoder,WheelsControl,8,AccelerometerY,0.042081
Robotics (Pepper),Transformer Autoencoder,WheelsControl,9,GyroscopeY,0.037399
Robotics (Pepper),Transformer Autoencoder,WheelsControl,10,RShoulderPitchStiff,0.035882
Robotics (Pepper),Transformer Autoencoder,WheelsControl,11,RElbowYawStiff,0.035870
Robotics (Pepper),Transformer Autoencoder,WheelsControl,12,LaserVeR01X,0.034968
Robotics (Pepper),Transformer Autoencoder,WheelsControl,13,LedEarR3,0.034447
Robotics (Pepper),Transformer Autoencoder,WheelsControl,14,RShoulderRollStiff,0.034268
Robotics (Pepper),Transformer Autoencoder,WheelsControl,15,RWristYawStiff,0.032427
Robotics (Pepper),Transformer Autoencoder,WheelsControl,16,RWristYaw,0.030308
Robotics (Pepper),Transformer Autoencoder,WheelsControl,17,RShoulderPitch,0.029873
Robotics (Pepper),Transformer Autoencoder,WheelsControl,18,LedEarL3,0.029312
Robotics (Pepper),Transformer Autoencoder,WheelsControl,19,LaserR14Y,0.029175
Robotics (Pepper),Transformer Autoencoder,WheelsControl,20,AccelerometerZ,0.028797
Robotics (Pepper),Transformer Autoencoder,WheelsControl,21,LaserVeR01Y,0.028325
Robotics (Pepper),Transformer Autoencoder,WheelsControl,22,LaserR14X,0.028192
Robotics (Pepper),Transformer Autoencoder,WheelsControl,23,LShoulderPitchStiff,0.027305
Robotics (Pepper),Transformer Autoencoder,WheelsControl,24,LaserVeL01Y,0.026851
Robotics (Pepper),Transformer Autoencoder,WheelsControl,25,LWristYawStiff,0.026156
Robotics (Pepper),Transformer Autoencoder,WheelsControl,26,LElbowRollStiff,0.025948
Robotics (Pepper),Transformer Autoencoder,WheelsControl,27,SonarB,0.025638
Robotics (Pepper),Transformer Autoencoder,WheelsControl,28,RElbowYaw,0.024674
Robotics (Pepper),Transformer Autoencoder,WheelsControl,29,RShoulderRoll,0.023525
Robotics (Pepper),Transformer Autoencoder,WheelsControl,30,HeadYaw,0.022401
Robotics (Pepper),Transformer Autoencoder,WheelsControl,31,LElbowYawStiff,0.021493
Robotics (Pepper),Transformer Autoencoder,WheelsControl,32,AnglesZ,0.021345
Robotics (Pepper),Transformer Autoencoder,WheelsControl,33,HeadPicthStiff,0.021308
Robotics (Pepper),Transformer Autoencoder,WheelsControl,34,LShoulderRollStiff,0.020597
Robotics (Pepper),Transformer Autoencoder,WheelsControl,35,LaserF01Y.1,0.020247
Robotics (Pepper),Transformer Autoencoder,WheelsControl,36,HeadYawStiff,0.020187
Robotics (Pepper),Transformer Autoencoder,WheelsControl,37,InfraRedL,0.019664
Robotics (Pepper),Transformer Autoencoder,WheelsControl,38,LaserF01X.1,0.019444
Robotics (Pepper),Transformer Autoencoder,WheelsControl,39,GyroscopeX,0.018820
Robotics (Pepper),Transformer Autoencoder,WheelsControl,40,LaserF06X,0.017088
Robotics (Pepper),Transformer Autoencoder,WheelsControl,41,LedEarR8,0.016966
Robotics (Pepper),Transformer Autoencoder,WheelsControl,42,LaserF06Y,0.016925
Robotics (Pepper),Transformer Autoencoder,WheelsControl,43,LaserR13X,0.016621
Robotics (Pepper),Transformer Autoencoder,WheelsControl,44,LShoulderPitch,0.015868
Robotics (Pepper),Transformer Autoencoder,WheelsControl,45,HeadPicth,0.015563
Robotics (Pepper),Transformer Autoencoder,WheelsControl,46,LaserF08X.1,0.015527
Robotics (Pepper),Transformer Autoencoder,WheelsControl,47,LaserL14X,0.015253
Robotics (Pepper),Transformer Autoencoder,WheelsControl,48,LaserF05X,0.015221
Robotics (Pepper),Transformer Autoencoder,WheelsControl,49,HipRollStiff,0.014278
Robotics (Pepper),Transformer Autoencoder,WheelsControl,50,LaserF11Y,0.014269
Robotics (Pepper),Transformer Autoencoder,WheelsControl,51,LedEarL8,0.013921
Robotics (Pepper),Transformer Autoencoder,WheelsControl,52,LaserR13Y,0.013872
Robotics (Pepper),Transformer Autoencoder,WheelsControl,53,LaserF05Y,0.013852
Robotics (Pepper),Transformer Autoencoder,WheelsControl,54,AnglesX,0.013704
Robotics (Pepper),Transformer Autoencoder,WheelsControl,55,LaserF10Y,0.013554
Robotics (Pepper),Transformer Autoencoder,WheelsControl,56,KneePicthStiff,0.013379
Robotics (Pepper),Transformer Autoencoder,WheelsControl,57,AnglesY,0.013333
Robotics (Pepper),Transformer Autoencoder,WheelsControl,58,LaserF10X,0.012866
Robotics (Pepper),Transformer Autoencoder,WheelsControl,59,LaserL14Y,0.012845
Robotics (Pepper),Transformer Autoencoder,WheelsControl,60,HipRoll,0.012782
Robotics (Pepper),Transformer Autoencoder,WheelsControl,61,LaserF12X,0.012750
Robotics (Pepper),Transformer Autoencoder,WheelsControl,62,LaserF08Y.1,0.012540
Robotics (Pepper),Transformer Autoencoder,WheelsControl,63,SonarF,0.012449
Robotics (Pepper),Transformer Autoencoder,WheelsControl,64,LaserF06Y.1,0.012075
Robotics (Pepper),Transformer Autoencoder,WheelsControl,65,LaserVeL01X,0.012030
Robotics (Pepper),Transformer Autoencoder,WheelsControl,66,LaserF02X.1,0.011860
Robotics (Pepper),Transformer Autoencoder,WheelsControl,67,LaserF12Y,0.011843
Robotics (Pepper),Transformer Autoencoder,WheelsControl,68,LaserF11X,0.011386
Robotics (Pepper),Transformer Autoencoder,WheelsControl,69,LaserF01X,0.011125
Robotics (Pepper),Transformer Autoencoder,WheelsControl,70,LaserF06X.1,0.011044
Robotics (Pepper),Transformer Autoencoder,WheelsControl,71,LaserF04Y,0.011007
Robotics (Pepper),Transformer Autoencoder,WheelsControl,72,LaserR10Y,0.010961
Robotics (Pepper),Transformer Autoencoder,WheelsControl,73,RElbowRoll,0.010671
Robotics (Pepper),Transformer Autoencoder,WheelsControl,74,HipPicthStiff,0.010605
Robotics (Pepper),Transformer Autoencoder,WheelsControl,75,LaserF03X,0.010403
Robotics (Pepper),Transformer Autoencoder,WheelsControl,76,LaserF07Y.1,0.010390
Robotics (Pepper),Transformer Autoencoder,WheelsControl,77,LaserF01Y,0.010281
Robotics (Pepper),Transformer Autoencoder,WheelsControl,78,LaserR03Y,0.010242
Robotics (Pepper),Transformer Autoencoder,WheelsControl,79,InfraRedR,0.010191
Robotics (Pepper),Transformer Autoencoder,WheelsControl,80,LaserF07X.1,0.010012
Robotics (Pepper),Transformer Autoencoder,WheelsControl,81,LElbowYaw,0.009963
Robotics (Pepper),Transformer Autoencoder,WheelsControl,82,LaserR11Y,0.009907
Robotics (Pepper),Transformer Autoencoder,WheelsControl,83,LaserF14X,0.009847
Robotics (Pepper),Transformer Autoencoder,WheelsControl,84,LaserF08Y,0.009667
Robotics (Pepper),Transformer Autoencoder,WheelsControl,85,LaserL15Y,0.009645
Robotics (Pepper),Transformer Autoencoder,WheelsControl,86,LaserF14Y,0.009513
Robotics (Pepper),Transformer Autoencoder,WheelsControl,87,LaserShovel02Y,0.009405
Robotics (Pepper),Transformer Autoencoder,WheelsControl,88,LaserF03Y,0.009372
Robotics (Pepper),Transformer Autoencoder,WheelsControl,89,LedEarL1,0.009352
Robotics (Pepper),Transformer Autoencoder,WheelsControl,90,LaserL10Y,0.009251
Robotics (Pepper),Transformer Autoencoder,WheelsControl,91,LaserF09X,0.009215
Robotics (Pepper),Transformer Autoencoder,WheelsControl,92,Rhand,0.009058
Robotics (Pepper),Transformer Autoencoder,WheelsControl,93,LaserR06X,0.008999
Robotics (Pepper),Transformer Autoencoder,WheelsControl,94,LedEarR1,0.008798
Robotics (Pepper),Transformer Autoencoder,WheelsControl,95,LElbowRollTemp,0.008786
Robotics (Pepper),Transformer Autoencoder,WheelsControl,96,LaserF02X,0.008764
Robotics (Pepper),Transformer Autoencoder,WheelsControl,97,LaserF04X,0.008680
Robotics (Pepper),Transformer Autoencoder,WheelsControl,98,LaserR08Y,0.008476
Robotics (Pepper),Transformer Autoencoder,WheelsControl,99,LaserF08X,0.008470
Robotics (Pepper),Transformer Autoencoder,WheelsControl,100,LaserF02Y.1,0.008368
Robotics (Pepper),Transformer Autoencoder,WheelsControl,101,LaserF07Y,0.008368
Robotics (Pepper),Transformer Autoencoder,WheelsControl,102,LaserR09X,0.008362
Robotics (Pepper),Transformer Autoencoder,WheelsControl,103,LaserF15Y,0.008358
Robotics (Pepper),Transformer Autoencoder,WheelsControl,104,LShoulderRoll,0.008322
Robotics (Pepper),Transformer Autoencoder,WheelsControl,105,LedEarL4,0.008285
Robotics (Pepper),Transformer Autoencoder,WheelsControl,106,LaserL15X,0.008268
Robotics (Pepper),Transformer Autoencoder,WheelsControl,107,LaserL10X,0.008175
Robotics (Pepper),Transformer Autoencoder,WheelsControl,108,LaserShovel03Y,0.008110
Robotics (Pepper),Transformer Autoencoder,WheelsControl,109,LaserR11X,0.008048
Robotics (Pepper),Transformer Autoencoder,WheelsControl,110,LaserF15X,0.007942
Robotics (Pepper),Transformer Autoencoder,WheelsControl,111,LaserR02X,0.007877
Robotics (Pepper),Transformer Autoencoder,WheelsControl,112,LaserR04Y,0.007823
Robotics (Pepper),Transformer Autoencoder,WheelsControl,113,LElbowYawTemp,0.007801
Robotics (Pepper),Transformer Autoencoder,WheelsControl,114,LaserShovel01X,0.007739
Robotics (Pepper),Transformer Autoencoder,WheelsControl,115,LedEarR9,0.007691
Robotics (Pepper),Transformer Autoencoder,WheelsControl,116,LWristYaw,0.007675
Robotics (Pepper),Transformer Autoencoder,WheelsControl,117,LaserR01Y,0.007653
Robotics (Pepper),Transformer Autoencoder,WheelsControl,118,LaserF09Y,0.007630
Robotics (Pepper),Transformer Autoencoder,WheelsControl,119,LedEarL7,0.007611
Robotics (Pepper),Transformer Autoencoder,WheelsControl,120,LaserF05X.1,0.007578
Robotics (Pepper),Transformer Autoencoder,WheelsControl,121,LaserR03X,0.007557
Robotics (Pepper),Transformer Autoencoder,WheelsControl,122,LedEarL9,0.007527
Robotics (Pepper),Transformer Autoencoder,WheelsControl,123,LedEarL5,0.007484
Robotics (Pepper),Transformer Autoencoder,WheelsControl,124,LaserF07X,0.007477
Robotics (Pepper),Transformer Autoencoder,WheelsControl,125,LaserF03Y.1,0.007467
Robotics (Pepper),Transformer Autoencoder,WheelsControl,126,LaserR09Y,0.007441
Robotics (Pepper),Transformer Autoencoder,WheelsControl,127,LaserF13X,0.007402
Robotics (Pepper),Transformer Autoencoder,WheelsControl,128,LaserR12Y,0.007399
Robotics (Pepper),Transformer Autoencoder,WheelsControl,129,LaserF09Y.1,0.007345
Robotics (Pepper),Transformer Autoencoder,WheelsControl,130,LaserR15Y,0.007286
Robotics (Pepper),Transformer Autoencoder,WheelsControl,131,LaserR01X,0.007234
Robotics (Pepper),Transformer Autoencoder,WheelsControl,132,LaserShovel02X,0.007167
Robotics (Pepper),Transformer Autoencoder,WheelsControl,133,LaserShovel03X,0.007151
Robotics (Pepper),Transformer Autoencoder,WheelsControl,134,LaserL12X,0.007133
Robotics (Pepper),Transformer Autoencoder,WheelsControl,135,LaserR10X,0.007103
Robotics (Pepper),Transformer Autoencoder,WheelsControl,136,LaserR12X,0.007072
Robotics (Pepper),Transformer Autoencoder,WheelsControl,137,LaserR02Y,0.007045
Robotics (Pepper),Transformer Autoencoder,WheelsControl,138,LaserF09X.1,0.006918
Robotics (Pepper),Transformer Autoencoder,WheelsControl,139,LaserShovel01Y,0.006860
Robotics (Pepper),Transformer Autoencoder,WheelsControl,140,LaserR07X,0.006693
Robotics (Pepper),Transformer Autoencoder,WheelsControl,141,LedEarR6,0.006692
Robotics (Pepper),Transformer Autoencoder,WheelsControl,142,LaserR07Y,0.006690
Robotics (Pepper),Transformer Autoencoder,WheelsControl,143,LaserF03X.1,0.006660
Robotics (Pepper),Transformer Autoencoder,WheelsControl,144,LaserF02Y,0.006581
Robotics (Pepper),Transformer Autoencoder,WheelsControl,145,LedEarR5,0.006578
Robotics (Pepper),Transformer Autoencoder,WheelsControl,146,LaserR05Y,0.006417
Robotics (Pepper),Transformer Autoencoder,WheelsControl,147,LedEarR4,0.006390
Robotics (Pepper),Transformer Autoencoder,WheelsControl,148,LaserR05X,0.006247
Robotics (Pepper),Transformer Autoencoder,WheelsControl,149,LedEarR10,0.006238
Robotics (Pepper),Transformer Autoencoder,WheelsControl,150,WheelFLTemp,0.006214
Robotics (Pepper),Transformer Autoencoder,WheelsControl,151,LaserR08X,0.006201
Robotics (Pepper),Transformer Autoencoder,WheelsControl,152,HeadPicthTemp,0.006158
Robotics (Pepper),Transformer Autoencoder,WheelsControl,153,LaserR15X,0.006153
Robotics (Pepper),Transformer Autoencoder,WheelsControl,154,LShoulderPitchTemp,0.006141
Robotics (Pepper),Transformer Autoencoder,WheelsControl,155,LedEarL6,0.006129
Robotics (Pepper),Transformer Autoencoder,WheelsControl,156,LaserF04Y.1,0.006112
Robotics (Pepper),Transformer Autoencoder,WheelsControl,157,LaserL13X,0.006096
Robotics (Pepper),Transformer Autoencoder,WheelsControl,158,LaserF05Y.1,0.006035
Robotics (Pepper),Transformer Autoencoder,WheelsControl,159,LaserR06Y,0.006017
Robotics (Pepper),Transformer Autoencoder,WheelsControl,160,LaserL12Y,0.005994
Robotics (Pepper),Transformer Autoencoder,WheelsControl,161,LedEarL2,0.005906
Robotics (Pepper),Transformer Autoencoder,WheelsControl,162,LedEarL10,0.005900
Robotics (Pepper),Transformer Autoencoder,WheelsControl,163,RShoulderRollTemp,0.005798
Robotics (Pepper),Transformer Autoencoder,WheelsControl,164,RElbowYawTemp,0.005740
Robotics (Pepper),Transformer Autoencoder,WheelsControl,165,LaserF13Y,0.005726
Robotics (Pepper),Transformer Autoencoder,WheelsControl,166,LedEarR2,0.005649
Robotics (Pepper),Transformer Autoencoder,WheelsControl,167,LaserL11X,0.005575
Robotics (Pepper),Transformer Autoencoder,WheelsControl,168,LedEarR7,0.005516
Robotics (Pepper),Transformer Autoencoder,WheelsControl,169,LShoulderRollTemp,0.005405
Robotics (Pepper),Transformer Autoencoder,WheelsControl,170,LHand,0.005342
Robotics (Pepper),Transformer Autoencoder,WheelsControl,171,LaserL13Y,0.005317
Robotics (Pepper),Transformer Autoencoder,WheelsControl,172,LaserR04X,0.005240
Robotics (Pepper),Transformer Autoencoder,WheelsControl,173,HipPicthTemp,0.005056
Robotics (Pepper),Transformer Autoencoder,WheelsControl,174,LaserF04X.1,0.004905
Robotics (Pepper),Transformer Autoencoder,WheelsControl,175,RWristYawTemp,0.004747
Robotics (Pepper),Transformer Autoencoder,WheelsControl,176,LaserL11Y,0.004469
Robotics (Pepper),Transformer Autoencoder,WheelsControl,177,WheelBTemp,0.004450
Robotics (Pepper),Transformer Autoencoder,WheelsControl,178,WheelFRTemp,0.004241
Robotics (Pepper),Transformer Autoencoder,WheelsControl,179,TabletTouchX,0.004016
Robotics (Pepper),Transformer Autoencoder,WheelsControl,180,TabletTouchY,0.003984
Robotics (Pepper),Transformer Autoencoder,WheelsControl,181,HeadYawTemp,0.003803
Robotics (Pepper),Transformer Autoencoder,WheelsControl,182,RhandStiff,0.003656
Robotics (Pepper),Transformer Autoencoder,WheelsControl,183,LElbowRoll,0.003625
Robotics (Pepper),Transformer Autoencoder,WheelsControl,184,WheelFRStiff,0.003514
Robotics (Pepper),Transformer Autoencoder,WheelsControl,185,WheelBStiff,0.003233
Robotics (Pepper),Transformer Autoencoder,WheelsControl,186,LHandStiff,0.003201
Robotics (Pepper),Transformer Autoencoder,WheelsControl,187,RhandTemp,0.003166
Robotics (Pepper),Transformer Autoencoder,WheelsControl,188,KneePicth,0.003122
Robotics (Pepper),Transformer Autoencoder,WheelsControl,189,RShoulderPitchTemp,0.003121
Robotics (Pepper),Transformer Autoencoder,WheelsControl,190,RElbowRollTemp,0.002983
Robotics (Pepper),Transformer Autoencoder,WheelsControl,191,HipRollTemp,0.002906
Robotics (Pepper),Transformer Autoencoder,WheelsControl,192,HipPicth,0.002721
Robotics (Pepper),Transformer Autoencoder,WheelsControl,193,LHandTemp,0.002622
Robotics (Pepper),Transformer Autoencoder,WheelsControl,194,KneePicthTemp,0.002536
Robotics (Pepper),Transformer Autoencoder,WheelsControl,195,LWristYawTemp,0.002534
Robotics (Pepper),Transformer Autoencoder,WheelsControl,196,LedShoulderB,0.000859
Robotics (Pepper),Transformer Autoencoder,WheelsControl,197,LedFaceGR8,0.000754
Robotics (Pepper),Transformer Autoencoder,WheelsControl,198,LedFaceGR5,0.000692
Robotics (Pepper),Transformer Autoencoder,WheelsControl,199,LedFaceBL3,0.000552
Robotics (Pepper),Transformer Autoencoder,WheelsControl,200,LedFaceRR2,0.000510
Robotics (Pepper),Transformer Autoencoder,WheelsControl,201,LedFaceRL5,0.000510
Robotics (Pepper),Transformer Autoencoder,WheelsControl,202,LedFaceBR4,0.000504
Robotics (Pepper),Transformer Autoencoder,WheelsControl,203,LedFaceRR6,0.000496
Robotics (Pepper),Transformer Autoencoder,WheelsControl,204,LedFaceRL4,0.000475
Robotics (Pepper),Transformer Autoencoder,WheelsControl,205,LedFaceGR1,0.000473
Robotics (Pepper),Transformer Autoencoder,WheelsControl,206,LedFaceGL2,0.000465
Robotics (Pepper),Transformer Autoencoder,WheelsControl,207,LedFaceRL3,0.000465
Robotics (Pepper),Transformer Autoencoder,WheelsControl,208,LedFaceBR3,0.000436
Robotics (Pepper),Transformer Autoencoder,WheelsControl,209,LedFaceGR3,0.000434
Robotics (Pepper),Transformer Autoencoder,WheelsControl,210,LedFaceGL7,0.000426
Robotics (Pepper),Transformer Autoencoder,WheelsControl,211,LedFaceRR5,0.000424
Robotics (Pepper),Transformer Autoencoder,WheelsControl,212,LedFaceGL3,0.000410
Robotics (Pepper),Transformer Autoencoder,WheelsControl,213,LedFaceRR8,0.000398
Robotics (Pepper),Transformer Autoencoder,WheelsControl,214,LedFaceRR4,0.000385
Robotics (Pepper),Transformer Autoencoder,WheelsControl,215,LedFaceRL2,0.000357
Robotics (Pepper),Transformer Autoencoder,WheelsControl,216,LedFaceBR6,0.000346
Robotics (Pepper),Transformer Autoencoder,WheelsControl,217,LedFaceGL8,0.000346
Robotics (Pepper),Transformer Autoencoder,WheelsControl,218,LedFaceGL5,0.000341
Robotics (Pepper),Transformer Autoencoder,WheelsControl,219,LedFaceGR6,0.000340
Robotics (Pepper),Transformer Autoencoder,WheelsControl,220,LedFaceBL5,0.000326
Robotics (Pepper),Transformer Autoencoder,WheelsControl,221,LedFaceGL1,0.000316
Robotics (Pepper),Transformer Autoencoder,WheelsControl,222,LedFaceGL4,0.000315
Robotics (Pepper),Transformer Autoencoder,WheelsControl,223,LedFaceBR2,0.000311
Robotics (Pepper),Transformer Autoencoder,WheelsControl,224,LedFaceRL7,0.000308
Robotics (Pepper),Transformer Autoencoder,WheelsControl,225,LedFaceGR2,0.000299
Robotics (Pepper),Transformer Autoencoder,WheelsControl,226,LedFaceBR5,0.000295
Robotics (Pepper),Transformer Autoencoder,WheelsControl,227,LedFaceBL8,0.000294
Robotics (Pepper),Transformer Autoencoder,WheelsControl,228,LedFaceRL6,0.000290
Robotics (Pepper),Transformer Autoencoder,WheelsControl,229,LedFaceGR4,0.000288
Robotics (Pepper),Transformer Autoencoder,WheelsControl,230,LedFaceRR1,0.000282
Robotics (Pepper),Transformer Autoencoder,WheelsControl,231,LedFaceRR7,0.000280
Robotics (Pepper),Transformer Autoencoder,WheelsControl,232,LedFaceRL1,0.000279
Robotics (Pepper),Transformer Autoencoder,WheelsControl,233,LedFaceBL6,0.000279
Robotics (Pepper),Transformer Autoencoder,WheelsControl,234,LedFaceBL4,0.000261
Robotics (Pepper),Transformer Autoencoder,WheelsControl,235,LedFaceBL2,0.000243
Robotics (Pepper),Transformer Autoencoder,WheelsControl,236,LedFaceBL1,0.000241
Robotics (Pepper),Transformer Autoencoder,WheelsControl,237,LedFaceBR1,0.000229
Robotics (Pepper),Transformer Autoencoder,WheelsControl,238,LedFaceRR3,0.000215
Robotics (Pepper),Transformer Autoencoder,WheelsControl,239,LedFaceGL6,0.000196
Robotics (Pepper),Transformer Autoencoder,WheelsControl,240,LedFaceBL7,0.000195
Robotics (Pepper),Transformer Autoencoder,WheelsControl,241,LedFaceGR7,0.000175
Robotics (Pepper),Transformer Autoencoder,WheelsControl,242,LedFaceBR8,0.000175
Robotics (Pepper),Transformer Autoencoder,WheelsControl,243,LedFaceBR7,0.000156
Robotics (Pepper),Transformer Autoencoder,WheelsControl,244,LedFaceRL8,0.000123
Robotics (Pepper),Transformer Autoencoder,JointControl,1,RShoulderPitch,0.218881
Robotics (Pepper),Transformer Autoencoder,JointControl,2,LShoulderPitch,0.102096
Robotics (Pepper),Transformer Autoencoder,JointControl,3,RShoulderRoll,0.052976
Robotics (Pepper),Transformer Autoencoder,JointControl,4,RWristYaw,0.040209
Robotics (Pepper),Transformer Autoencoder,JointControl,5,LHandStiff,0.030487
Robotics (Pepper),Transformer Autoencoder,JointControl,6,LaserF03X,0.020201
Robotics (Pepper),Transformer Autoencoder,JointControl,7,LShoulderPitchStiff,0.019248
Robotics (Pepper),Transformer Autoencoder,JointControl,8,LElbowYawStiff,0.018819
Robotics (Pepper),Transformer Autoencoder,JointControl,9,LaserF03Y,0.018154
Robotics (Pepper),Transformer Autoencoder,JointControl,10,LWristYawStiff,0.017776
Robotics (Pepper),Transformer Autoencoder,JointControl,11,LaserVeR01X,0.016847
Robotics (Pepper),Transformer Autoencoder,JointControl,12,RShoulderRollStiff,0.015432
Robotics (Pepper),Transformer Autoencoder,JointControl,13,SonarB,0.015162
Robotics (Pepper),Transformer Autoencoder,JointControl,14,LShoulderRoll,0.015017
Robotics (Pepper),Transformer Autoencoder,JointControl,15,HipRoll,0.013742
Robotics (Pepper),Transformer Autoencoder,JointControl,16,LaserVeR01Y,0.012989
Robotics (Pepper),Transformer Autoencoder,JointControl,17,RElbowRoll,0.012891
Robotics (Pepper),Transformer Autoencoder,JointControl,18,LShoulderRollStiff,0.012631
Robotics (Pepper),Transformer Autoencoder,JointControl,19,LElbowRollStiff,0.011901
Robotics (Pepper),Transformer Autoencoder,JointControl,20,InfraRedL,0.011587
Robotics (Pepper),Transformer Autoencoder,JointControl,21,RShoulderPitchStiff,0.010652
Robotics (Pepper),Transformer Autoencoder,JointControl,22,AnglesX,0.010269
Robotics (Pepper),Transformer Autoencoder,JointControl,23,Rhand,0.010163
Robotics (Pepper),Transformer Autoencoder,JointControl,24,RElbowYawStiff,0.009694
Robotics (Pepper),Transformer Autoencoder,JointControl,25,RhandStiff,0.008717
Robotics (Pepper),Transformer Autoencoder,JointControl,26,RElbowRollStiff,0.008273
Robotics (Pepper),Transformer Autoencoder,JointControl,27,LElbowRoll,0.007992
Robotics (Pepper),Transformer Autoencoder,JointControl,28,RElbowYaw,0.007621
Robotics (Pepper),Transformer Autoencoder,JointControl,29,LaserL15X,0.006876
Robotics (Pepper),Transformer Autoencoder,JointControl,30,LaserF05Y,0.006839
Robotics (Pepper),Transformer Autoencoder,JointControl,31,LaserL15Y,0.006685
Robotics (Pepper),Transformer Autoencoder,JointControl,32,HeadYaw,0.006632
Robotics (Pepper),Transformer Autoencoder,JointControl,33,LaserF05X,0.006497
Robotics (Pepper),Transformer Autoencoder,JointControl,34,RWristYawStiff,0.006382
Robotics (Pepper),Transformer Autoencoder,JointControl,35,AccelerometerX,0.006229
Robotics (Pepper),Transformer Autoencoder,JointControl,36,LHand,0.005664
Robotics (Pepper),Transformer Autoencoder,JointControl,37,LElbowRollTemp,0.005657
Robotics (Pepper),Transformer Autoencoder,JointControl,38,LaserF07Y,0.005371
Robotics (Pepper),Transformer Autoencoder,JointControl,39,LaserL14X,0.005324
Robotics (Pepper),Transformer Autoencoder,JointControl,40,InfraRedR,0.005087
Robotics (Pepper),Transformer Autoencoder,JointControl,41,LaserF11Y,0.004843
Robotics (Pepper),Transformer Autoencoder,JointControl,42,HipRollStiff,0.004737
Robotics (Pepper),Transformer Autoencoder,JointControl,43,LaserF04X,0.004732
Robotics (Pepper),Transformer Autoencoder,JointControl,44,LaserF07X,0.004730
Robotics (Pepper),Transformer Autoencoder,JointControl,45,LaserR01Y,0.004705
Robotics (Pepper),Transformer Autoencoder,JointControl,46,AccelerometerZ,0.004637
Robotics (Pepper),Transformer Autoencoder,JointControl,47,LaserL14Y,0.004532
Robotics (Pepper),Transformer Autoencoder,JointControl,48,LaserF01Y,0.004417
Robotics (Pepper),Transformer Autoencoder,JointControl,49,LElbowYawTemp,0.004401
Robotics (Pepper),Transformer Autoencoder,JointControl,50,AccelerometerY,0.004364
Robotics (Pepper),Transformer Autoencoder,JointControl,51,LaserF04Y,0.004251
Robotics (Pepper),Transformer Autoencoder,JointControl,52,LaserF06X,0.004231
Robotics (Pepper),Transformer Autoencoder,JointControl,53,LaserR01X,0.004221
Robotics (Pepper),Transformer Autoencoder,JointControl,54,LaserF06Y,0.004098
Robotics (Pepper),Transformer Autoencoder,JointControl,55,LaserF11X,0.004033
Robotics (Pepper),Transformer Autoencoder,JointControl,56,LElbowYaw,0.003989
Robotics (Pepper),Transformer Autoencoder,JointControl,57,LaserF02Y,0.003913
Robotics (Pepper),Transformer Autoencoder,JointControl,58,GyroscopeY,0.003868
Robotics (Pepper),Transformer Autoencoder,JointControl,59,LaserF02X,0.003804
Robotics (Pepper),Transformer Autoencoder,JointControl,60,LShoulderPitchTemp,0.003760
Robotics (Pepper),Transformer Autoencoder,JointControl,61,LaserF01X,0.003749
Robotics (Pepper),Transformer Autoencoder,JointControl,62,LaserVeL01Y,0.003594
Robotics (Pepper),Transformer Autoencoder,JointControl,63,LaserF14Y,0.003528
Robotics (Pepper),Transformer Autoencoder,JointControl,64,KneePicthStiff,0.003518
Robotics (Pepper),Transformer Autoencoder,JointControl,65,LaserF06Y.1,0.003480
Robotics (Pepper),Transformer Autoencoder,JointControl,66,LaserF15X,0.003343
Robotics (Pepper),Transformer Autoencoder,JointControl,67,LaserL13X,0.003338
Robotics (Pepper),Transformer Autoencoder,JointControl,68,LaserF06X.1,0.003276
Robotics (Pepper),Transformer Autoencoder,JointControl,69,LaserVeL01X,0.003224
Robotics (Pepper),Transformer Autoencoder,JointControl,70,SonarF,0.003182
Robotics (Pepper),Transformer Autoencoder,JointControl,71,LaserR07X,0.003112
Robotics (Pepper),Transformer Autoencoder,JointControl,72,LaserF08X,0.003069
Robotics (Pepper),Transformer Autoencoder,JointControl,73,HipPicthStiff,0.003013
Robotics (Pepper),Transformer Autoencoder,JointControl,74,LaserShovel03Y,0.002986
Robotics (Pepper),Transformer Autoencoder,JointControl,75,LaserF10Y,0.002896
Robotics (Pepper),Transformer Autoencoder,JointControl,76,LaserShovel01Y,0.002878
Robotics (Pepper),Transformer Autoencoder,JointControl,77,LaserF01Y.1,0.002854
Robotics (Pepper),Transformer Autoencoder,JointControl,78,LaserShovel03X,0.002836
Robotics (Pepper),Transformer Autoencoder,JointControl,79,LaserR15Y,0.002802
Robotics (Pepper),Transformer Autoencoder,JointControl,80,LaserShovel02Y,0.002752
Robotics (Pepper),Transformer Autoencoder,JointControl,81,AnglesY,0.002737
Robotics (Pepper),Transformer Autoencoder,JointControl,82,KneePicth,0.002734
Robotics (Pepper),Transformer Autoencoder,JointControl,83,LaserF14X,0.002722
Robotics (Pepper),Transformer Autoencoder,JointControl,84,LaserR15X,0.002703
Robotics (Pepper),Transformer Autoencoder,JointControl,85,HeadPicth,0.002695
Robotics (Pepper),Transformer Autoencoder,JointControl,86,LaserL13Y,0.002686
Robotics (Pepper),Transformer Autoencoder,JointControl,87,LaserF03Y.1,0.002677
Robotics (Pepper),Transformer Autoencoder,JointControl,88,LWristYaw,0.002676
Robotics (Pepper),Transformer Autoencoder,JointControl,89,HeadPicthTemp,0.002664
Robotics (Pepper),Transformer Autoencoder,JointControl,90,HeadPicthStiff,0.002659
Robotics (Pepper),Transformer Autoencoder,JointControl,91,AnglesZ,0.002658
Robotics (Pepper),Transformer Autoencoder,JointControl,92,LaserShovel01X,0.002654
Robotics (Pepper),Transformer Autoencoder,JointControl,93,LaserShovel02X,0.002652
Robotics (Pepper),Transformer Autoencoder,JointControl,94,LaserF10X,0.002607
Robotics (Pepper),Transformer Autoencoder,JointControl,95,LaserF05X.1,0.002585
Robotics (Pepper),Transformer Autoencoder,JointControl,96,LaserR07Y,0.002580
Robotics (Pepper),Transformer Autoencoder,JointControl,97,LaserF15Y,0.002563
Robotics (Pepper),Transformer Autoencoder,JointControl,98,LaserL11Y,0.002490
Robotics (Pepper),Transformer Autoencoder,JointControl,99,LaserF01X.1,0.002432
Robotics (Pepper),Transformer Autoencoder,JointControl,100,LaserF08Y,0.002410
Robotics (Pepper),Transformer Autoencoder,JointControl,101,LaserF05Y.1,0.002403
Robotics (Pepper),Transformer Autoencoder,JointControl,102,HeadYawStiff,0.002387
Robotics (Pepper),Transformer Autoencoder,JointControl,103,RElbowYawTemp,0.002364
Robotics (Pepper),Transformer Autoencoder,JointControl,104,GyroscopeZ,0.002362
Robotics (Pepper),Transformer Autoencoder,JointControl,105,LaserF04X.1,0.002327
Robotics (Pepper),Transformer Autoencoder,JointControl,106,LaserL11X,0.002320
Robotics (Pepper),Transformer Autoencoder,JointControl,107,LaserL12X,0.002312
Robotics (Pepper),Transformer Autoencoder,JointControl,108,LaserF12Y,0.002271
Robotics (Pepper),Transformer Autoencoder,JointControl,109,LaserF07Y.1,0.002261
Robotics (Pepper),Transformer Autoencoder,JointControl,110,LaserF12X,0.002244
Robotics (Pepper),Transformer Autoencoder,JointControl,111,LaserR09Y,0.002203
Robotics (Pepper),Transformer Autoencoder,JointControl,112,LaserF03X.1,0.002175
Robotics (Pepper),Transformer Autoencoder,JointControl,113,LedShoulderB,0.002167
Robotics (Pepper),Transformer Autoencoder,JointControl,114,HipPicthTemp,0.002121
Robotics (Pepper),Transformer Autoencoder,JointControl,115,GyroscopeX,0.002102
Robotics (Pepper),Transformer Autoencoder,JointControl,116,WheelBTemp,0.002102
Robotics (Pepper),Transformer Autoencoder,JointControl,117,LaserF04Y.1,0.002060
Robotics (Pepper),Transformer Autoencoder,JointControl,118,LaserR10Y,0.002004
Robotics (Pepper),Transformer Autoencoder,JointControl,119,LaserL12Y,0.001989
Robotics (Pepper),Transformer Autoencoder,JointControl,120,LaserF09Y,0.001953
Robotics (Pepper),Transformer Autoencoder,JointControl,121,LaserR06Y,0.001932
Robotics (Pepper),Transformer Autoencoder,JointControl,122,LaserL10X,0.001921
Robotics (Pepper),Transformer Autoencoder,JointControl,123,LaserR11Y,0.001921
Robotics (Pepper),Transformer Autoencoder,JointControl,124,LaserR09X,0.001906
Robotics (Pepper),Transformer Autoencoder,JointControl,125,RShoulderPitchTemp,0.001896
Robotics (Pepper),Transformer Autoencoder,JointControl,126,LaserF07X.1,0.001880
Robotics (Pepper),Transformer Autoencoder,JointControl,127,LaserF09X.1,0.001859
Robotics (Pepper),Transformer Autoencoder,JointControl,128,LaserR08Y,0.001853
Robotics (Pepper),Transformer Autoencoder,JointControl,129,WheelFRTemp,0.001845
Robotics (Pepper),Transformer Autoencoder,JointControl,130,TabletTouchX,0.001833
Robotics (Pepper),Transformer Autoencoder,JointControl,131,LaserR05Y,0.001816
Robotics (Pepper),Transformer Autoencoder,JointControl,132,LaserR06X,0.001794
Robotics (Pepper),Transformer Autoencoder,JointControl,133,LaserR02X,0.001784
Robotics (Pepper),Transformer Autoencoder,JointControl,134,WheelFRSpeed,0.001783
Robotics (Pepper),Transformer Autoencoder,JointControl,135,LaserR05X,0.001771
Robotics (Pepper),Transformer Autoencoder,JointControl,136,LaserR03X,0.001746
Robotics (Pepper),Transformer Autoencoder,JointControl,137,LaserR02Y,0.001741
Robotics (Pepper),Transformer Autoencoder,JointControl,138,LaserR12Y,0.001733
Robotics (Pepper),Transformer Autoencoder,JointControl,139,TabletTouchY,0.001719
Robotics (Pepper),Transformer Autoencoder,JointControl,140,LaserR13Y,0.001708
Robotics (Pepper),Transformer Autoencoder,JointControl,141,LaserL10Y,0.001683
Robotics (Pepper),Transformer Autoencoder,JointControl,142,LaserF13X,0.001669
Robotics (Pepper),Transformer Autoencoder,JointControl,143,WheelFRStiff,0.001666
Robotics (Pepper),Transformer Autoencoder,JointControl,144,LaserR10X,0.001618
Robotics (Pepper),Transformer Autoencoder,JointControl,145,LaserR11X,0.001612
Robotics (Pepper),Transformer Autoencoder,JointControl,146,LedEarL3,0.001603
Robotics (Pepper),Transformer Autoencoder,JointControl,147,LaserF08X.1,0.001595
Robotics (Pepper),Transformer Autoencoder,JointControl,148,WheelBStiff,0.001584
Robotics (Pepper),Transformer Autoencoder,JointControl,149,LaserF02Y.1,0.001574
Robotics (Pepper),Transformer Autoencoder,JointControl,150,WheelBSpeed,0.001574
Robotics (Pepper),Transformer Autoencoder,JointControl,151,LaserF02X.1,0.001562
Robotics (Pepper),Transformer Autoencoder,JointControl,152,LaserF09Y.1,0.001558
Robotics (Pepper),Transformer Autoencoder,JointControl,153,WheelFLSpeed,0.001557
Robotics (Pepper),Transformer Autoencoder,JointControl,154,LHandTemp,0.001535
Robotics (Pepper),Transformer Autoencoder,JointControl,155,LaserR03Y,0.001516
Robotics (Pepper),Transformer Autoencoder,JointControl,156,LShoulderRollTemp,0.001502
Robotics (Pepper),Transformer Autoencoder,JointControl,157,KneePicthTemp,0.001487
Robotics (Pepper),Transformer Autoencoder,JointControl,158,HeadYawTemp,0.001483
Robotics (Pepper),Transformer Autoencoder,JointControl,159,LaserR04X,0.001483
Robotics (Pepper),Transformer Autoencoder,JointControl,160,LaserR12X,0.001468
Robotics (Pepper),Transformer Autoencoder,JointControl,161,WheelFLTemp,0.001465
Robotics (Pepper),Transformer Autoencoder,JointControl,162,LaserR04Y,0.001452
Robotics (Pepper),Transformer Autoencoder,JointControl,163,LWristYawTemp,0.001446
Robotics (Pepper),Transformer Autoencoder,JointControl,164,LaserR08X,0.001411
Robotics (Pepper),Transformer Autoencoder,JointControl,165,LaserF13Y,0.001395
Robotics (Pepper),Transformer Autoencoder,JointControl,166,LaserF08Y.1,0.001384
Robotics (Pepper),Transformer Autoencoder,JointControl,167,HipPicth,0.001357
Robotics (Pepper),Transformer Autoencoder,JointControl,168,RShoulderRollTemp,0.001338
Robotics (Pepper),Transformer Autoencoder,JointControl,169,LaserR14Y,0.001337
Robotics (Pepper),Transformer Autoencoder,JointControl,170,HipRollTemp,0.001256
Robotics (Pepper),Transformer Autoencoder,JointControl,171,RElbowRollTemp,0.001231
Robotics (Pepper),Transformer Autoencoder,JointControl,172,LaserR13X,0.001213
Robotics (Pepper),Transformer Autoencoder,JointControl,173,RWristYawTemp,0.001203
Robotics (Pepper),Transformer Autoencoder,JointControl,174,LaserF09X,0.001198
Robotics (Pepper),Transformer Autoencoder,JointControl,175,LaserR14X,0.001164
Robotics (Pepper),Transformer Autoencoder,JointControl,176,RhandTemp,0.001143
Robotics (Pepper),Transformer Autoencoder,JointControl,177,WheelFLStiff,0.001095
Robotics (Pepper),Transformer Autoencoder,JointControl,178,LedEarR3,0.001089
Robotics (Pepper),Transformer Autoencoder,JointControl,179,LedEarR1,0.001042
Robotics (Pepper),Transformer Autoencoder,JointControl,180,LedEarL1,0.001015
Robotics (Pepper),Transformer Autoencoder,JointControl,181,LedEarR10,0.000989
Robotics (Pepper),Transformer Autoencoder,JointControl,182,LedEarR2,0.000892
Robotics (Pepper),Transformer Autoencoder,JointControl,183,LedEarL2,0.000865
Robotics (Pepper),Transformer Autoencoder,JointControl,184,LedEarL6,0.000838
Robotics (Pepper),Transformer Autoencoder,JointControl,185,LedEarR4,0.000803
Robotics (Pepper),Transformer Autoencoder,JointControl,186,LedEarR6,0.000734
Robotics (Pepper),Transformer Autoencoder,JointControl,187,LedEarL5,0.000687
Robotics (Pepper),Transformer Autoencoder,JointControl,188,LedEarR9,0.000681
Robotics (Pepper),Transformer Autoencoder,JointControl,189,LedEarL9,0.000681
Robotics (Pepper),Transformer Autoencoder,JointControl,190,LedEarL4,0.000669
Robotics (Pepper),Transformer Autoencoder,JointControl,191,LedEarR7,0.000620
Robotics (Pepper),Transformer Autoencoder,JointControl,192,LedEarR5,0.000601
Robotics (Pepper),Transformer Autoencoder,JointControl,193,LedEarL10,0.000556
Robotics (Pepper),Transformer Autoencoder,JointControl,194,LedEarL7,0.000548
Robotics (Pepper),Transformer Autoencoder,JointControl,195,LedEarL8,0.000526
Robotics (Pepper),Transformer Autoencoder,JointControl,196,LedEarR8,0.000385
Robotics (Pepper),Transformer Autoencoder,JointControl,197,LedFaceBL5,0.000064
Robotics (Pepper),Transformer Autoencoder,JointControl,198,LedFaceGR4,0.000053
Robotics (Pepper),Transformer Autoencoder,JointControl,199,LedFaceBR4,0.000051
Robotics (Pepper),Transformer Autoencoder,JointControl,200,LedFaceRL1,0.000046
Robotics (Pepper),Transformer Autoencoder,JointControl,201,LedFaceBL8,0.000045
Robotics (Pepper),Transformer Autoencoder,JointControl,202,LedFaceGR6,0.000044
Robotics (Pepper),Transformer Autoencoder,JointControl,203,LedFaceGR2,0.000042
Robotics (Pepper),Transformer Autoencoder,JointControl,204,LedFaceBL4,0.000042
Robotics (Pepper),Transformer Autoencoder,JointControl,205,LedFaceBR2,0.000040
Robotics (Pepper),Transformer Autoencoder,JointControl,206,LedFaceBL7,0.000038
Robotics (Pepper),Transformer Autoencoder,JointControl,207,LedFaceGL8,0.000038
Robotics (Pepper),Transformer Autoencoder,JointControl,208,LedFaceGL7,0.000038
Robotics (Pepper),Transformer Autoencoder,JointControl,209,LedFaceBR5,0.000038
Robotics (Pepper),Transformer Autoencoder,JointControl,210,LedFaceBL6,0.000036
Robotics (Pepper),Transformer Autoencoder,JointControl,211,LedFaceRR6,0.000035
Robotics (Pepper),Transformer Autoencoder,JointControl,212,LedFaceGL5,0.000035
Robotics (Pepper),Transformer Autoencoder,JointControl,213,LedFaceGL4,0.000035
Robotics (Pepper),Transformer Autoencoder,JointControl,214,LedFaceRR8,0.000035
Robotics (Pepper),Transformer Autoencoder,JointControl,215,LedFaceRR2,0.000034
Robotics (Pepper),Transformer Autoencoder,JointControl,216,LedFaceRL4,0.000033
Robotics (Pepper),Transformer Autoencoder,JointControl,217,LedFaceBR3,0.000033
Robotics (Pepper),Transformer Autoencoder,JointControl,218,LedFaceRL2,0.000032
Robotics (Pepper),Transformer Autoencoder,JointControl,219,LedFaceGR8,0.000031
Robotics (Pepper),Transformer Autoencoder,JointControl,220,LedFaceGL1,0.000030
Robotics (Pepper),Transformer Autoencoder,JointControl,221,LedFaceGR7,0.000030
Robotics (Pepper),Transformer Autoencoder,JointControl,222,LedFaceRL5,0.000029
Robotics (Pepper),Transformer Autoencoder,JointControl,223,LedFaceRR4,0.000029
Robotics (Pepper),Transformer Autoencoder,JointControl,224,LedFaceRR3,0.000028
Robotics (Pepper),Transformer Autoencoder,JointControl,225,LedFaceGR5,0.000027
Robotics (Pepper),Transformer Autoencoder,JointControl,226,LedFaceRR5,0.000027
Robotics (Pepper),Transformer Autoencoder,JointControl,227,LedFaceBL1,0.000027
Robotics (Pepper),Transformer Autoencoder,JointControl,228,LedFaceRR7,0.000027
Robotics (Pepper),Transformer Autoencoder,JointControl,229,LedFaceRL6,0.000026
Robotics (Pepper),Transformer Autoencoder,JointControl,230,LedFaceGL3,0.000026
Robotics (Pepper),Transformer Autoencoder,JointControl,231,LedFaceRL3,0.000025
Robotics (Pepper),Transformer Autoencoder,JointControl,232,LedFaceBR8,0.000024
Robotics (Pepper),Transformer Autoencoder,JointControl,233,LedFaceRL8,0.000023
Robotics (Pepper),Transformer Autoencoder,JointControl,234,LedFaceRL7,0.000023
Robotics (Pepper),Transformer Autoencoder,JointControl,235,LedFaceBR7,0.000022
Robotics (Pepper),Transformer Autoencoder,JointControl,236,LedFaceGL2,0.000022
Robotics (Pepper),Transformer Autoencoder,JointControl,237,LedFaceRR1,0.000021
Robotics (Pepper),Transformer Autoencoder,JointControl,238,LedFaceBL2,0.000020
Robotics (Pepper),Transformer Autoencoder,JointControl,239,LedFaceGR3,0.000020
Robotics (Pepper),Transformer Autoencoder,JointControl,240,LedFaceBL3,0.000020
Robotics (Pepper),Transformer Autoencoder,JointControl,241,LedFaceGR1,0.000018
Robotics (Pepper),Transformer Autoencoder,JointControl,242,LedFaceBR6,0.000016
Robotics (Pepper),Transformer Autoencoder,JointControl,243,LedFaceBR1,0.000015
Robotics (Pepper),Transformer Autoencoder,JointControl,244,LedFaceGL6,0.000015
Robotics (Pepper),Transformer Autoencoder,LedsControl,1,TabletTouchX,0.285096
Robotics (Pepper),Transformer Autoencoder,LedsControl,2,LedFaceBR5,0.157725
Robotics (Pepper),Transformer Autoencoder,LedsControl,3,LedFaceBL4,0.150252
Robotics (Pepper),Transformer Autoencoder,LedsControl,4,LedEarR3,0.123251
Robotics (Pepper),Transformer Autoencoder,LedsControl,5,LedFaceBL3,0.122464
Robotics (Pepper),Transformer Autoencoder,LedsControl,6,TabletTouchY,0.118591
Robotics (Pepper),Transformer Autoencoder,LedsControl,7,LedFaceBR7,0.117675
Robotics (Pepper),Transformer Autoencoder,LedsControl,8,LedFaceBL2,0.113819
Robotics (Pepper),Transformer Autoencoder,LedsControl,9,LedEarL8,0.112404
Robotics (Pepper),Transformer Autoencoder,LedsControl,10,LedFaceBR4,0.109639
Robotics (Pepper),Transformer Autoencoder,LedsControl,11,LedEarL3,0.108330
Robotics (Pepper),Transformer Autoencoder,LedsControl,12,LedEarR8,0.105590
Robotics (Pepper),Transformer Autoencoder,LedsControl,13,LedFaceBL5,0.095227
Robotics (Pepper),Transformer Autoencoder,LedsControl,14,HipPicth,0.091512
Robotics (Pepper),Transformer Autoencoder,LedsControl,15,LedFaceBR6,0.088485
Robotics (Pepper),Transformer Autoencoder,LedsControl,16,LedFaceBR2,0.086629
Robotics (Pepper),Transformer Autoencoder,LedsControl,17,RShoulderPitch,0.083279
Robotics (Pepper),Transformer Autoencoder,LedsControl,18,LedFaceGL4,0.079668
Robotics (Pepper),Transformer Autoencoder,LedsControl,19,LedFaceBR8,0.078740
Robotics (Pepper),Transformer Autoencoder,LedsControl,20,LedFaceBL1,0.075721
Robotics (Pepper),Transformer Autoencoder,LedsControl,21,LedFaceGR6,0.075605
Robotics (Pepper),Transformer Autoencoder,LedsControl,22,LedFaceBR3,0.075056
Robotics (Pepper),Transformer Autoencoder,LedsControl,23,LedFaceBL6,0.072405
Robotics (Pepper),Transformer Autoencoder,LedsControl,24,LedFaceBL7,0.069570
Robotics (Pepper),Transformer Autoencoder,LedsControl,25,KneePicth,0.068634
Robotics (Pepper),Transformer Autoencoder,LedsControl,26,RElbowYaw,0.068466
Robotics (Pepper),Transformer Autoencoder,LedsControl,27,LedFaceGL5,0.066102
Robotics (Pepper),Transformer Autoencoder,LedsControl,28,LedFaceGR5,0.064186
Robotics (Pepper),Transformer Autoencoder,LedsControl,29,LedFaceRL6,0.063249
Robotics (Pepper),Transformer Autoencoder,LedsControl,30,LedFaceGL1,0.061941
Robotics (Pepper),Transformer Autoencoder,LedsControl,31,LedFaceBL8,0.061828
Robotics (Pepper),Transformer Autoencoder,LedsControl,32,LedFaceGL8,0.061696
Robotics (Pepper),Transformer Autoencoder,LedsControl,33,LedFaceGR1,0.060928
Robotics (Pepper),Transformer Autoencoder,LedsControl,34,LedFaceGR7,0.060637
Robotics (Pepper),Transformer Autoencoder,LedsControl,35,LedEarL1,0.057970
Robotics (Pepper),Transformer Autoencoder,LedsControl,36,LedFaceGL3,0.057901
Robotics (Pepper),Transformer Autoencoder,LedsControl,37,LedFaceBR1,0.057255
Robotics (Pepper),Transformer Autoencoder,LedsControl,38,LedEarR1,0.056855
Robotics (Pepper),Transformer Autoencoder,LedsControl,39,LedFaceRR6,0.056152
Robotics (Pepper),Transformer Autoencoder,LedsControl,40,LedFaceGL7,0.055661
Robotics (Pepper),Transformer Autoencoder,LedsControl,41,LedFaceRL2,0.053157
Robotics (Pepper),Transformer Autoencoder,LedsControl,42,LedEarR10,0.053143
Robotics (Pepper),Transformer Autoencoder,LedsControl,43,LedShoulderB,0.052696
Robotics (Pepper),Transformer Autoencoder,LedsControl,44,LedFaceGL2,0.050663
Robotics (Pepper),Transformer Autoencoder,LedsControl,45,HeadPicth,0.047868
Robotics (Pepper),Transformer Autoencoder,LedsControl,46,RWristYawStiff,0.047843
Robotics (Pepper),Transformer Autoencoder,LedsControl,47,LedEarL9,0.047042
Robotics (Pepper),Transformer Autoencoder,LedsControl,48,LedFaceRR1,0.045985
Robotics (Pepper),Transformer Autoencoder,LedsControl,49,LedFaceRR2,0.045682
Robotics (Pepper),Transformer Autoencoder,LedsControl,50,LedEarL7,0.045654
Robotics (Pepper),Transformer Autoencoder,LedsControl,51,LedFaceRR5,0.045540
Robotics (Pepper),Transformer Autoencoder,LedsControl,52,LedFaceGR8,0.045403
Robotics (Pepper),Transformer Autoencoder,LedsControl,53,LedFaceGR3,0.044483
Robotics (Pepper),Transformer Autoencoder,LedsControl,54,LedEarL5,0.044482
Robotics (Pepper),Transformer Autoencoder,LedsControl,55,LedFaceRL1,0.044285
Robotics (Pepper),Transformer Autoencoder,LedsControl,56,LedFaceGR2,0.044079
Robotics (Pepper),Transformer Autoencoder,LedsControl,57,LedFaceGR4,0.043509
Robotics (Pepper),Transformer Autoencoder,LedsControl,58,LedEarL2,0.042872
Robotics (Pepper),Transformer Autoencoder,LedsControl,59,HipRoll,0.042671
Robotics (Pepper),Transformer Autoencoder,LedsControl,60,LedEarL4,0.042508
Robotics (Pepper),Transformer Autoencoder,LedsControl,61,LedFaceRL4,0.041521
Robotics (Pepper),Transformer Autoencoder,LedsControl,62,LedEarR4,0.040996
Robotics (Pepper),Transformer Autoencoder,LedsControl,63,RShoulderRollStiff,0.040732
Robotics (Pepper),Transformer Autoencoder,LedsControl,64,LedFaceRR4,0.040455
Robotics (Pepper),Transformer Autoencoder,LedsControl,65,RWristYaw,0.040315
Robotics (Pepper),Transformer Autoencoder,LedsControl,66,LedEarR7,0.039291
Robotics (Pepper),Transformer Autoencoder,LedsControl,67,LedEarR9,0.039158
Robotics (Pepper),Transformer Autoencoder,LedsControl,68,LedFaceRL5,0.038438
Robotics (Pepper),Transformer Autoencoder,LedsControl,69,LedEarR2,0.038340
Robotics (Pepper),Transformer Autoencoder,LedsControl,70,LShoulderPitch,0.036645
Robotics (Pepper),Transformer Autoencoder,LedsControl,71,LedFaceRL7,0.036029
Robotics (Pepper),Transformer Autoencoder,LedsControl,72,LedFaceRL3,0.035901
Robotics (Pepper),Transformer Autoencoder,LedsControl,73,LedEarR6,0.035715
Robotics (Pepper),Transformer Autoencoder,LedsControl,74,LedEarR5,0.035705
Robotics (Pepper),Transformer Autoencoder,LedsControl,75,LedEarL6,0.034850
Robotics (Pepper),Transformer Autoencoder,LedsControl,76,RElbowRoll,0.034033
Robotics (Pepper),Transformer Autoencoder,LedsControl,77,LedFaceRL8,0.034007
Robotics (Pepper),Transformer Autoencoder,LedsControl,78,LedFaceRR8,0.033349
Robotics (Pepper),Transformer Autoencoder,LedsControl,79,LedEarL10,0.033097
Robotics (Pepper),Transformer Autoencoder,LedsControl,80,LedFaceRR7,0.032707
Robotics (Pepper),Transformer Autoencoder,LedsControl,81,LaserR13X,0.032588
Robotics (Pepper),Transformer Autoencoder,LedsControl,82,InfraRedL,0.029719
Robotics (Pepper),Transformer Autoencoder,LedsControl,83,HipRollStiff,0.029120
Robotics (Pepper),Transformer Autoencoder,LedsControl,84,LaserF10Y,0.027810
Robotics (Pepper),Transformer Autoencoder,LedsControl,85,LaserR13Y,0.026915
Robotics (Pepper),Transformer Autoencoder,LedsControl,86,HeadPicthStiff,0.026371
Robotics (Pepper),Transformer Autoencoder,LedsControl,87,SonarB,0.026254
Robotics (Pepper),Transformer Autoencoder,LedsControl,88,AccelerometerX,0.025464
Robotics (Pepper),Transformer Autoencoder,LedsControl,89,LaserF05X,0.025428
Robotics (Pepper),Transformer Autoencoder,LedsControl,90,LaserF10X,0.024689
Robotics (Pepper),Transformer Autoencoder,LedsControl,91,RShoulderPitchStiff,0.024635
Robotics (Pepper),Transformer Autoencoder,LedsControl,92,LaserF12X,0.024171
Robotics (Pepper),Transformer Autoencoder,LedsControl,93,LaserF11Y,0.024124
Robotics (Pepper),Transformer Autoencoder,LedsControl,94,LHandStiff,0.024114
Robotics (Pepper),Transformer Autoencoder,LedsControl,95,RShoulderRoll,0.023796
Robotics (Pepper),Transformer Autoencoder,LedsControl,96,LedFaceGL6,0.023569
Robotics (Pepper),Transformer Autoencoder,LedsControl,97,WheelFLStiff,0.023147
Robotics (Pepper),Transformer Autoencoder,LedsControl,98,LaserF05Y,0.023132
Robotics (Pepper),Transformer Autoencoder,LedsControl,99,AccelerometerZ,0.023110
Robotics (Pepper),Transformer Autoencoder,LedsControl,100,LedFaceRR3,0.023109
Robotics (Pepper),Transformer Autoencoder,LedsControl,101,LaserF06Y.1,0.022935
Robotics (Pepper),Transformer Autoencoder,LedsControl,102,RElbowYawStiff,0.022915
Robotics (Pepper),Transformer Autoencoder,LedsControl,103,LaserF11X,0.022296
Robotics (Pepper),Transformer Autoencoder,LedsControl,104,RElbowRollStiff,0.021591
Robotics (Pepper),Transformer Autoencoder,LedsControl,105,LaserF12Y,0.021492
Robotics (Pepper),Transformer Autoencoder,LedsControl,106,HeadYaw,0.021468
Robotics (Pepper),Transformer Autoencoder,LedsControl,107,AnglesX,0.021342
Robotics (Pepper),Transformer Autoencoder,LedsControl,108,GyroscopeY,0.020355
Robotics (Pepper),Transformer Autoencoder,LedsControl,109,RhandStiff,0.019607
Robotics (Pepper),Transformer Autoencoder,LedsControl,110,LaserF06X,0.019515
Robotics (Pepper),Transformer Autoencoder,LedsControl,111,LElbowYawStiff,0.019374
Robotics (Pepper),Transformer Autoencoder,LedsControl,112,AccelerometerY,0.019015
Robotics (Pepper),Transformer Autoencoder,LedsControl,113,LElbowYaw,0.018544
Robotics (Pepper),Transformer Autoencoder,LedsControl,114,LaserF06X.1,0.018460
Robotics (Pepper),Transformer Autoencoder,LedsControl,115,LaserL14X,0.018259
Robotics (Pepper),Transformer Autoencoder,LedsControl,116,GyroscopeX,0.017109
Robotics (Pepper),Transformer Autoencoder,LedsControl,117,KneePicthStiff,0.017087
Robotics (Pepper),Transformer Autoencoder,LedsControl,118,LaserF06Y,0.016694
Robotics (Pepper),Transformer Autoencoder,LedsControl,119,LWristYawStiff,0.016537
Robotics (Pepper),Transformer Autoencoder,LedsControl,120,Rhand,0.016504
Robotics (Pepper),Transformer Autoencoder,LedsControl,121,LaserF13Y,0.016344
Robotics (Pepper),Transformer Autoencoder,LedsControl,122,HipPicthStiff,0.016335
Robotics (Pepper),Transformer Autoencoder,LedsControl,123,WheelFRSpeed,0.016290
Robotics (Pepper),Transformer Autoencoder,LedsControl,124,LaserF13X,0.016117
Robotics (Pepper),Transformer Autoencoder,LedsControl,125,LaserVeR01X,0.016107
Robotics (Pepper),Transformer Autoencoder,LedsControl,126,LaserF01Y,0.015913
Robotics (Pepper),Transformer Autoencoder,LedsControl,127,LaserF08X,0.015767
Robotics (Pepper),Transformer Autoencoder,LedsControl,128,LShoulderRollStiff,0.015716
Robotics (Pepper),Transformer Autoencoder,LedsControl,129,LaserF01X,0.015707
Robotics (Pepper),Transformer Autoencoder,LedsControl,130,InfraRedR,0.015315
Robotics (Pepper),Transformer Autoencoder,LedsControl,131,WheelFLSpeed,0.014618
Robotics (Pepper),Transformer Autoencoder,LedsControl,132,HeadYawStiff,0.014440
Robotics (Pepper),Transformer Autoencoder,LedsControl,133,GyroscopeZ,0.014423
Robotics (Pepper),Transformer Autoencoder,LedsControl,134,LaserR14Y,0.014192
Robotics (Pepper),Transformer Autoencoder,LedsControl,135,WheelBSpeed,0.014134
Robotics (Pepper),Transformer Autoencoder,LedsControl,136,LaserR01X,0.014103
Robotics (Pepper),Transformer Autoencoder,LedsControl,137,LaserF05Y.1,0.013946
Robotics (Pepper),Transformer Autoencoder,LedsControl,138,LElbowRoll,0.013730
Robotics (Pepper),Transformer Autoencoder,LedsControl,139,LaserF07X.1,0.013582
Robotics (Pepper),Transformer Autoencoder,LedsControl,140,LaserF04Y.1,0.013125
Robotics (Pepper),Transformer Autoencoder,LedsControl,141,LaserShovel01X,0.013124
Robotics (Pepper),Transformer Autoencoder,LedsControl,142,LaserF05X.1,0.012995
Robotics (Pepper),Transformer Autoencoder,LedsControl,143,LaserVeR01Y,0.012892
Robotics (Pepper),Transformer Autoencoder,LedsControl,144,LaserF08Y,0.012803
Robotics (Pepper),Transformer Autoencoder,LedsControl,145,LElbowYawTemp,0.012757
Robotics (Pepper),Transformer Autoencoder,LedsControl,146,LaserF08X.1,0.012724
Robotics (Pepper),Transformer Autoencoder,LedsControl,147,LHand,0.012572
Robotics (Pepper),Transformer Autoencoder,LedsControl,148,LaserL15X,0.012398
Robotics (Pepper),Transformer Autoencoder,LedsControl,149,LaserR01Y,0.012367
Robotics (Pepper),Transformer Autoencoder,LedsControl,150,LaserF07Y.1,0.012217
Robotics (Pepper),Transformer Autoencoder,LedsControl,151,LaserF14Y,0.012135
Robotics (Pepper),Transformer Autoencoder,LedsControl,152,LaserF09Y,0.011934
Robotics (Pepper),Transformer Autoencoder,LedsControl,153,AnglesZ,0.011915
Robotics (Pepper),Transformer Autoencoder,LedsControl,154,LaserF14X,0.011899
Robotics (Pepper),Transformer Autoencoder,LedsControl,155,LaserF01X.1,0.011722
Robotics (Pepper),Transformer Autoencoder,LedsControl,156,LaserL14Y,0.011651
Robotics (Pepper),Transformer Autoencoder,LedsControl,157,LaserF02Y,0.011613
Robotics (Pepper),Transformer Autoencoder,LedsControl,158,LaserF04Y,0.011404
Robotics (Pepper),Transformer Autoencoder,LedsControl,159,LaserL13Y,0.011378
Robotics (Pepper),Transformer Autoencoder,LedsControl,160,LShoulderPitchStiff,0.011171
Robotics (Pepper),Transformer Autoencoder,LedsControl,161,LaserR04Y,0.010990
Robotics (Pepper),Transformer Autoencoder,LedsControl,162,LaserF09X,0.010925
Robotics (Pepper),Transformer Autoencoder,LedsControl,163,LaserR04X,0.010871
Robotics (Pepper),Transformer Autoencoder,LedsControl,164,LaserF04X,0.010836
Robotics (Pepper),Transformer Autoencoder,LedsControl,165,LaserF04X.1,0.010833
Robotics (Pepper),Transformer Autoencoder,LedsControl,166,LaserVeL01Y,0.010796
Robotics (Pepper),Transformer Autoencoder,LedsControl,167,LaserF03Y,0.010737
Robotics (Pepper),Transformer Autoencoder,LedsControl,168,LaserR14X,0.010469
Robotics (Pepper),Transformer Autoencoder,LedsControl,169,LaserF09X.1,0.010442
Robotics (Pepper),Transformer Autoencoder,LedsControl,170,LaserR03Y,0.010387
Robotics (Pepper),Transformer Autoencoder,LedsControl,171,LaserL15Y,0.010341
Robotics (Pepper),Transformer Autoencoder,LedsControl,172,LaserR05Y,0.010321
Robotics (Pepper),Transformer Autoencoder,LedsControl,173,LaserF03X,0.010288
Robotics (Pepper),Transformer Autoencoder,LedsControl,174,LaserF01Y.1,0.010195
Robotics (Pepper),Transformer Autoencoder,LedsControl,175,WheelFRTemp,0.010181
Robotics (Pepper),Transformer Autoencoder,LedsControl,176,LaserF03Y.1,0.010108
Robotics (Pepper),Transformer Autoencoder,LedsControl,177,LaserF07Y,0.009956
Robotics (Pepper),Transformer Autoencoder,LedsControl,178,LaserF02Y.1,0.009915
Robotics (Pepper),Transformer Autoencoder,LedsControl,179,LWristYaw,0.009800
Robotics (Pepper),Transformer Autoencoder,LedsControl,180,LaserL12Y,0.009726
Robotics (Pepper),Transformer Autoencoder,LedsControl,181,LaserR05X,0.009722
Robotics (Pepper),Transformer Autoencoder,LedsControl,182,LaserF15X,0.009640
Robotics (Pepper),Transformer Autoencoder,LedsControl,183,LaserL13X,0.009523
Robotics (Pepper),Transformer Autoencoder,LedsControl,184,LaserF03X.1,0.009476
Robotics (Pepper),Transformer Autoencoder,LedsControl,185,LaserF07X,0.009437
Robotics (Pepper),Transformer Autoencoder,LedsControl,186,LaserF02X.1,0.009413
Robotics (Pepper),Transformer Autoencoder,LedsControl,187,LaserR06X,0.009320
Robotics (Pepper),Transformer Autoencoder,LedsControl,188,LaserR02Y,0.009264
Robotics (Pepper),Transformer Autoencoder,LedsControl,189,LShoulderRoll,0.009221
Robotics (Pepper),Transformer Autoencoder,LedsControl,190,SonarF,0.009166
Robotics (Pepper),Transformer Autoencoder,LedsControl,191,LaserR15Y,0.009145
Robotics (Pepper),Transformer Autoencoder,LedsControl,192,LaserR03X,0.009145
Robotics (Pepper),Transformer Autoencoder,LedsControl,193,LaserF02X,0.009086
Robotics (Pepper),Transformer Autoencoder,LedsControl,194,LElbowRollTemp,0.009005
Robotics (Pepper),Transformer Autoencoder,LedsControl,195,HeadPicthTemp,0.008717
Robotics (Pepper),Transformer Autoencoder,LedsControl,196,LaserF09Y.1,0.008693
Robotics (Pepper),Transformer Autoencoder,LedsControl,197,LaserR02X,0.008496
Robotics (Pepper),Transformer Autoencoder,LedsControl,198,LaserF08Y.1,0.008458
Robotics (Pepper),Transformer Autoencoder,LedsControl,199,LaserF15Y,0.008264
Robotics (Pepper),Transformer Autoencoder,LedsControl,200,LaserVeL01X,0.008258
Robotics (Pepper),Transformer Autoencoder,LedsControl,201,LaserR11Y,0.008230
Robotics (Pepper),Transformer Autoencoder,LedsControl,202,RWristYawTemp,0.008110
Robotics (Pepper),Transformer Autoencoder,LedsControl,203,LaserR06Y,0.008087
Robotics (Pepper),Transformer Autoencoder,LedsControl,204,LaserR15X,0.008060
Robotics (Pepper),Transformer Autoencoder,LedsControl,205,RElbowYawTemp,0.007998
Robotics (Pepper),Transformer Autoencoder,LedsControl,206,LaserR10Y,0.007970
Robotics (Pepper),Transformer Autoencoder,LedsControl,207,RShoulderRollTemp,0.007941
Robotics (Pepper),Transformer Autoencoder,LedsControl,208,LaserR12X,0.007921
Robotics (Pepper),Transformer Autoencoder,LedsControl,209,LaserL12X,0.007825
Robotics (Pepper),Transformer Autoencoder,LedsControl,210,WheelFRStiff,0.007798
Robotics (Pepper),Transformer Autoencoder,LedsControl,211,LaserShovel02Y,0.007774
Robotics (Pepper),Transformer Autoencoder,LedsControl,212,LaserR12Y,0.007749
Robotics (Pepper),Transformer Autoencoder,LedsControl,213,LElbowRollStiff,0.007723
Robotics (Pepper),Transformer Autoencoder,LedsControl,214,LShoulderPitchTemp,0.007715
Robotics (Pepper),Transformer Autoencoder,LedsControl,215,LaserR08X,0.007614
Robotics (Pepper),Transformer Autoencoder,LedsControl,216,LaserR08Y,0.007608
Robotics (Pepper),Transformer Autoencoder,LedsControl,217,LaserL10Y,0.007404
Robotics (Pepper),Transformer Autoencoder,LedsControl,218,LaserShovel02X,0.007395
Robotics (Pepper),Transformer Autoencoder,LedsControl,219,LaserR09X,0.007329
Robotics (Pepper),Transformer Autoencoder,LedsControl,220,LaserShovel03Y,0.007327
Robotics (Pepper),Transformer Autoencoder,LedsControl,221,LaserR07Y,0.007157
Robotics (Pepper),Transformer Autoencoder,LedsControl,222,LaserR11X,0.007126
Robotics (Pepper),Transformer Autoencoder,LedsControl,223,RhandTemp,0.007010
Robotics (Pepper),Transformer Autoencoder,LedsControl,224,RShoulderPitchTemp,0.006990
Robotics (Pepper),Transformer Autoencoder,LedsControl,225,LaserR10X,0.006959
Robotics (Pepper),Transformer Autoencoder,LedsControl,226,LaserL11Y,0.006861
Robotics (Pepper),Transformer Autoencoder,LedsControl,227,HipPicthTemp,0.006762
Robotics (Pepper),Transformer Autoencoder,LedsControl,228,RElbowRollTemp,0.006662
Robotics (Pepper),Transformer Autoencoder,LedsControl,229,LaserR09Y,0.006635
Robotics (Pepper),Transformer Autoencoder,LedsControl,230,LaserL10X,0.006596
Robotics (Pepper),Transformer Autoencoder,LedsControl,231,LaserL11X,0.006590
Robotics (Pepper),Transformer Autoencoder,LedsControl,232,LaserR07X,0.006490
Robotics (Pepper),Transformer Autoencoder,LedsControl,233,LHandTemp,0.006443
Robotics (Pepper),Transformer Autoencoder,LedsControl,234,AnglesY,0.006340
Robotics (Pepper),Transformer Autoencoder,LedsControl,235,LWristYawTemp,0.006131
Robotics (Pepper),Transformer Autoencoder,LedsControl,236,LShoulderRollTemp,0.006042
Robotics (Pepper),Transformer Autoencoder,LedsControl,237,WheelFLTemp,0.006008
Robotics (Pepper),Transformer Autoencoder,LedsControl,238,LaserShovel03X,0.005937
Robotics (Pepper),Transformer Autoencoder,LedsControl,239,WheelBTemp,0.005895
Robotics (Pepper),Transformer Autoencoder,LedsControl,240,HipRollTemp,0.005861
Robotics (Pepper),Transformer Autoencoder,LedsControl,241,WheelBStiff,0.005700
Robotics (Pepper),Transformer Autoencoder,LedsControl,242,LaserShovel01Y,0.005684
Robotics (Pepper),Transformer Autoencoder,LedsControl,243,KneePicthTemp,0.005220
Robotics (Pepper),Transformer Autoencoder,LedsControl,244,HeadYawTemp,0.004973
Healthcare (PTB-XL),LSTM Autoencoder,Attack_1,1,III,0.313337
Healthcare (PTB-XL),LSTM Autoencoder,Attack_1,2,AVL,0.290750
Healthcare (PTB-XL),LSTM Autoencoder,Attack_1,3,AVF,0.268554
Healthcare (PTB-XL),LSTM Autoencoder,Attack_1,4,V2,0.259419
Healthcare (PTB-XL),LSTM Autoencoder,Attack_1,5,V3,0.226713
Healthcare (PTB-XL),LSTM Autoencoder,Attack_1,6,I,0.222258
Healthcare (PTB-XL),LSTM Autoencoder,Attack_1,7,II,0.206124
Healthcare (PTB-XL),LSTM Autoencoder,Attack_1,8,AVR,0.198969
Healthcare (PTB-XL),LSTM Autoencoder,Attack_1,9,V4,0.156017
Healthcare (PTB-XL),LSTM Autoencoder,Attack_1,10,V6,0.149199
Healthcare (PTB-XL),LSTM Autoencoder,Attack_1,11,V5,0.141491
Healthcare (PTB-XL),LSTM Autoencoder,Attack_1,12,V1,0.127520
Healthcare (PTB-XL),LSTM Autoencoder,Attack_2,1,V4,0.506856
Healthcare (PTB-XL),LSTM Autoencoder,Attack_2,2,V2,0.397280
Healthcare (PTB-XL),LSTM Autoencoder,Attack_2,3,V3,0.385052
Healthcare (PTB-XL),LSTM Autoencoder,Attack_2,4,V5,0.379395
Healthcare (PTB-XL),LSTM Autoencoder,Attack_2,5,V6,0.368338
Healthcare (PTB-XL),LSTM Autoencoder,Attack_2,6,I,0.321321
Healthcare (PTB-XL),LSTM Autoencoder,Attack_2,7,AVL,0.246122
Healthcare (PTB-XL),LSTM Autoencoder,Attack_2,8,AVR,0.238658
Healthcare (PTB-XL),LSTM Autoencoder,Attack_2,9,V1,0.194339
Healthcare (PTB-XL),LSTM Autoencoder,Attack_2,10,AVF,0.160062
Healthcare (PTB-XL),LSTM Autoencoder,Attack_2,11,II,0.156941
Healthcare (PTB-XL),LSTM Autoencoder,Attack_2,12,III,0.155830
Healthcare (PTB-XL),LSTM Autoencoder,Attack_3,1,V2,0.288150
Healthcare (PTB-XL),LSTM Autoencoder,Attack_3,2,V3,0.256979
Healthcare (PTB-XL),LSTM Autoencoder,Attack_3,3,V6,0.219457
Healthcare (PTB-XL),LSTM Autoencoder,Attack_3,4,V5,0.215850
Healthcare (PTB-XL),LSTM Autoencoder,Attack_3,5,I,0.207195
Healthcare (PTB-XL),LSTM Autoencoder,Attack_3,6,V4,0.173132
Healthcare (PTB-XL),LSTM Autoencoder,Attack_3,7,AVL,0.161722
Healthcare (PTB-XL),LSTM Autoencoder,Attack_3,8,AVR,0.157334
Healthcare (PTB-XL),LSTM Autoencoder,Attack_3,9,AVF,0.122895
Healthcare (PTB-XL),LSTM Autoencoder,Attack_3,10,III,0.114430
Healthcare (PTB-XL),LSTM Autoencoder,Attack_3,11,V1,0.111214
Healthcare (PTB-XL),LSTM Autoencoder,Attack_3,12,II,0.105660
Healthcare (PTB-XL),LSTM Autoencoder,Attack_4,1,I,0.347423
Healthcare (PTB-XL),LSTM Autoencoder,Attack_4,2,V2,0.321198
Healthcare (PTB-XL),LSTM Autoencoder,Attack_4,3,AVL,0.272978
Healthcare (PTB-XL),LSTM Autoencoder,Attack_4,4,V6,0.263405
Healthcare (PTB-XL),LSTM Autoencoder,Attack_4,5,V3,0.243929
Healthcare (PTB-XL),LSTM Autoencoder,Attack_4,6,AVR,0.239981
Healthcare (PTB-XL),LSTM Autoencoder,Attack_4,7,V5,0.229680
Healthcare (PTB-XL),LSTM Autoencoder,Attack_4,8,V4,0.175239
Healthcare (PTB-XL),LSTM Autoencoder,Attack_4,9,V1,0.173102
Healthcare (PTB-XL),LSTM Autoencoder,Attack_4,10,AVF,0.155191
Healthcare (PTB-XL),LSTM Autoencoder,Attack_4,11,II,0.148386
Healthcare (PTB-XL),LSTM Autoencoder,Attack_4,12,III,0.140798
Healthcare (PTB-XL),LSTM Autoencoder,Attack_5,1,V2,0.182634
Healthcare (PTB-XL),LSTM Autoencoder,Attack_5,2,AVL,0.159664
Healthcare (PTB-XL),LSTM Autoencoder,Attack_5,3,V1,0.156118
Healthcare (PTB-XL),LSTM Autoencoder,Attack_5,4,I,0.144257
Healthcare (PTB-XL),LSTM Autoencoder,Attack_5,5,III,0.113958
Healthcare (PTB-XL),LSTM Autoencoder,Attack_5,6,V3,0.091879
Healthcare (PTB-XL),LSTM Autoencoder,Attack_5,7,AVF,0.090950
Healthcare (PTB-XL),LSTM Autoencoder,Attack_5,8,AVR,0.076973
Healthcare (PTB-XL),LSTM Autoencoder,Attack_5,9,V6,0.073331
Healthcare (PTB-XL),LSTM Autoencoder,Attack_5,10,II,0.070727
Healthcare (PTB-XL),LSTM Autoencoder,Attack_5,11,V4,0.062155
Healthcare (PTB-XL),LSTM Autoencoder,Attack_5,12,V5,0.059401
Healthcare (PTB-XL),LSTM Autoencoder,Attack_6,1,I,0.327727
Healthcare (PTB-XL),LSTM Autoencoder,Attack_6,2,V2,0.279629
Healthcare (PTB-XL),LSTM Autoencoder,Attack_6,3,AVL,0.278383
Healthcare (PTB-XL),LSTM Autoencoder,Attack_6,4,V5,0.266109
Healthcare (PTB-XL),LSTM Autoencoder,Attack_6,5,AVR,0.250542
Healthcare (PTB-XL),LSTM Autoencoder,Attack_6,6,V6,0.249633
Healthcare (PTB-XL),LSTM Autoencoder,Attack_6,7,V3,0.201600
Healthcare (PTB-XL),LSTM Autoencoder,Attack_6,8,V1,0.175013
Healthcare (PTB-XL),LSTM Autoencoder,Attack_6,9,III,0.159844
Healthcare (PTB-XL),LSTM Autoencoder,Attack_6,10,AVF,0.157911
Healthcare (PTB-XL),LSTM Autoencoder,Attack_6,11,V4,0.157908
Healthcare (PTB-XL),LSTM Autoencoder,Attack_6,12,II,0.148057
Healthcare (PTB-XL),LSTM Autoencoder,Attack_7,1,V2,0.261905
Healthcare (PTB-XL),LSTM Autoencoder,Attack_7,2,I,0.257820
Healthcare (PTB-XL),LSTM Autoencoder,Attack_7,3,V3,0.189468
Healthcare (PTB-XL),LSTM Autoencoder,Attack_7,4,AVR,0.189415
Healthcare (PTB-XL),LSTM Autoencoder,Attack_7,5,AVL,0.172973
Healthcare (PTB-XL),LSTM Autoencoder,Attack_7,6,V5,0.172109
Healthcare (PTB-XL),LSTM Autoencoder,Attack_7,7,V6,0.141727
Healthcare (PTB-XL),LSTM Autoencoder,Attack_7,8,V4,0.125637
Healthcare (PTB-XL),LSTM Autoencoder,Attack_7,9,II,0.112049
Healthcare (PTB-XL),LSTM Autoencoder,Attack_7,10,V1,0.109130
Healthcare (PTB-XL),LSTM Autoencoder,Attack_7,11,III,0.108028
Healthcare (PTB-XL),LSTM Autoencoder,Attack_7,12,AVF,0.103076
Healthcare (PTB-XL),LSTM Autoencoder,Attack_8,1,V2,0.262032
Healthcare (PTB-XL),LSTM Autoencoder,Attack_8,2,I,0.240907
Healthcare (PTB-XL),LSTM Autoencoder,Attack_8,3,AVL,0.209677
Healthcare (PTB-XL),LSTM Autoencoder,Attack_8,4,V3,0.179376
Healthcare (PTB-XL),LSTM Autoencoder,Attack_8,5,V6,0.173953
Healthcare (PTB-XL),LSTM Autoencoder,Attack_8,6,V5,0.143011
Healthcare (PTB-XL),LSTM Autoencoder,Attack_8,7,III,0.142402
Healthcare (PTB-XL),LSTM Autoencoder,Attack_8,8,V4,0.140881
Healthcare (PTB-XL),LSTM Autoencoder,Attack_8,9,AVR,0.122036
Healthcare (PTB-XL),LSTM Autoencoder,Attack_8,10,AVF,0.109003
Healthcare (PTB-XL),LSTM Autoencoder,Attack_8,11,V1,0.107850
Healthcare (PTB-XL),LSTM Autoencoder,Attack_8,12,II,0.080381
Healthcare (PTB-XL),LSTM Autoencoder,Attack_9,1,V2,0.507513
Healthcare (PTB-XL),LSTM Autoencoder,Attack_9,2,V3,0.340721
Healthcare (PTB-XL),LSTM Autoencoder,Attack_9,3,V6,0.317709
Healthcare (PTB-XL),LSTM Autoencoder,Attack_9,4,V5,0.305731
Healthcare (PTB-XL),LSTM Autoencoder,Attack_9,5,AVF,0.235291
Healthcare (PTB-XL),LSTM Autoencoder,Attack_9,6,III,0.216587
Healthcare (PTB-XL),LSTM Autoencoder,Attack_9,7,AVR,0.210610
Healthcare (PTB-XL),LSTM Autoencoder,Attack_9,8,II,0.206236
Healthcare (PTB-XL),LSTM Autoencoder,Attack_9,9,I,0.200316
Healthcare (PTB-XL),LSTM Autoencoder,Attack_9,10,AVL,0.191704
Healthcare (PTB-XL),LSTM Autoencoder,Attack_9,11,V1,0.186344
Healthcare (PTB-XL),LSTM Autoencoder,Attack_9,12,V4,0.168642
Healthcare (PTB-XL),LSTM Autoencoder,Attack_10,1,V3,0.408567
Healthcare (PTB-XL),LSTM Autoencoder,Attack_10,2,V2,0.392733
Healthcare (PTB-XL),LSTM Autoencoder,Attack_10,3,V1,0.373985
Healthcare (PTB-XL),LSTM Autoencoder,Attack_10,4,AVF,0.239827
Healthcare (PTB-XL),LSTM Autoencoder,Attack_10,5,III,0.218775
Healthcare (PTB-XL),LSTM Autoencoder,Attack_10,6,II,0.200250
Healthcare (PTB-XL),LSTM Autoencoder,Attack_10,7,V4,0.198891
Healthcare (PTB-XL),LSTM Autoencoder,Attack_10,8,AVR,0.175301
Healthcare (PTB-XL),LSTM Autoencoder,Attack_10,9,AVL,0.166939
Healthcare (PTB-XL),LSTM Autoencoder,Attack_10,10,V5,0.145920
Healthcare (PTB-XL),LSTM Autoencoder,Attack_10,11,I,0.136310
Healthcare (PTB-XL),LSTM Autoencoder,Attack_10,12,V6,0.121843
Healthcare (PTB-XL),LSTM Autoencoder,Attack_11,1,I,0.353893
Healthcare (PTB-XL),LSTM Autoencoder,Attack_11,2,V2,0.300787
Healthcare (PTB-XL),LSTM Autoencoder,Attack_11,3,AVL,0.276390
Healthcare (PTB-XL),LSTM Autoencoder,Attack_11,4,AVR,0.271948
Healthcare (PTB-XL),LSTM Autoencoder,Attack_11,5,V5,0.200936
Healthcare (PTB-XL),LSTM Autoencoder,Attack_11,6,V3,0.197805
Healthcare (PTB-XL),LSTM Autoencoder,Attack_11,7,V4,0.183575
Healthcare (PTB-XL),LSTM Autoencoder,Attack_11,8,V6,0.176181
Healthcare (PTB-XL),LSTM Autoencoder,Attack_11,9,III,0.158682
Healthcare (PTB-XL),LSTM Autoencoder,Attack_11,10,II,0.153437
Healthcare (PTB-XL),LSTM Autoencoder,Attack_11,11,AVF,0.150742
Healthcare (PTB-XL),LSTM Autoencoder,Attack_11,12,V1,0.140141
Healthcare (PTB-XL),LSTM Autoencoder,Attack_12,1,I,0.325633
Healthcare (PTB-XL),LSTM Autoencoder,Attack_12,2,AVL,0.274596
Healthcare (PTB-XL),LSTM Autoencoder,Attack_12,3,V2,0.256887
Healthcare (PTB-XL),LSTM Autoencoder,Attack_12,4,V3,0.181997
Healthcare (PTB-XL),LSTM Autoencoder,Attack_12,5,V5,0.177407
Healthcare (PTB-XL),LSTM Autoencoder,Attack_12,6,AVR,0.173087
Healthcare (PTB-XL),LSTM Autoencoder,Attack_12,7,V6,0.169614
Healthcare (PTB-XL),LSTM Autoencoder,Attack_12,8,III,0.159438
Healthcare (PTB-XL),LSTM Autoencoder,Attack_12,9,V4,0.147422
Healthcare (PTB-XL),LSTM Autoencoder,Attack_12,10,V1,0.135458
Healthcare (PTB-XL),LSTM Autoencoder,Attack_12,11,AVF,0.112283
Healthcare (PTB-XL),LSTM Autoencoder,Attack_12,12,II,0.099898
Healthcare (PTB-XL),LSTM Autoencoder,Attack_13,1,III,0.257923
Healthcare (PTB-XL),LSTM Autoencoder,Attack_13,2,AVF,0.219419
Healthcare (PTB-XL),LSTM Autoencoder,Attack_13,3,V2,0.217844
Healthcare (PTB-XL),LSTM Autoencoder,Attack_13,4,AVL,0.209631
Healthcare (PTB-XL),LSTM Autoencoder,Attack_13,5,V3,0.159070
Healthcare (PTB-XL),LSTM Autoencoder,Attack_13,6,II,0.157258
Healthcare (PTB-XL),LSTM Autoencoder,Attack_13,7,V4,0.146117
Healthcare (PTB-XL),LSTM Autoencoder,Attack_13,8,AVR,0.100638
Healthcare (PTB-XL),LSTM Autoencoder,Attack_13,9,V5,0.097005
Healthcare (PTB-XL),LSTM Autoencoder,Attack_13,10,I,0.094487
Healthcare (PTB-XL),LSTM Autoencoder,Attack_13,11,V1,0.091531
Healthcare (PTB-XL),LSTM Autoencoder,Attack_13,12,V6,0.083865
Healthcare (PTB-XL),LSTM Autoencoder,Attack_14,1,I,0.256379
Healthcare (PTB-XL),LSTM Autoencoder,Attack_14,2,V5,0.246636
Healthcare (PTB-XL),LSTM Autoencoder,Attack_14,3,V6,0.238292
Healthcare (PTB-XL),LSTM Autoencoder,Attack_14,4,V4,0.204037
Healthcare (PTB-XL),LSTM Autoencoder,Attack_14,5,AVR,0.199034
Healthcare (PTB-XL),LSTM Autoencoder,Attack_14,6,AVL,0.161172
Healthcare (PTB-XL),LSTM Autoencoder,Attack_14,7,V3,0.150370
Healthcare (PTB-XL),LSTM Autoencoder,Attack_14,8,V2,0.144345
Healthcare (PTB-XL),LSTM Autoencoder,Attack_14,9,II,0.132814
Healthcare (PTB-XL),LSTM Autoencoder,Attack_14,10,AVF,0.127091
Healthcare (PTB-XL),LSTM Autoencoder,Attack_14,11,III,0.116466
Healthcare (PTB-XL),LSTM Autoencoder,Attack_14,12,V1,0.098608
Healthcare (PTB-XL),LSTM Autoencoder,Attack_15,1,V6,0.144933
Healthcare (PTB-XL),LSTM Autoencoder,Attack_15,2,I,0.128893
Healthcare (PTB-XL),LSTM Autoencoder,Attack_15,3,AVR,0.120867
Healthcare (PTB-XL),LSTM Autoencoder,Attack_15,4,V2,0.120494
Healthcare (PTB-XL),LSTM Autoencoder,Attack_15,5,II,0.114279
Healthcare (PTB-XL),LSTM Autoencoder,Attack_15,6,AVF,0.112180
Healthcare (PTB-XL),LSTM Autoencoder,Attack_15,7,V3,0.101869
Healthcare (PTB-XL),LSTM Autoencoder,Attack_15,8,III,0.091653
Healthcare (PTB-XL),LSTM Autoencoder,Attack_15,9,AVL,0.083481
Healthcare (PTB-XL),LSTM Autoencoder,Attack_15,10,V5,0.082742
Healthcare (PTB-XL),LSTM Autoencoder,Attack_15,11,V4,0.073286
Healthcare (PTB-XL),LSTM Autoencoder,Attack_15,12,V1,0.058726
Healthcare (PTB-XL),LSTM Autoencoder,Attack_16,1,V3,0.331953
Healthcare (PTB-XL),LSTM Autoencoder,Attack_16,2,III,0.254443
Healthcare (PTB-XL),LSTM Autoencoder,Attack_16,3,AVF,0.243384
Healthcare (PTB-XL),LSTM Autoencoder,Attack_16,4,AVL,0.231888
Healthcare (PTB-XL),LSTM Autoencoder,Attack_16,5,V2,0.214291
Healthcare (PTB-XL),LSTM Autoencoder,Attack_16,6,V4,0.190274
Healthcare (PTB-XL),LSTM Autoencoder,Attack_16,7,II,0.177535
Healthcare (PTB-XL),LSTM Autoencoder,Attack_16,8,I,0.147956
Healthcare (PTB-XL),LSTM Autoencoder,Attack_16,9,AVR,0.140206
Healthcare (PTB-XL),LSTM Autoencoder,Attack_16,10,V5,0.117350
Healthcare (PTB-XL),LSTM Autoencoder,Attack_16,11,V6,0.095603
Healthcare (PTB-XL),LSTM Autoencoder,Attack_16,12,V1,0.066958
Healthcare (PTB-XL),LSTM Autoencoder,Attack_17,1,AVL,0.613715
Healthcare (PTB-XL),LSTM Autoencoder,Attack_17,2,III,0.507753
Healthcare (PTB-XL),LSTM Autoencoder,Attack_17,3,I,0.410404
Healthcare (PTB-XL),LSTM Autoencoder,Attack_17,4,AVF,0.379524
Healthcare (PTB-XL),LSTM Autoencoder,Attack_17,5,AVR,0.266802
Healthcare (PTB-XL),LSTM Autoencoder,Attack_17,6,II,0.262759
Healthcare (PTB-XL),LSTM Autoencoder,Attack_17,7,V5,0.156513
Healthcare (PTB-XL),LSTM Autoencoder,Attack_17,8,V2,0.155175
Healthcare (PTB-XL),LSTM Autoencoder,Attack_17,9,V6,0.131315
Healthcare (PTB-XL),LSTM Autoencoder,Attack_17,10,V1,0.125809
Healthcare (PTB-XL),LSTM Autoencoder,Attack_17,11,V3,0.117805
Healthcare (PTB-XL),LSTM Autoencoder,Attack_17,12,V4,0.095077
Healthcare (PTB-XL),LSTM Autoencoder,Attack_18,1,V4,0.454858
Healthcare (PTB-XL),LSTM Autoencoder,Attack_18,2,V5,0.380445
Healthcare (PTB-XL),LSTM Autoencoder,Attack_18,3,V3,0.325655
Healthcare (PTB-XL),LSTM Autoencoder,Attack_18,4,V6,0.286863
Healthcare (PTB-XL),LSTM Autoencoder,Attack_18,5,V2,0.234367
Healthcare (PTB-XL),LSTM Autoencoder,Attack_18,6,I,0.225280
Healthcare (PTB-XL),LSTM Autoencoder,Attack_18,7,AVR,0.197471
Healthcare (PTB-XL),LSTM Autoencoder,Attack_18,8,AVL,0.146451
Healthcare (PTB-XL),LSTM Autoencoder,Attack_18,9,AVF,0.146400
Healthcare (PTB-XL),LSTM Autoencoder,Attack_18,10,III,0.124536
Healthcare (PTB-XL),LSTM Autoencoder,Attack_18,11,II,0.120057
Healthcare (PTB-XL),LSTM Autoencoder,Attack_18,12,V1,0.084889
Healthcare (PTB-XL),LSTM Autoencoder,Attack_19,1,I,0.160616
Healthcare (PTB-XL),LSTM Autoencoder,Attack_19,2,AVL,0.147671
Healthcare (PTB-XL),LSTM Autoencoder,Attack_19,3,V1,0.128700
Healthcare (PTB-XL),LSTM Autoencoder,Attack_19,4,V2,0.123098
Healthcare (PTB-XL),LSTM Autoencoder,Attack_19,5,AVR,0.101785
Healthcare (PTB-XL),LSTM Autoencoder,Attack_19,6,III,0.096553
Healthcare (PTB-XL),LSTM Autoencoder,Attack_19,7,V3,0.091211
Healthcare (PTB-XL),LSTM Autoencoder,Attack_19,8,AVF,0.085277
Healthcare (PTB-XL),LSTM Autoencoder,Attack_19,9,V6,0.085061
Healthcare (PTB-XL),LSTM Autoencoder,Attack_19,10,II,0.075433
Healthcare (PTB-XL),LSTM Autoencoder,Attack_19,11,V5,0.069430
Healthcare (PTB-XL),LSTM Autoencoder,Attack_19,12,V4,0.058211
Healthcare (PTB-XL),LSTM Autoencoder,Attack_20,1,V6,0.343439
Healthcare (PTB-XL),LSTM Autoencoder,Attack_20,2,V5,0.238867
Healthcare (PTB-XL),LSTM Autoencoder,Attack_20,3,V2,0.173727
Healthcare (PTB-XL),LSTM Autoencoder,Attack_20,4,V3,0.161425
Healthcare (PTB-XL),LSTM Autoencoder,Attack_20,5,I,0.149611
Healthcare (PTB-XL),LSTM Autoencoder,Attack_20,6,V4,0.111201
Healthcare (PTB-XL),LSTM Autoencoder,Attack_20,7,AVL,0.107497
Healthcare (PTB-XL),LSTM Autoencoder,Attack_20,8,AVR,0.103617
Healthcare (PTB-XL),LSTM Autoencoder,Attack_20,9,AVF,0.097355
Healthcare (PTB-XL),LSTM Autoencoder,Attack_20,10,III,0.093422
Healthcare (PTB-XL),LSTM Autoencoder,Attack_20,11,II,0.084873
Healthcare (PTB-XL),LSTM Autoencoder,Attack_20,12,V1,0.072124
Healthcare (PTB-XL),TCN Autoencoder,Attack_1,1,III,0.000965
Healthcare (PTB-XL),TCN Autoencoder,Attack_1,2,AVF,0.000931
Healthcare (PTB-XL),TCN Autoencoder,Attack_1,3,AVL,0.000658
Healthcare (PTB-XL),TCN Autoencoder,Attack_1,4,II,0.000483
Healthcare (PTB-XL),TCN Autoencoder,Attack_1,5,AVR,0.000449
Healthcare (PTB-XL),TCN Autoencoder,Attack_1,6,I,0.000318
Healthcare (PTB-XL),TCN Autoencoder,Attack_1,7,V5,0.000029
Healthcare (PTB-XL),TCN Autoencoder,Attack_1,8,V4,0.000023
Healthcare (PTB-XL),TCN Autoencoder,Attack_1,9,V2,0.000022
Healthcare (PTB-XL),TCN Autoencoder,Attack_1,10,V3,0.000021
Healthcare (PTB-XL),TCN Autoencoder,Attack_1,11,V6,0.000017
Healthcare (PTB-XL),TCN Autoencoder,Attack_1,12,V1,0.000008
Healthcare (PTB-XL),TCN Autoencoder,Attack_2,1,V4,0.008969
Healthcare (PTB-XL),TCN Autoencoder,Attack_2,2,V5,0.001541
Healthcare (PTB-XL),TCN Autoencoder,Attack_2,3,V3,0.001338
Healthcare (PTB-XL),TCN Autoencoder,Attack_2,4,I,0.001002
Healthcare (PTB-XL),TCN Autoencoder,Attack_2,5,AVF,0.000980
Healthcare (PTB-XL),TCN Autoencoder,Attack_2,6,V6,0.000933
Healthcare (PTB-XL),TCN Autoencoder,Attack_2,7,AVR,0.000878
Healthcare (PTB-XL),TCN Autoencoder,Attack_2,8,III,0.000859
Healthcare (PTB-XL),TCN Autoencoder,Attack_2,9,AVL,0.000801
Healthcare (PTB-XL),TCN Autoencoder,Attack_2,10,II,0.000723
Healthcare (PTB-XL),TCN Autoencoder,Attack_2,11,V2,0.000536
Healthcare (PTB-XL),TCN Autoencoder,Attack_2,12,V1,0.000255
Healthcare (PTB-XL),TCN Autoencoder,Attack_3,1,AVF,0.000335
Healthcare (PTB-XL),TCN Autoencoder,Attack_3,2,III,0.000327
Healthcare (PTB-XL),TCN Autoencoder,Attack_3,3,I,0.000292
Healthcare (PTB-XL),TCN Autoencoder,Attack_3,4,AVR,0.000280
Healthcare (PTB-XL),TCN Autoencoder,Attack_3,5,AVL,0.000216
Healthcare (PTB-XL),TCN Autoencoder,Attack_3,6,II,0.000195
Healthcare (PTB-XL),TCN Autoencoder,Attack_3,7,V5,0.000042
Healthcare (PTB-XL),TCN Autoencoder,Attack_3,8,V3,0.000038
Healthcare (PTB-XL),TCN Autoencoder,Attack_3,9,V4,0.000037
Healthcare (PTB-XL),TCN Autoencoder,Attack_3,10,V2,0.000034
Healthcare (PTB-XL),TCN Autoencoder,Attack_3,11,V6,0.000027
Healthcare (PTB-XL),TCN Autoencoder,Attack_3,12,V1,0.000014
Healthcare (PTB-XL),TCN Autoencoder,Attack_4,1,AVF,0.000412
Healthcare (PTB-XL),TCN Autoencoder,Attack_4,2,III,0.000352
Healthcare (PTB-XL),TCN Autoencoder,Attack_4,3,I,0.000345
Healthcare (PTB-XL),TCN Autoencoder,Attack_4,4,AVL,0.000328
Healthcare (PTB-XL),TCN Autoencoder,Attack_4,5,AVR,0.000324
Healthcare (PTB-XL),TCN Autoencoder,Attack_4,6,II,0.000276
Healthcare (PTB-XL),TCN Autoencoder,Attack_4,7,V3,0.000112
Healthcare (PTB-XL),TCN Autoencoder,Attack_4,8,V4,0.000103
Healthcare (PTB-XL),TCN Autoencoder,Attack_4,9,V2,0.000098
Healthcare (PTB-XL),TCN Autoencoder,Attack_4,10,V5,0.000051
Healthcare (PTB-XL),TCN Autoencoder,Attack_4,11,V6,0.000049
Healthcare (PTB-XL),TCN Autoencoder,Attack_4,12,V1,0.000028
Healthcare (PTB-XL),TCN Autoencoder,Attack_5,1,III,0.000348
Healthcare (PTB-XL),TCN Autoencoder,Attack_5,2,AVF,0.000229
Healthcare (PTB-XL),TCN Autoencoder,Attack_5,3,AVL,0.000210
Healthcare (PTB-XL),TCN Autoencoder,Attack_5,4,I,0.000197
Healthcare (PTB-XL),TCN Autoencoder,Attack_5,5,AVR,0.000169
Healthcare (PTB-XL),TCN Autoencoder,Attack_5,6,II,0.000155
Healthcare (PTB-XL),TCN Autoencoder,Attack_5,7,V5,0.000014
Healthcare (PTB-XL),TCN Autoencoder,Attack_5,8,V2,0.000013
Healthcare (PTB-XL),TCN Autoencoder,Attack_5,9,V4,0.000012
Healthcare (PTB-XL),TCN Autoencoder,Attack_5,10,V6,0.000008
Healthcare (PTB-XL),TCN Autoencoder,Attack_5,11,V3,0.000007
Healthcare (PTB-XL),TCN Autoencoder,Attack_5,12,V1,0.000007
Healthcare (PTB-XL),TCN Autoencoder,Attack_6,1,AVF,0.000382
Healthcare (PTB-XL),TCN Autoencoder,Attack_6,2,III,0.000365
Healthcare (PTB-XL),TCN Autoencoder,Attack_6,3,AVR,0.000303
Healthcare (PTB-XL),TCN Autoencoder,Attack_6,4,I,0.000295
Healthcare (PTB-XL),TCN Autoencoder,Attack_6,5,AVL,0.000288
Healthcare (PTB-XL),TCN Autoencoder,Attack_6,6,II,0.000233
Healthcare (PTB-XL),TCN Autoencoder,Attack_6,7,V5,0.000038
Healthcare (PTB-XL),TCN Autoencoder,Attack_6,8,V6,0.000025
Healthcare (PTB-XL),TCN Autoencoder,Attack_6,9,V2,0.000024
Healthcare (PTB-XL),TCN Autoencoder,Attack_6,10,V4,0.000019
Healthcare (PTB-XL),TCN Autoencoder,Attack_6,11,V3,0.000014
Healthcare (PTB-XL),TCN Autoencoder,Attack_6,12,V1,0.000011
Healthcare (PTB-XL),TCN Autoencoder,Attack_7,1,I,0.000441
Healthcare (PTB-XL),TCN Autoencoder,Attack_7,2,AVR,0.000329
Healthcare (PTB-XL),TCN Autoencoder,Attack_7,3,AVL,0.000303
Healthcare (PTB-XL),TCN Autoencoder,Attack_7,4,III,0.000301
Healthcare (PTB-XL),TCN Autoencoder,Attack_7,5,AVF,0.000282
Healthcare (PTB-XL),TCN Autoencoder,Attack_7,6,II,0.000214
Healthcare (PTB-XL),TCN Autoencoder,Attack_7,7,V5,0.000032
Healthcare (PTB-XL),TCN Autoencoder,Attack_7,8,V2,0.000023
Healthcare (PTB-XL),TCN Autoencoder,Attack_7,9,V6,0.000023
Healthcare (PTB-XL),TCN Autoencoder,Attack_7,10,V4,0.000016
Healthcare (PTB-XL),TCN Autoencoder,Attack_7,11,V3,0.000015
Healthcare (PTB-XL),TCN Autoencoder,Attack_7,12,V1,0.000011
Healthcare (PTB-XL),TCN Autoencoder,Attack_8,1,AVL,0.000337
Healthcare (PTB-XL),TCN Autoencoder,Attack_8,2,III,0.000332
Healthcare (PTB-XL),TCN Autoencoder,Attack_8,3,I,0.000320
Healthcare (PTB-XL),TCN Autoencoder,Attack_8,4,AVF,0.000255
Healthcare (PTB-XL),TCN Autoencoder,Attack_8,5,AVR,0.000237
Healthcare (PTB-XL),TCN Autoencoder,Attack_8,6,II,0.000159
Healthcare (PTB-XL),TCN Autoencoder,Attack_8,7,V4,0.000057
Healthcare (PTB-XL),TCN Autoencoder,Attack_8,8,V5,0.000056
Healthcare (PTB-XL),TCN Autoencoder,Attack_8,9,V2,0.000038
Healthcare (PTB-XL),TCN Autoencoder,Attack_8,10,V6,0.000037
Healthcare (PTB-XL),TCN Autoencoder,Attack_8,11,V3,0.000030
Healthcare (PTB-XL),TCN Autoencoder,Attack_8,12,V1,0.000015
Healthcare (PTB-XL),TCN Autoencoder,Attack_9,1,V5,0.005575
Healthcare (PTB-XL),TCN Autoencoder,Attack_9,2,V6,0.002012
Healthcare (PTB-XL),TCN Autoencoder,Attack_9,3,V2,0.001911
Healthcare (PTB-XL),TCN Autoencoder,Attack_9,4,V3,0.001532
Healthcare (PTB-XL),TCN Autoencoder,Attack_9,5,AVL,0.001180
Healthcare (PTB-XL),TCN Autoencoder,Attack_9,6,III,0.001144
Healthcare (PTB-XL),TCN Autoencoder,Attack_9,7,V4,0.001042
Healthcare (PTB-XL),TCN Autoencoder,Attack_9,8,II,0.001023
Healthcare (PTB-XL),TCN Autoencoder,Attack_9,9,AVR,0.000971
Healthcare (PTB-XL),TCN Autoencoder,Attack_9,10,AVF,0.000954
Healthcare (PTB-XL),TCN Autoencoder,Attack_9,11,I,0.000645
Healthcare (PTB-XL),TCN Autoencoder,Attack_9,12,V1,0.000263
Healthcare (PTB-XL),TCN Autoencoder,Attack_10,1,III,0.000507
Healthcare (PTB-XL),TCN Autoencoder,Attack_10,2,AVF,0.000478
Healthcare (PTB-XL),TCN Autoencoder,Attack_10,3,AVR,0.000360
Healthcare (PTB-XL),TCN Autoencoder,Attack_10,4,II,0.000283
Healthcare (PTB-XL),TCN Autoencoder,Attack_10,5,AVL,0.000271
Healthcare (PTB-XL),TCN Autoencoder,Attack_10,6,V3,0.000212
Healthcare (PTB-XL),TCN Autoencoder,Attack_10,7,I,0.000177
Healthcare (PTB-XL),TCN Autoencoder,Attack_10,8,V2,0.000145
Healthcare (PTB-XL),TCN Autoencoder,Attack_10,9,V4,0.000130
Healthcare (PTB-XL),TCN Autoencoder,Attack_10,10,V1,0.000102
Healthcare (PTB-XL),TCN Autoencoder,Attack_10,11,V5,0.000089
Healthcare (PTB-XL),TCN Autoencoder,Attack_10,12,V6,0.000063
Healthcare (PTB-XL),TCN Autoencoder,Attack_11,1,I,0.000429
Healthcare (PTB-XL),TCN Autoencoder,Attack_11,2,AVF,0.000425
Healthcare (PTB-XL),TCN Autoencoder,Attack_11,3,III,0.000399
Healthcare (PTB-XL),TCN Autoencoder,Attack_11,4,AVL,0.000332
Healthcare (PTB-XL),TCN Autoencoder,Attack_11,5,II,0.000295
Healthcare (PTB-XL),TCN Autoencoder,Attack_11,6,AVR,0.000287
Healthcare (PTB-XL),TCN Autoencoder,Attack_11,7,V2,0.000068
Healthcare (PTB-XL),TCN Autoencoder,Attack_11,8,V3,0.000055
Healthcare (PTB-XL),TCN Autoencoder,Attack_11,9,V4,0.000052
Healthcare (PTB-XL),TCN Autoencoder,Attack_11,10,V5,0.000037
Healthcare (PTB-XL),TCN Autoencoder,Attack_11,11,V6,0.000027
Healthcare (PTB-XL),TCN Autoencoder,Attack_11,12,V1,0.000023
Healthcare (PTB-XL),TCN Autoencoder,Attack_12,1,AVL,0.000435
Healthcare (PTB-XL),TCN Autoencoder,Attack_12,2,I,0.000402
Healthcare (PTB-XL),TCN Autoencoder,Attack_12,3,III,0.000385
Healthcare (PTB-XL),TCN Autoencoder,Attack_12,4,AVR,0.000293
Healthcare (PTB-XL),TCN Autoencoder,Attack_12,5,AVF,0.000265
Healthcare (PTB-XL),TCN Autoencoder,Attack_12,6,II,0.000155
Healthcare (PTB-XL),TCN Autoencoder,Attack_12,7,V5,0.000043
Healthcare (PTB-XL),TCN Autoencoder,Attack_12,8,V2,0.000027
Healthcare (PTB-XL),TCN Autoencoder,Attack_12,9,V4,0.000023
Healthcare (PTB-XL),TCN Autoencoder,Attack_12,10,V6,0.000022
Healthcare (PTB-XL),TCN Autoencoder,Attack_12,11,V3,0.000021
Healthcare (PTB-XL),TCN Autoencoder,Attack_12,12,V1,0.000011
Healthcare (PTB-XL),TCN Autoencoder,Attack_13,1,AVF,0.000554
Healthcare (PTB-XL),TCN Autoencoder,Attack_13,2,III,0.000506
Healthcare (PTB-XL),TCN Autoencoder,Attack_13,3,AVL,0.000293
Healthcare (PTB-XL),TCN Autoencoder,Attack_13,4,II,0.000227
Healthcare (PTB-XL),TCN Autoencoder,Attack_13,5,AVR,0.000202
Healthcare (PTB-XL),TCN Autoencoder,Attack_13,6,I,0.000142
Healthcare (PTB-XL),TCN Autoencoder,Attack_13,7,V4,0.000029
Healthcare (PTB-XL),TCN Autoencoder,Attack_13,8,V5,0.000028
Healthcare (PTB-XL),TCN Autoencoder,Attack_13,9,V2,0.000022
Healthcare (PTB-XL),TCN Autoencoder,Attack_13,10,V3,0.000022
Healthcare (PTB-XL),TCN Autoencoder,Attack_13,11,V1,0.000016
Healthcare (PTB-XL),TCN Autoencoder,Attack_13,12,V6,0.000014
Healthcare (PTB-XL),TCN Autoencoder,Attack_14,1,V4,0.000431
Healthcare (PTB-XL),TCN Autoencoder,Attack_14,2,I,0.000427
Healthcare (PTB-XL),TCN Autoencoder,Attack_14,3,AVL,0.000403
Healthcare (PTB-XL),TCN Autoencoder,Attack_14,4,AVR,0.000386
Healthcare (PTB-XL),TCN Autoencoder,Attack_14,5,AVF,0.000383
Healthcare (PTB-XL),TCN Autoencoder,Attack_14,6,III,0.000296
Healthcare (PTB-XL),TCN Autoencoder,Attack_14,7,II,0.000295
Healthcare (PTB-XL),TCN Autoencoder,Attack_14,8,V5,0.000163
Healthcare (PTB-XL),TCN Autoencoder,Attack_14,9,V3,0.000162
Healthcare (PTB-XL),TCN Autoencoder,Attack_14,10,V6,0.000103
Healthcare (PTB-XL),TCN Autoencoder,Attack_14,11,V1,0.000043
Healthcare (PTB-XL),TCN Autoencoder,Attack_14,12,V2,0.000033
Healthcare (PTB-XL),TCN Autoencoder,Attack_15,1,AVF,0.000264
Healthcare (PTB-XL),TCN Autoencoder,Attack_15,2,III,0.000247
Healthcare (PTB-XL),TCN Autoencoder,Attack_15,3,AVR,0.000226
Healthcare (PTB-XL),TCN Autoencoder,Attack_15,4,I,0.000176
Healthcare (PTB-XL),TCN Autoencoder,Attack_15,5,II,0.000169
Healthcare (PTB-XL),TCN Autoencoder,Attack_15,6,AVL,0.000142
Healthcare (PTB-XL),TCN Autoencoder,Attack_15,7,V6,0.000044
Healthcare (PTB-XL),TCN Autoencoder,Attack_15,8,V5,0.000030
Healthcare (PTB-XL),TCN Autoencoder,Attack_15,9,V4,0.000022
Healthcare (PTB-XL),TCN Autoencoder,Attack_15,10,V3,0.000010
Healthcare (PTB-XL),TCN Autoencoder,Attack_15,11,V2,0.000010
Healthcare (PTB-XL),TCN Autoencoder,Attack_15,12,V1,0.000008
Healthcare (PTB-XL),TCN Autoencoder,Attack_16,1,III,0.000433
Healthcare (PTB-XL),TCN Autoencoder,Attack_16,2,AVF,0.000370
Healthcare (PTB-XL),TCN Autoencoder,Attack_16,3,AVL,0.000326
Healthcare (PTB-XL),TCN Autoencoder,Attack_16,4,II,0.000302
Healthcare (PTB-XL),TCN Autoencoder,Attack_16,5,AVR,0.000271
Healthcare (PTB-XL),TCN Autoencoder,Attack_16,6,I,0.000166
Healthcare (PTB-XL),TCN Autoencoder,Attack_16,7,V5,0.000023
Healthcare (PTB-XL),TCN Autoencoder,Attack_16,8,V4,0.000023
Healthcare (PTB-XL),TCN Autoencoder,Attack_16,9,V3,0.000022
Healthcare (PTB-XL),TCN Autoencoder,Attack_16,10,V6,0.000015
Healthcare (PTB-XL),TCN Autoencoder,Attack_16,11,V2,0.000014
Healthcare (PTB-XL),TCN Autoencoder,Attack_16,12,V1,0.000007
Healthcare (PTB-XL),TCN Autoencoder,Attack_17,1,III,0.001219
Healthcare (PTB-XL),TCN Autoencoder,Attack_17,2,AVF,0.001068
Healthcare (PTB-XL),TCN Autoencoder,Attack_17,3,AVL,0.000944
Healthcare (PTB-XL),TCN Autoencoder,Attack_17,4,II,0.000656
Healthcare (PTB-XL),TCN Autoencoder,Attack_17,5,AVR,0.000651
Healthcare (PTB-XL),TCN Autoencoder,Attack_17,6,V5,0.000602
Healthcare (PTB-XL),TCN Autoencoder,Attack_17,7,I,0.000504
Healthcare (PTB-XL),TCN Autoencoder,Attack_17,8,V6,0.000190
Healthcare (PTB-XL),TCN Autoencoder,Attack_17,9,V4,0.000092
Healthcare (PTB-XL),TCN Autoencoder,Attack_17,10,V2,0.000088
Healthcare (PTB-XL),TCN Autoencoder,Attack_17,11,V3,0.000083
Healthcare (PTB-XL),TCN Autoencoder,Attack_17,12,V1,0.000040
Healthcare (PTB-XL),TCN Autoencoder,Attack_18,1,III,0.000285
Healthcare (PTB-XL),TCN Autoencoder,Attack_18,2,AVF,0.000263
Healthcare (PTB-XL),TCN Autoencoder,Attack_18,3,AVR,0.000223
Healthcare (PTB-XL),TCN Autoencoder,Attack_18,4,AVL,0.000210
Healthcare (PTB-XL),TCN Autoencoder,Attack_18,5,I,0.000200
Healthcare (PTB-XL),TCN Autoencoder,Attack_18,6,II,0.000171
Healthcare (PTB-XL),TCN Autoencoder,Attack_18,7,V4,0.000033
Healthcare (PTB-XL),TCN Autoencoder,Attack_18,8,V5,0.000031
Healthcare (PTB-XL),TCN Autoencoder,Attack_18,9,V6,0.000017
Healthcare (PTB-XL),TCN Autoencoder,Attack_18,10,V3,0.000013
Healthcare (PTB-XL),TCN Autoencoder,Attack_18,11,V2,0.000010
Healthcare (PTB-XL),TCN Autoencoder,Attack_18,12,V1,0.000005
Healthcare (PTB-XL),TCN Autoencoder,Attack_19,1,III,0.000293
Healthcare (PTB-XL),TCN Autoencoder,Attack_19,2,AVR,0.000219
Healthcare (PTB-XL),TCN Autoencoder,Attack_19,3,AVF,0.000217
Healthcare (PTB-XL),TCN Autoencoder,Attack_19,4,I,0.000217
Healthcare (PTB-XL),TCN Autoencoder,Attack_19,5,AVL,0.000214
Healthcare (PTB-XL),TCN Autoencoder,Attack_19,6,II,0.000128
Healthcare (PTB-XL),TCN Autoencoder,Attack_19,7,V5,0.000014
Healthcare (PTB-XL),TCN Autoencoder,Attack_19,8,V4,0.000009
Healthcare (PTB-XL),TCN Autoencoder,Attack_19,9,V6,0.000007
Healthcare (PTB-XL),TCN Autoencoder,Attack_19,10,V1,0.000006
Healthcare (PTB-XL),TCN Autoencoder,Attack_19,11,V2,0.000006
Healthcare (PTB-XL),TCN Autoencoder,Attack_19,12,V3,0.000006
Healthcare (PTB-XL),TCN Autoencoder,Attack_20,1,V5,0.003394
Healthcare (PTB-XL),TCN Autoencoder,Attack_20,2,V6,0.001391
Healthcare (PTB-XL),TCN Autoencoder,Attack_20,3,V2,0.000616
Healthcare (PTB-XL),TCN Autoencoder,Attack_20,4,V4,0.000562
Healthcare (PTB-XL),TCN Autoencoder,Attack_20,5,AVR,0.000453
Healthcare (PTB-XL),TCN Autoencoder,Attack_20,6,I,0.000443
Healthcare (PTB-XL),TCN Autoencoder,Attack_20,7,II,0.000440
Healthcare (PTB-XL),TCN Autoencoder,Attack_20,8,AVL,0.000411
Healthcare (PTB-XL),TCN Autoencoder,Attack_20,9,V3,0.000407
Healthcare (PTB-XL),TCN Autoencoder,Attack_20,10,AVF,0.000314
Healthcare (PTB-XL),TCN Autoencoder,Attack_20,11,III,0.000313
Healthcare (PTB-XL),TCN Autoencoder,Attack_20,12,V1,0.000112
Healthcare (PTB-XL),Transformer Autoencoder,Attack_1,1,III,0.002135
Healthcare (PTB-XL),Transformer Autoencoder,Attack_1,2,II,0.002085
Healthcare (PTB-XL),Transformer Autoencoder,Attack_1,3,AVL,0.001669
Healthcare (PTB-XL),Transformer Autoencoder,Attack_1,4,AVF,0.001656
Healthcare (PTB-XL),Transformer Autoencoder,Attack_1,5,AVR,0.000921
Healthcare (PTB-XL),Transformer Autoencoder,Attack_1,6,I,0.000841
Healthcare (PTB-XL),Transformer Autoencoder,Attack_1,7,V5,0.000326
Healthcare (PTB-XL),Transformer Autoencoder,Attack_1,8,V4,0.000307
Healthcare (PTB-XL),Transformer Autoencoder,Attack_1,9,V3,0.000294
Healthcare (PTB-XL),Transformer Autoencoder,Attack_1,10,V2,0.000258
Healthcare (PTB-XL),Transformer Autoencoder,Attack_1,11,V1,0.000193
Healthcare (PTB-XL),Transformer Autoencoder,Attack_1,12,V6,0.000130
Healthcare (PTB-XL),Transformer Autoencoder,Attack_2,1,I,0.003812
Healthcare (PTB-XL),Transformer Autoencoder,Attack_2,2,V4,0.003045
Healthcare (PTB-XL),Transformer Autoencoder,Attack_2,3,AVL,0.002777
Healthcare (PTB-XL),Transformer Autoencoder,Attack_2,4,V5,0.002043
Healthcare (PTB-XL),Transformer Autoencoder,Attack_2,5,III,0.001847
Healthcare (PTB-XL),Transformer Autoencoder,Attack_2,6,AVF,0.001563
Healthcare (PTB-XL),Transformer Autoencoder,Attack_2,7,II,0.001533
Healthcare (PTB-XL),Transformer Autoencoder,Attack_2,8,AVR,0.001199
Healthcare (PTB-XL),Transformer Autoencoder,Attack_2,9,V2,0.000896
Healthcare (PTB-XL),Transformer Autoencoder,Attack_2,10,V3,0.000817
Healthcare (PTB-XL),Transformer Autoencoder,Attack_2,11,V6,0.000729
Healthcare (PTB-XL),Transformer Autoencoder,Attack_2,12,V1,0.000642
Healthcare (PTB-XL),Transformer Autoencoder,Attack_3,1,I,0.001039
Healthcare (PTB-XL),Transformer Autoencoder,Attack_3,2,AVR,0.000713
Healthcare (PTB-XL),Transformer Autoencoder,Attack_3,3,AVL,0.000707
Healthcare (PTB-XL),Transformer Autoencoder,Attack_3,4,AVF,0.000588
Healthcare (PTB-XL),Transformer Autoencoder,Attack_3,5,III,0.000577
Healthcare (PTB-XL),Transformer Autoencoder,Attack_3,6,II,0.000569
Healthcare (PTB-XL),Transformer Autoencoder,Attack_3,7,V5,0.000464
Healthcare (PTB-XL),Transformer Autoencoder,Attack_3,8,V4,0.000219
Healthcare (PTB-XL),Transformer Autoencoder,Attack_3,9,V2,0.000174
Healthcare (PTB-XL),Transformer Autoencoder,Attack_3,10,V6,0.000160
Healthcare (PTB-XL),Transformer Autoencoder,Attack_3,11,V3,0.000154
Healthcare (PTB-XL),Transformer Autoencoder,Attack_3,12,V1,0.000097
Healthcare (PTB-XL),Transformer Autoencoder,Attack_4,1,I,0.001403
Healthcare (PTB-XL),Transformer Autoencoder,Attack_4,2,AVR,0.000814
Healthcare (PTB-XL),Transformer Autoencoder,Attack_4,3,II,0.000809
Healthcare (PTB-XL),Transformer Autoencoder,Attack_4,4,AVL,0.000706
Healthcare (PTB-XL),Transformer Autoencoder,Attack_4,5,III,0.000616
Healthcare (PTB-XL),Transformer Autoencoder,Attack_4,6,AVF,0.000614
Healthcare (PTB-XL),Transformer Autoencoder,Attack_4,7,V5,0.000337
Healthcare (PTB-XL),Transformer Autoencoder,Attack_4,8,V2,0.000296
Healthcare (PTB-XL),Transformer Autoencoder,Attack_4,9,V4,0.000242
Healthcare (PTB-XL),Transformer Autoencoder,Attack_4,10,V6,0.000215
Healthcare (PTB-XL),Transformer Autoencoder,Attack_4,11,V3,0.000204
Healthcare (PTB-XL),Transformer Autoencoder,Attack_4,12,V1,0.000186
Healthcare (PTB-XL),Transformer Autoencoder,Attack_5,1,I,0.000595
Healthcare (PTB-XL),Transformer Autoencoder,Attack_5,2,III,0.000421
Healthcare (PTB-XL),Transformer Autoencoder,Attack_5,3,AVL,0.000402
Healthcare (PTB-XL),Transformer Autoencoder,Attack_5,4,II,0.000292
Healthcare (PTB-XL),Transformer Autoencoder,Attack_5,5,AVR,0.000289
Healthcare (PTB-XL),Transformer Autoencoder,Attack_5,6,AVF,0.000255
Healthcare (PTB-XL),Transformer Autoencoder,Attack_5,7,V1,0.000146
Healthcare (PTB-XL),Transformer Autoencoder,Attack_5,8,V2,0.000135
Healthcare (PTB-XL),Transformer Autoencoder,Attack_5,9,V5,0.000108
Healthcare (PTB-XL),Transformer Autoencoder,Attack_5,10,V4,0.000098
Healthcare (PTB-XL),Transformer Autoencoder,Attack_5,11,V3,0.000064
Healthcare (PTB-XL),Transformer Autoencoder,Attack_5,12,V6,0.000042
Healthcare (PTB-XL),Transformer Autoencoder,Attack_6,1,I,0.002127
Healthcare (PTB-XL),Transformer Autoencoder,Attack_6,2,AVL,0.000920
Healthcare (PTB-XL),Transformer Autoencoder,Attack_6,3,AVR,0.000911
Healthcare (PTB-XL),Transformer Autoencoder,Attack_6,4,II,0.000882
Healthcare (PTB-XL),Transformer Autoencoder,Attack_6,5,III,0.000785
Healthcare (PTB-XL),Transformer Autoencoder,Attack_6,6,AVF,0.000734
Healthcare (PTB-XL),Transformer Autoencoder,Attack_6,7,V6,0.000442
Healthcare (PTB-XL),Transformer Autoencoder,Attack_6,8,V5,0.000423
Healthcare (PTB-XL),Transformer Autoencoder,Attack_6,9,V2,0.000391
Healthcare (PTB-XL),Transformer Autoencoder,Attack_6,10,V1,0.000245
Healthcare (PTB-XL),Transformer Autoencoder,Attack_6,11,V4,0.000220
Healthcare (PTB-XL),Transformer Autoencoder,Attack_6,12,V3,0.000179
Healthcare (PTB-XL),Transformer Autoencoder,Attack_7,1,I,0.001292
Healthcare (PTB-XL),Transformer Autoencoder,Attack_7,2,II,0.000777
Healthcare (PTB-XL),Transformer Autoencoder,Attack_7,3,AVR,0.000748
Healthcare (PTB-XL),Transformer Autoencoder,Attack_7,4,AVL,0.000632
Healthcare (PTB-XL),Transformer Autoencoder,Attack_7,5,AVF,0.000553
Healthcare (PTB-XL),Transformer Autoencoder,Attack_7,6,III,0.000512
Healthcare (PTB-XL),Transformer Autoencoder,Attack_7,7,V5,0.000290
Healthcare (PTB-XL),Transformer Autoencoder,Attack_7,8,V4,0.000182
Healthcare (PTB-XL),Transformer Autoencoder,Attack_7,9,V3,0.000159
Healthcare (PTB-XL),Transformer Autoencoder,Attack_7,10,V2,0.000156
Healthcare (PTB-XL),Transformer Autoencoder,Attack_7,11,V6,0.000121
Healthcare (PTB-XL),Transformer Autoencoder,Attack_7,12,V1,0.000054
Healthcare (PTB-XL),Transformer Autoencoder,Attack_8,1,I,0.001574
Healthcare (PTB-XL),Transformer Autoencoder,Attack_8,2,AVL,0.001417
Healthcare (PTB-XL),Transformer Autoencoder,Attack_8,3,III,0.000863
Healthcare (PTB-XL),Transformer Autoencoder,Attack_8,4,AVR,0.000792
Healthcare (PTB-XL),Transformer Autoencoder,Attack_8,5,II,0.000660
Healthcare (PTB-XL),Transformer Autoencoder,Attack_8,6,V5,0.000578
Healthcare (PTB-XL),Transformer Autoencoder,Attack_8,7,AVF,0.000577
Healthcare (PTB-XL),Transformer Autoencoder,Attack_8,8,V4,0.000501
Healthcare (PTB-XL),Transformer Autoencoder,Attack_8,9,V6,0.000282
Healthcare (PTB-XL),Transformer Autoencoder,Attack_8,10,V1,0.000232
Healthcare (PTB-XL),Transformer Autoencoder,Attack_8,11,V3,0.000230
Healthcare (PTB-XL),Transformer Autoencoder,Attack_8,12,V2,0.000180
Healthcare (PTB-XL),Transformer Autoencoder,Attack_9,1,V5,0.005122
Healthcare (PTB-XL),Transformer Autoencoder,Attack_9,2,I,0.004423
Healthcare (PTB-XL),Transformer Autoencoder,Attack_9,3,V6,0.004040
Healthcare (PTB-XL),Transformer Autoencoder,Attack_9,4,V2,0.002847
Healthcare (PTB-XL),Transformer Autoencoder,Attack_9,5,II,0.002834
Healthcare (PTB-XL),Transformer Autoencoder,Attack_9,6,AVF,0.002754
Healthcare (PTB-XL),Transformer Autoencoder,Attack_9,7,AVL,0.002587
Healthcare (PTB-XL),Transformer Autoencoder,Attack_9,8,V3,0.002532
Healthcare (PTB-XL),Transformer Autoencoder,Attack_9,9,III,0.002229
Healthcare (PTB-XL),Transformer Autoencoder,Attack_9,10,AVR,0.001323
Healthcare (PTB-XL),Transformer Autoencoder,Attack_9,11,V1,0.001046
Healthcare (PTB-XL),Transformer Autoencoder,Attack_9,12,V4,0.000981
Healthcare (PTB-XL),Transformer Autoencoder,Attack_10,1,V1,0.003123
Healthcare (PTB-XL),Transformer Autoencoder,Attack_10,2,V2,0.002214
Healthcare (PTB-XL),Transformer Autoencoder,Attack_10,3,II,0.002166
Healthcare (PTB-XL),Transformer Autoencoder,Attack_10,4,AVF,0.001636
Healthcare (PTB-XL),Transformer Autoencoder,Attack_10,5,I,0.001375
Healthcare (PTB-XL),Transformer Autoencoder,Attack_10,6,AVR,0.001359
Healthcare (PTB-XL),Transformer Autoencoder,Attack_10,7,AVL,0.001283
Healthcare (PTB-XL),Transformer Autoencoder,Attack_10,8,III,0.001166
Healthcare (PTB-XL),Transformer Autoencoder,Attack_10,9,V3,0.001041
Healthcare (PTB-XL),Transformer Autoencoder,Attack_10,10,V4,0.000996
Healthcare (PTB-XL),Transformer Autoencoder,Attack_10,11,V6,0.000546
Healthcare (PTB-XL),Transformer Autoencoder,Attack_10,12,V5,0.000273
Healthcare (PTB-XL),Transformer Autoencoder,Attack_11,1,I,0.001560
Healthcare (PTB-XL),Transformer Autoencoder,Attack_11,2,AVR,0.000937
Healthcare (PTB-XL),Transformer Autoencoder,Attack_11,3,AVL,0.000785
Healthcare (PTB-XL),Transformer Autoencoder,Attack_11,4,III,0.000718
Healthcare (PTB-XL),Transformer Autoencoder,Attack_11,5,II,0.000656
Healthcare (PTB-XL),Transformer Autoencoder,Attack_11,6,AVF,0.000648
Healthcare (PTB-XL),Transformer Autoencoder,Attack_11,7,V5,0.000371
Healthcare (PTB-XL),Transformer Autoencoder,Attack_11,8,V2,0.000310
Healthcare (PTB-XL),Transformer Autoencoder,Attack_11,9,V4,0.000267
Healthcare (PTB-XL),Transformer Autoencoder,Attack_11,10,V6,0.000150
Healthcare (PTB-XL),Transformer Autoencoder,Attack_11,11,V3,0.000141
Healthcare (PTB-XL),Transformer Autoencoder,Attack_11,12,V1,0.000135
Healthcare (PTB-XL),Transformer Autoencoder,Attack_12,1,I,0.001278
Healthcare (PTB-XL),Transformer Autoencoder,Attack_12,2,AVL,0.001113
Healthcare (PTB-XL),Transformer Autoencoder,Attack_12,3,III,0.001071
Healthcare (PTB-XL),Transformer Autoencoder,Attack_12,4,II,0.000741
Healthcare (PTB-XL),Transformer Autoencoder,Attack_12,5,AVR,0.000643
Healthcare (PTB-XL),Transformer Autoencoder,Attack_12,6,AVF,0.000598
Healthcare (PTB-XL),Transformer Autoencoder,Attack_12,7,V5,0.000511
Healthcare (PTB-XL),Transformer Autoencoder,Attack_12,8,V4,0.000277
Healthcare (PTB-XL),Transformer Autoencoder,Attack_12,9,V6,0.000264
Healthcare (PTB-XL),Transformer Autoencoder,Attack_12,10,V3,0.000202
Healthcare (PTB-XL),Transformer Autoencoder,Attack_12,11,V2,0.000193
Healthcare (PTB-XL),Transformer Autoencoder,Attack_12,12,V1,0.000148
Healthcare (PTB-XL),Transformer Autoencoder,Attack_13,1,II,0.003610
Healthcare (PTB-XL),Transformer Autoencoder,Attack_13,2,AVF,0.001715
Healthcare (PTB-XL),Transformer Autoencoder,Attack_13,3,III,0.001461
Healthcare (PTB-XL),Transformer Autoencoder,Attack_13,4,AVR,0.001149
Healthcare (PTB-XL),Transformer Autoencoder,Attack_13,5,AVL,0.001144
Healthcare (PTB-XL),Transformer Autoencoder,Attack_13,6,V4,0.001029
Healthcare (PTB-XL),Transformer Autoencoder,Attack_13,7,I,0.000890
Healthcare (PTB-XL),Transformer Autoencoder,Attack_13,8,V3,0.000634
Healthcare (PTB-XL),Transformer Autoencoder,Attack_13,9,V2,0.000626
Healthcare (PTB-XL),Transformer Autoencoder,Attack_13,10,V5,0.000374
Healthcare (PTB-XL),Transformer Autoencoder,Attack_13,11,V6,0.000366
Healthcare (PTB-XL),Transformer Autoencoder,Attack_13,12,V1,0.000266
Healthcare (PTB-XL),Transformer Autoencoder,Attack_14,1,I,0.001395
Healthcare (PTB-XL),Transformer Autoencoder,Attack_14,2,V5,0.000884
Healthcare (PTB-XL),Transformer Autoencoder,Attack_14,3,II,0.000712
Healthcare (PTB-XL),Transformer Autoencoder,Attack_14,4,AVR,0.000682
Healthcare (PTB-XL),Transformer Autoencoder,Attack_14,5,AVF,0.000551
Healthcare (PTB-XL),Transformer Autoencoder,Attack_14,6,AVL,0.000533
Healthcare (PTB-XL),Transformer Autoencoder,Attack_14,7,III,0.000466
Healthcare (PTB-XL),Transformer Autoencoder,Attack_14,8,V4,0.000275
Healthcare (PTB-XL),Transformer Autoencoder,Attack_14,9,V6,0.000216
Healthcare (PTB-XL),Transformer Autoencoder,Attack_14,10,V3,0.000177
Healthcare (PTB-XL),Transformer Autoencoder,Attack_14,11,V1,0.000078
Healthcare (PTB-XL),Transformer Autoencoder,Attack_14,12,V2,0.000064
Healthcare (PTB-XL),Transformer Autoencoder,Attack_15,1,II,0.000445
Healthcare (PTB-XL),Transformer Autoencoder,Attack_15,2,AVF,0.000438
Healthcare (PTB-XL),Transformer Autoencoder,Attack_15,3,III,0.000389
Healthcare (PTB-XL),Transformer Autoencoder,Attack_15,4,AVR,0.000294
Healthcare (PTB-XL),Transformer Autoencoder,Attack_15,5,AVL,0.000293
Healthcare (PTB-XL),Transformer Autoencoder,Attack_15,6,I,0.000266
Healthcare (PTB-XL),Transformer Autoencoder,Attack_15,7,V6,0.000188
Healthcare (PTB-XL),Transformer Autoencoder,Attack_15,8,V5,0.000150
Healthcare (PTB-XL),Transformer Autoencoder,Attack_15,9,V4,0.000137
Healthcare (PTB-XL),Transformer Autoencoder,Attack_15,10,V3,0.000089
Healthcare (PTB-XL),Transformer Autoencoder,Attack_15,11,V2,0.000056
Healthcare (PTB-XL),Transformer Autoencoder,Attack_15,12,V1,0.000028
Healthcare (PTB-XL),Transformer Autoencoder,Attack_16,1,II,0.004082
Healthcare (PTB-XL),Transformer Autoencoder,Attack_16,2,AVL,0.003516
Healthcare (PTB-XL),Transformer Autoencoder,Attack_16,3,AVR,0.001630
Healthcare (PTB-XL),Transformer Autoencoder,Attack_16,4,I,0.001568
Healthcare (PTB-XL),Transformer Autoencoder,Attack_16,5,III,0.001525
Healthcare (PTB-XL),Transformer Autoencoder,Attack_16,6,AVF,0.001298
Healthcare (PTB-XL),Transformer Autoencoder,Attack_16,7,V4,0.000967
Healthcare (PTB-XL),Transformer Autoencoder,Attack_16,8,V3,0.000553
Healthcare (PTB-XL),Transformer Autoencoder,Attack_16,9,V6,0.000438
Healthcare (PTB-XL),Transformer Autoencoder,Attack_16,10,V2,0.000429
Healthcare (PTB-XL),Transformer Autoencoder,Attack_16,11,V5,0.000346
Healthcare (PTB-XL),Transformer Autoencoder,Attack_16,12,V1,0.000156
Healthcare (PTB-XL),Transformer Autoencoder,Attack_17,1,I,0.006980
Healthcare (PTB-XL),Transformer Autoencoder,Attack_17,2,AVL,0.003672
Healthcare (PTB-XL),Transformer Autoencoder,Attack_17,3,III,0.003395
Healthcare (PTB-XL),Transformer Autoencoder,Attack_17,4,AVF,0.002920
Healthcare (PTB-XL),Transformer Autoencoder,Attack_17,5,II,0.002702
Healthcare (PTB-XL),Transformer Autoencoder,Attack_17,6,AVR,0.002512
Healthcare (PTB-XL),Transformer Autoencoder,Attack_17,7,V5,0.001571
Healthcare (PTB-XL),Transformer Autoencoder,Attack_17,8,V4,0.000616
Healthcare (PTB-XL),Transformer Autoencoder,Attack_17,9,V6,0.000578
Healthcare (PTB-XL),Transformer Autoencoder,Attack_17,10,V1,0.000567
Healthcare (PTB-XL),Transformer Autoencoder,Attack_17,11,V2,0.000430
Healthcare (PTB-XL),Transformer Autoencoder,Attack_17,12,V3,0.000307
Healthcare (PTB-XL),Transformer Autoencoder,Attack_18,1,V5,0.002287
Healthcare (PTB-XL),Transformer Autoencoder,Attack_18,2,V4,0.001622
Healthcare (PTB-XL),Transformer Autoencoder,Attack_18,3,I,0.000782
Healthcare (PTB-XL),Transformer Autoencoder,Attack_18,4,AVL,0.000778
Healthcare (PTB-XL),Transformer Autoencoder,Attack_18,5,V6,0.000733
Healthcare (PTB-XL),Transformer Autoencoder,Attack_18,6,II,0.000713
Healthcare (PTB-XL),Transformer Autoencoder,Attack_18,7,AVR,0.000701
Healthcare (PTB-XL),Transformer Autoencoder,Attack_18,8,V3,0.000675
Healthcare (PTB-XL),Transformer Autoencoder,Attack_18,9,AVF,0.000495
Healthcare (PTB-XL),Transformer Autoencoder,Attack_18,10,III,0.000375
Healthcare (PTB-XL),Transformer Autoencoder,Attack_18,11,V2,0.000231
Healthcare (PTB-XL),Transformer Autoencoder,Attack_18,12,V1,0.000182
Healthcare (PTB-XL),Transformer Autoencoder,Attack_19,1,AVL,0.000453
Healthcare (PTB-XL),Transformer Autoencoder,Attack_19,2,I,0.000436
Healthcare (PTB-XL),Transformer Autoencoder,Attack_19,3,II,0.000358
Healthcare (PTB-XL),Transformer Autoencoder,Attack_19,4,AVR,0.000352
Healthcare (PTB-XL),Transformer Autoencoder,Attack_19,5,III,0.000323
Healthcare (PTB-XL),Transformer Autoencoder,Attack_19,6,AVF,0.000249
Healthcare (PTB-XL),Transformer Autoencoder,Attack_19,7,V5,0.000131
Healthcare (PTB-XL),Transformer Autoencoder,Attack_19,8,V4,0.000091
Healthcare (PTB-XL),Transformer Autoencoder,Attack_19,9,V2,0.000063
Healthcare (PTB-XL),Transformer Autoencoder,Attack_19,10,V1,0.000062
Healthcare (PTB-XL),Transformer Autoencoder,Attack_19,11,V3,0.000062
Healthcare (PTB-XL),Transformer Autoencoder,Attack_19,12,V6,0.000051
Healthcare (PTB-XL),Transformer Autoencoder,Attack_20,1,I,0.002116
Healthcare (PTB-XL),Transformer Autoencoder,Attack_20,2,V6,0.001357
Healthcare (PTB-XL),Transformer Autoencoder,Attack_20,3,V5,0.001014
Healthcare (PTB-XL),Transformer Autoencoder,Attack_20,4,II,0.000882
Healthcare (PTB-XL),Transformer Autoencoder,Attack_20,5,AVR,0.000814
Healthcare (PTB-XL),Transformer Autoencoder,Attack_20,6,AVL,0.000707
Healthcare (PTB-XL),Transformer Autoencoder,Attack_20,7,V4,0.000659
Healthcare (PTB-XL),Transformer Autoencoder,Attack_20,8,V2,0.000608
Healthcare (PTB-XL),Transformer Autoencoder,Attack_20,9,AVF,0.000519
Healthcare (PTB-XL),Transformer Autoencoder,Attack_20,10,III,0.000378
Healthcare (PTB-XL),Transformer Autoencoder,Attack_20,11,V1,0.000232
Healthcare (PTB-XL),Transformer Autoencoder,Attack_20,12,V3,0.000222
Industrial (TEP),LSTM Autoencoder,Fault_1,1,XMEAS_1,6.662127
Industrial (TEP),LSTM Autoencoder,Fault_1,2,XMV_3,6.494857
Industrial (TEP),LSTM Autoencoder,Fault_1,3,XMV_9,1.407449
Industrial (TEP),LSTM Autoencoder,Fault_1,4,XMEAS_18,1.197069
Industrial (TEP),LSTM Autoencoder,Fault_1,5,XMEAS_4,1.172378
Industrial (TEP),LSTM Autoencoder,Fault_1,6,XMEAS_19,0.964384
Industrial (TEP),LSTM Autoencoder,Fault_1,7,XMEAS_16,0.598641
Industrial (TEP),LSTM Autoencoder,Fault_1,8,XMEAS_20,0.562663
Industrial (TEP),LSTM Autoencoder,Fault_1,9,XMEAS_7,0.503252
Industrial (TEP),LSTM Autoencoder,Fault_1,10,XMEAS_13,0.485039
Industrial (TEP),LSTM Autoencoder,Fault_1,11,XMEAS_31,0.375205
Industrial (TEP),LSTM Autoencoder,Fault_1,12,XMV_5,0.330270
Industrial (TEP),LSTM Autoencoder,Fault_1,13,XMEAS_38,0.306820
Industrial (TEP),LSTM Autoencoder,Fault_1,14,XMEAS_29,0.306171
Industrial (TEP),LSTM Autoencoder,Fault_1,15,XMEAS_25,0.235400
Industrial (TEP),LSTM Autoencoder,Fault_1,16,XMEAS_11,0.225971
Industrial (TEP),LSTM Autoencoder,Fault_1,17,XMV_4,0.215291
Industrial (TEP),LSTM Autoencoder,Fault_1,18,XMEAS_34,0.211757
Industrial (TEP),LSTM Autoencoder,Fault_1,19,XMEAS_23,0.184116
Industrial (TEP),LSTM Autoencoder,Fault_1,20,XMEAS_35,0.176089
Industrial (TEP),LSTM Autoencoder,Fault_1,21,XMV_6,0.158853
Industrial (TEP),LSTM Autoencoder,Fault_1,22,XMEAS_10,0.157260
Industrial (TEP),LSTM Autoencoder,Fault_1,23,XMEAS_28,0.144522
Industrial (TEP),LSTM Autoencoder,Fault_1,24,XMEAS_33,0.141785
Industrial (TEP),LSTM Autoencoder,Fault_1,25,XMV_2,0.128599
Industrial (TEP),LSTM Autoencoder,Fault_1,26,XMEAS_3,0.124172
Industrial (TEP),LSTM Autoencoder,Fault_1,27,XMEAS_21,0.115583
Industrial (TEP),LSTM Autoencoder,Fault_1,28,XMEAS_27,0.112763
Industrial (TEP),LSTM Autoencoder,Fault_1,29,XMEAS_8,0.111464
Industrial (TEP),LSTM Autoencoder,Fault_1,30,XMEAS_30,0.090775
Industrial (TEP),LSTM Autoencoder,Fault_1,31,XMEAS_36,0.085053
Industrial (TEP),LSTM Autoencoder,Fault_1,32,XMEAS_22,0.077631
Industrial (TEP),LSTM Autoencoder,Fault_1,33,XMEAS_24,0.067263
Industrial (TEP),LSTM Autoencoder,Fault_1,34,XMEAS_39,0.058796
Industrial (TEP),LSTM Autoencoder,Fault_1,35,XMEAS_2,0.052642
Industrial (TEP),LSTM Autoencoder,Fault_1,36,XMEAS_41,0.052172
Industrial (TEP),LSTM Autoencoder,Fault_1,37,XMEAS_26,0.051024
Industrial (TEP),LSTM Autoencoder,Fault_1,38,XMV_8,0.050699
Industrial (TEP),LSTM Autoencoder,Fault_1,39,XMV_10,0.049763
Industrial (TEP),LSTM Autoencoder,Fault_1,40,XMEAS_6,0.049045
Industrial (TEP),LSTM Autoencoder,Fault_1,41,XMEAS_32,0.046922
Industrial (TEP),LSTM Autoencoder,Fault_1,42,XMV_7,0.045123
Industrial (TEP),LSTM Autoencoder,Fault_1,43,XMEAS_5,0.044420
Industrial (TEP),LSTM Autoencoder,Fault_1,44,XMV_11,0.043088
Industrial (TEP),LSTM Autoencoder,Fault_1,45,XMEAS_9,0.042980
Industrial (TEP),LSTM Autoencoder,Fault_1,46,XMEAS_15,0.042251
Industrial (TEP),LSTM Autoencoder,Fault_1,47,XMV_1,0.041726
Industrial (TEP),LSTM Autoencoder,Fault_1,48,XMEAS_14,0.040935
Industrial (TEP),LSTM Autoencoder,Fault_1,49,XMEAS_17,0.040675
Industrial (TEP),LSTM Autoencoder,Fault_1,50,XMEAS_37,0.037609
Industrial (TEP),LSTM Autoencoder,Fault_1,51,XMEAS_40,0.036747
Industrial (TEP),LSTM Autoencoder,Fault_1,52,XMEAS_12,0.035742
Industrial (TEP),LSTM Autoencoder,Fault_2,1,XMEAS_34,21.646542
Industrial (TEP),LSTM Autoencoder,Fault_2,2,XMV_6,18.474255
Industrial (TEP),LSTM Autoencoder,Fault_2,3,XMEAS_10,18.093912
Industrial (TEP),LSTM Autoencoder,Fault_2,4,XMEAS_28,11.357620
Industrial (TEP),LSTM Autoencoder,Fault_2,5,XMEAS_19,3.692786
Industrial (TEP),LSTM Autoencoder,Fault_2,6,XMV_9,2.853031
Industrial (TEP),LSTM Autoencoder,Fault_2,7,XMEAS_18,1.757114
Industrial (TEP),LSTM Autoencoder,Fault_2,8,XMEAS_22,0.995030
Industrial (TEP),LSTM Autoencoder,Fault_2,9,XMEAS_11,0.639028
Industrial (TEP),LSTM Autoencoder,Fault_2,10,XMV_2,0.481408
Industrial (TEP),LSTM Autoencoder,Fault_2,11,XMEAS_35,0.434482
Industrial (TEP),LSTM Autoencoder,Fault_2,12,XMEAS_30,0.395901
Industrial (TEP),LSTM Autoencoder,Fault_2,13,XMEAS_3,0.303199
Industrial (TEP),LSTM Autoencoder,Fault_2,14,XMEAS_39,0.299266
Industrial (TEP),LSTM Autoencoder,Fault_2,15,XMEAS_4,0.289112
Industrial (TEP),LSTM Autoencoder,Fault_2,16,XMEAS_24,0.218535
Industrial (TEP),LSTM Autoencoder,Fault_2,17,XMEAS_7,0.208904
Industrial (TEP),LSTM Autoencoder,Fault_2,18,XMEAS_16,0.199491
Industrial (TEP),LSTM Autoencoder,Fault_2,19,XMEAS_13,0.190462
Industrial (TEP),LSTM Autoencoder,Fault_2,20,XMEAS_36,0.161187
Industrial (TEP),LSTM Autoencoder,Fault_2,21,XMV_5,0.129427
Industrial (TEP),LSTM Autoencoder,Fault_2,22,XMEAS_20,0.088290
Industrial (TEP),LSTM Autoencoder,Fault_2,23,XMEAS_21,0.086139
Industrial (TEP),LSTM Autoencoder,Fault_2,24,XMEAS_25,0.085134
Industrial (TEP),LSTM Autoencoder,Fault_2,25,XMEAS_31,0.083230
Industrial (TEP),LSTM Autoencoder,Fault_2,26,XMEAS_2,0.078046
Industrial (TEP),LSTM Autoencoder,Fault_2,27,XMV_4,0.074775
Industrial (TEP),LSTM Autoencoder,Fault_2,28,XMV_1,0.072403
Industrial (TEP),LSTM Autoencoder,Fault_2,29,XMEAS_6,0.063619
Industrial (TEP),LSTM Autoencoder,Fault_2,30,XMEAS_33,0.056601
Industrial (TEP),LSTM Autoencoder,Fault_2,31,XMV_7,0.052575
Industrial (TEP),LSTM Autoencoder,Fault_2,32,XMEAS_15,0.048438
Industrial (TEP),LSTM Autoencoder,Fault_2,33,XMEAS_23,0.048085
Industrial (TEP),LSTM Autoencoder,Fault_2,34,XMV_10,0.048040
Industrial (TEP),LSTM Autoencoder,Fault_2,35,XMEAS_1,0.047508
Industrial (TEP),LSTM Autoencoder,Fault_2,36,XMV_3,0.047096
Industrial (TEP),LSTM Autoencoder,Fault_2,37,XMEAS_8,0.044085
Industrial (TEP),LSTM Autoencoder,Fault_2,38,XMEAS_41,0.043140
Industrial (TEP),LSTM Autoencoder,Fault_2,39,XMV_8,0.041986
Industrial (TEP),LSTM Autoencoder,Fault_2,40,XMV_11,0.039963
Industrial (TEP),LSTM Autoencoder,Fault_2,41,XMEAS_27,0.038504
Industrial (TEP),LSTM Autoencoder,Fault_2,42,XMEAS_14,0.037949
Industrial (TEP),LSTM Autoencoder,Fault_2,43,XMEAS_9,0.036866
Industrial (TEP),LSTM Autoencoder,Fault_2,44,XMEAS_40,0.035341
Industrial (TEP),LSTM Autoencoder,Fault_2,45,XMEAS_26,0.035085
Industrial (TEP),LSTM Autoencoder,Fault_2,46,XMEAS_5,0.033886
Industrial (TEP),LSTM Autoencoder,Fault_2,47,XMEAS_12,0.033320
Industrial (TEP),LSTM Autoencoder,Fault_2,48,XMEAS_38,0.032778
Industrial (TEP),LSTM Autoencoder,Fault_2,49,XMEAS_32,0.032489
Industrial (TEP),LSTM Autoencoder,Fault_2,50,XMEAS_17,0.032173
Industrial (TEP),LSTM Autoencoder,Fault_2,51,XMEAS_37,0.030593
Industrial (TEP),LSTM Autoencoder,Fault_2,52,XMEAS_29,0.029270
Industrial (TEP),LSTM Autoencoder,Fault_3,1,XMEAS_39,0.064847
Industrial (TEP),LSTM Autoencoder,Fault_3,2,XMEAS_20,0.056290
Industrial (TEP),LSTM Autoencoder,Fault_3,3,XMV_6,0.051905
Industrial (TEP),LSTM Autoencoder,Fault_3,4,XMEAS_26,0.051601
Industrial (TEP),LSTM Autoencoder,Fault_3,5,XMEAS_21,0.051594
Industrial (TEP),LSTM Autoencoder,Fault_3,6,XMV_5,0.051351
Industrial (TEP),LSTM Autoencoder,Fault_3,7,XMV_9,0.050955
Industrial (TEP),LSTM Autoencoder,Fault_3,8,XMEAS_9,0.050777
Industrial (TEP),LSTM Autoencoder,Fault_3,9,XMV_8,0.050547
Industrial (TEP),LSTM Autoencoder,Fault_3,10,XMEAS_2,0.049693
Industrial (TEP),LSTM Autoencoder,Fault_3,11,XMEAS_24,0.049631
Industrial (TEP),LSTM Autoencoder,Fault_3,12,XMEAS_15,0.049509
Industrial (TEP),LSTM Autoencoder,Fault_3,13,XMEAS_33,0.049431
Industrial (TEP),LSTM Autoencoder,Fault_3,14,XMEAS_19,0.048802
Industrial (TEP),LSTM Autoencoder,Fault_3,15,XMEAS_23,0.048667
Industrial (TEP),LSTM Autoencoder,Fault_3,16,XMEAS_1,0.048589
Industrial (TEP),LSTM Autoencoder,Fault_3,17,XMEAS_41,0.048570
Industrial (TEP),LSTM Autoencoder,Fault_3,18,XMEAS_28,0.048220
Industrial (TEP),LSTM Autoencoder,Fault_3,19,XMEAS_35,0.048142
Industrial (TEP),LSTM Autoencoder,Fault_3,20,XMEAS_6,0.047995
Industrial (TEP),LSTM Autoencoder,Fault_3,21,XMEAS_40,0.047665
Industrial (TEP),LSTM Autoencoder,Fault_3,22,XMEAS_14,0.047379
Industrial (TEP),LSTM Autoencoder,Fault_3,23,XMEAS_25,0.047204
Industrial (TEP),LSTM Autoencoder,Fault_3,24,XMEAS_34,0.046237
Industrial (TEP),LSTM Autoencoder,Fault_3,25,XMEAS_17,0.045739
Industrial (TEP),LSTM Autoencoder,Fault_3,26,XMV_2,0.045643
Industrial (TEP),LSTM Autoencoder,Fault_3,27,XMEAS_30,0.045512
Industrial (TEP),LSTM Autoencoder,Fault_3,28,XMEAS_8,0.045304
Industrial (TEP),LSTM Autoencoder,Fault_3,29,XMV_4,0.044895
Industrial (TEP),LSTM Autoencoder,Fault_3,30,XMEAS_31,0.044534
Industrial (TEP),LSTM Autoencoder,Fault_3,31,XMEAS_32,0.044444
Industrial (TEP),LSTM Autoencoder,Fault_3,32,XMV_1,0.044325
Industrial (TEP),LSTM Autoencoder,Fault_3,33,XMV_11,0.044224
Industrial (TEP),LSTM Autoencoder,Fault_3,34,XMEAS_11,0.043940
Industrial (TEP),LSTM Autoencoder,Fault_3,35,XMEAS_29,0.043396
Industrial (TEP),LSTM Autoencoder,Fault_3,36,XMEAS_38,0.043206
Industrial (TEP),LSTM Autoencoder,Fault_3,37,XMEAS_7,0.043068
Industrial (TEP),LSTM Autoencoder,Fault_3,38,XMV_10,0.043014
Industrial (TEP),LSTM Autoencoder,Fault_3,39,XMEAS_3,0.042705
Industrial (TEP),LSTM Autoencoder,Fault_3,40,XMEAS_16,0.042501
Industrial (TEP),LSTM Autoencoder,Fault_3,41,XMEAS_10,0.042100
Industrial (TEP),LSTM Autoencoder,Fault_3,42,XMEAS_36,0.041394
Industrial (TEP),LSTM Autoencoder,Fault_3,43,XMV_3,0.040554
Industrial (TEP),LSTM Autoencoder,Fault_3,44,XMEAS_4,0.040255
Industrial (TEP),LSTM Autoencoder,Fault_3,45,XMEAS_5,0.039792
Industrial (TEP),LSTM Autoencoder,Fault_3,46,XMEAS_37,0.039669
Industrial (TEP),LSTM Autoencoder,Fault_3,47,XMEAS_18,0.038610
Industrial (TEP),LSTM Autoencoder,Fault_3,48,XMEAS_22,0.038494
Industrial (TEP),LSTM Autoencoder,Fault_3,49,XMEAS_12,0.037969
Industrial (TEP),LSTM Autoencoder,Fault_3,50,XMV_7,0.036190
Industrial (TEP),LSTM Autoencoder,Fault_3,51,XMEAS_13,0.035894
Industrial (TEP),LSTM Autoencoder,Fault_3,52,XMEAS_27,0.034592
Industrial (TEP),LSTM Autoencoder,Fault_4,1,XMV_10,0.967436
Industrial (TEP),LSTM Autoencoder,Fault_4,2,XMEAS_20,0.057685
Industrial (TEP),LSTM Autoencoder,Fault_4,3,XMEAS_39,0.056916
Industrial (TEP),LSTM Autoencoder,Fault_4,4,XMEAS_1,0.051957
Industrial (TEP),LSTM Autoencoder,Fault_4,5,XMV_9,0.051830
Industrial (TEP),LSTM Autoencoder,Fault_4,6,XMEAS_2,0.049895
Industrial (TEP),LSTM Autoencoder,Fault_4,7,XMEAS_26,0.049422
Industrial (TEP),LSTM Autoencoder,Fault_4,8,XMV_5,0.049028
Industrial (TEP),LSTM Autoencoder,Fault_4,9,XMEAS_24,0.049005
Industrial (TEP),LSTM Autoencoder,Fault_4,10,XMEAS_35,0.048777
Industrial (TEP),LSTM Autoencoder,Fault_4,11,XMEAS_40,0.048490
Industrial (TEP),LSTM Autoencoder,Fault_4,12,XMEAS_41,0.048358
Industrial (TEP),LSTM Autoencoder,Fault_4,13,XMEAS_28,0.048168
Industrial (TEP),LSTM Autoencoder,Fault_4,14,XMEAS_19,0.048046
Industrial (TEP),LSTM Autoencoder,Fault_4,15,XMEAS_14,0.047953
Industrial (TEP),LSTM Autoencoder,Fault_4,16,XMV_6,0.047939
Industrial (TEP),LSTM Autoencoder,Fault_4,17,XMEAS_34,0.047910
Industrial (TEP),LSTM Autoencoder,Fault_4,18,XMV_4,0.047478
Industrial (TEP),LSTM Autoencoder,Fault_4,19,XMEAS_15,0.047056
Industrial (TEP),LSTM Autoencoder,Fault_4,20,XMEAS_33,0.047040
Industrial (TEP),LSTM Autoencoder,Fault_4,21,XMV_8,0.047009
Industrial (TEP),LSTM Autoencoder,Fault_4,22,XMV_2,0.046507
Industrial (TEP),LSTM Autoencoder,Fault_4,23,XMEAS_23,0.046457
Industrial (TEP),LSTM Autoencoder,Fault_4,24,XMEAS_6,0.045975
Industrial (TEP),LSTM Autoencoder,Fault_4,25,XMEAS_30,0.045745
Industrial (TEP),LSTM Autoencoder,Fault_4,26,XMV_1,0.045414
Industrial (TEP),LSTM Autoencoder,Fault_4,27,XMEAS_29,0.045077
Industrial (TEP),LSTM Autoencoder,Fault_4,28,XMEAS_38,0.044857
Industrial (TEP),LSTM Autoencoder,Fault_4,29,XMV_11,0.044609
Industrial (TEP),LSTM Autoencoder,Fault_4,30,XMEAS_17,0.044315
Industrial (TEP),LSTM Autoencoder,Fault_4,31,XMEAS_9,0.044062
Industrial (TEP),LSTM Autoencoder,Fault_4,32,XMEAS_36,0.043477
Industrial (TEP),LSTM Autoencoder,Fault_4,33,XMEAS_16,0.043428
Industrial (TEP),LSTM Autoencoder,Fault_4,34,XMEAS_31,0.043411
Industrial (TEP),LSTM Autoencoder,Fault_4,35,XMEAS_25,0.043191
Industrial (TEP),LSTM Autoencoder,Fault_4,36,XMEAS_32,0.042891
Industrial (TEP),LSTM Autoencoder,Fault_4,37,XMEAS_10,0.042357
Industrial (TEP),LSTM Autoencoder,Fault_4,38,XMEAS_11,0.042055
Industrial (TEP),LSTM Autoencoder,Fault_4,39,XMEAS_4,0.041910
Industrial (TEP),LSTM Autoencoder,Fault_4,40,XMEAS_3,0.041882
Industrial (TEP),LSTM Autoencoder,Fault_4,41,XMEAS_8,0.041755
Industrial (TEP),LSTM Autoencoder,Fault_4,42,XMV_3,0.041402
Industrial (TEP),LSTM Autoencoder,Fault_4,43,XMEAS_7,0.041316
Industrial (TEP),LSTM Autoencoder,Fault_4,44,XMEAS_21,0.040375
Industrial (TEP),LSTM Autoencoder,Fault_4,45,XMEAS_18,0.039455
Industrial (TEP),LSTM Autoencoder,Fault_4,46,XMEAS_5,0.038747
Industrial (TEP),LSTM Autoencoder,Fault_4,47,XMEAS_37,0.037633
Industrial (TEP),LSTM Autoencoder,Fault_4,48,XMEAS_13,0.037576
Industrial (TEP),LSTM Autoencoder,Fault_4,49,XMEAS_22,0.036940
Industrial (TEP),LSTM Autoencoder,Fault_4,50,XMEAS_12,0.036140
Industrial (TEP),LSTM Autoencoder,Fault_4,51,XMV_7,0.035298
Industrial (TEP),LSTM Autoencoder,Fault_4,52,XMEAS_27,0.034421
Industrial (TEP),LSTM Autoencoder,Fault_5,1,XMEAS_19,0.286203
Industrial (TEP),LSTM Autoencoder,Fault_5,2,XMV_9,0.266975
Industrial (TEP),LSTM Autoencoder,Fault_5,3,XMEAS_20,0.237986
Industrial (TEP),LSTM Autoencoder,Fault_5,4,XMEAS_18,0.234975
Industrial (TEP),LSTM Autoencoder,Fault_5,5,XMV_5,0.171504
Industrial (TEP),LSTM Autoencoder,Fault_5,6,XMEAS_7,0.164544
Industrial (TEP),LSTM Autoencoder,Fault_5,7,XMEAS_13,0.156631
Industrial (TEP),LSTM Autoencoder,Fault_5,8,XMEAS_38,0.150483
Industrial (TEP),LSTM Autoencoder,Fault_5,9,XMEAS_16,0.144500
Industrial (TEP),LSTM Autoencoder,Fault_5,10,XMV_11,0.116385
Industrial (TEP),LSTM Autoencoder,Fault_5,11,XMEAS_11,0.106678
Industrial (TEP),LSTM Autoencoder,Fault_5,12,XMEAS_33,0.104830
Industrial (TEP),LSTM Autoencoder,Fault_5,13,XMEAS_31,0.102821
Industrial (TEP),LSTM Autoencoder,Fault_5,14,XMEAS_29,0.099772
Industrial (TEP),LSTM Autoencoder,Fault_5,15,XMEAS_1,0.087295
Industrial (TEP),LSTM Autoencoder,Fault_5,16,XMEAS_35,0.086855
Industrial (TEP),LSTM Autoencoder,Fault_5,17,XMEAS_25,0.086402
Industrial (TEP),LSTM Autoencoder,Fault_5,18,XMV_3,0.078889
Industrial (TEP),LSTM Autoencoder,Fault_5,19,XMEAS_21,0.076254
Industrial (TEP),LSTM Autoencoder,Fault_5,20,XMV_2,0.075227
Industrial (TEP),LSTM Autoencoder,Fault_5,21,XMEAS_23,0.073235
Industrial (TEP),LSTM Autoencoder,Fault_5,22,XMEAS_4,0.072286
Industrial (TEP),LSTM Autoencoder,Fault_5,23,XMEAS_3,0.065507
Industrial (TEP),LSTM Autoencoder,Fault_5,24,XMEAS_39,0.064518
Industrial (TEP),LSTM Autoencoder,Fault_5,25,XMV_6,0.062270
Industrial (TEP),LSTM Autoencoder,Fault_5,26,XMEAS_34,0.061027
Industrial (TEP),LSTM Autoencoder,Fault_5,27,XMEAS_27,0.059008
Industrial (TEP),LSTM Autoencoder,Fault_5,28,XMEAS_8,0.058525
Industrial (TEP),LSTM Autoencoder,Fault_5,29,XMEAS_30,0.054423
Industrial (TEP),LSTM Autoencoder,Fault_5,30,XMEAS_28,0.053381
Industrial (TEP),LSTM Autoencoder,Fault_5,31,XMEAS_10,0.053350
Industrial (TEP),LSTM Autoencoder,Fault_5,32,XMEAS_24,0.053111
Industrial (TEP),LSTM Autoencoder,Fault_5,33,XMEAS_36,0.051645
Industrial (TEP),LSTM Autoencoder,Fault_5,34,XMEAS_6,0.049590
Industrial (TEP),LSTM Autoencoder,Fault_5,35,XMV_4,0.049555
Industrial (TEP),LSTM Autoencoder,Fault_5,36,XMEAS_26,0.049429
Industrial (TEP),LSTM Autoencoder,Fault_5,37,XMEAS_9,0.047737
Industrial (TEP),LSTM Autoencoder,Fault_5,38,XMEAS_2,0.047660
Industrial (TEP),LSTM Autoencoder,Fault_5,39,XMEAS_41,0.047615
Industrial (TEP),LSTM Autoencoder,Fault_5,40,XMV_8,0.047439
Industrial (TEP),LSTM Autoencoder,Fault_5,41,XMEAS_14,0.046743
Industrial (TEP),LSTM Autoencoder,Fault_5,42,XMV_10,0.045936
Industrial (TEP),LSTM Autoencoder,Fault_5,43,XMEAS_15,0.045735
Industrial (TEP),LSTM Autoencoder,Fault_5,44,XMEAS_32,0.045443
Industrial (TEP),LSTM Autoencoder,Fault_5,45,XMEAS_22,0.045249
Industrial (TEP),LSTM Autoencoder,Fault_5,46,XMEAS_40,0.045147
Industrial (TEP),LSTM Autoencoder,Fault_5,47,XMV_1,0.043032
Industrial (TEP),LSTM Autoencoder,Fault_5,48,XMEAS_17,0.042629
Industrial (TEP),LSTM Autoencoder,Fault_5,49,XMEAS_5,0.039475
Industrial (TEP),LSTM Autoencoder,Fault_5,50,XMEAS_37,0.038789
Industrial (TEP),LSTM Autoencoder,Fault_5,51,XMV_7,0.035517
Industrial (TEP),LSTM Autoencoder,Fault_5,52,XMEAS_12,0.035065
Industrial (TEP),LSTM Autoencoder,Fault_6,1,XMV_10,166.300576
Industrial (TEP),LSTM Autoencoder,Fault_6,2,XMEAS_16,72.374455
Industrial (TEP),LSTM Autoencoder,Fault_6,3,XMV_5,52.261000
Industrial (TEP),LSTM Autoencoder,Fault_6,4,XMEAS_7,41.522321
Industrial (TEP),LSTM Autoencoder,Fault_6,5,XMEAS_13,36.091201
Industrial (TEP),LSTM Autoencoder,Fault_6,6,XMEAS_31,31.829546
Industrial (TEP),LSTM Autoencoder,Fault_6,7,XMEAS_29,25.533292
Industrial (TEP),LSTM Autoencoder,Fault_6,8,XMEAS_11,19.149940
Industrial (TEP),LSTM Autoencoder,Fault_6,9,XMV_11,18.524696
Industrial (TEP),LSTM Autoencoder,Fault_6,10,XMEAS_25,17.413266
Industrial (TEP),LSTM Autoencoder,Fault_6,11,XMV_2,17.048127
Industrial (TEP),LSTM Autoencoder,Fault_6,12,XMEAS_19,15.465623
Industrial (TEP),LSTM Autoencoder,Fault_6,13,XMEAS_20,15.276572
Industrial (TEP),LSTM Autoencoder,Fault_6,14,XMV_3,14.629474
Industrial (TEP),LSTM Autoencoder,Fault_6,15,XMEAS_23,14.417260
Industrial (TEP),LSTM Autoencoder,Fault_6,16,XMV_9,11.427544
Industrial (TEP),LSTM Autoencoder,Fault_6,17,XMV_6,10.810616
Industrial (TEP),LSTM Autoencoder,Fault_6,18,XMEAS_35,9.887440
Industrial (TEP),LSTM Autoencoder,Fault_6,19,XMV_4,5.899289
Industrial (TEP),LSTM Autoencoder,Fault_6,20,XMEAS_36,4.145814
Industrial (TEP),LSTM Autoencoder,Fault_6,21,XMEAS_22,3.941248
Industrial (TEP),LSTM Autoencoder,Fault_6,22,XMEAS_38,3.793251
Industrial (TEP),LSTM Autoencoder,Fault_6,23,XMEAS_34,3.084962
Industrial (TEP),LSTM Autoencoder,Fault_6,24,XMEAS_10,2.648583
Industrial (TEP),LSTM Autoencoder,Fault_6,25,XMEAS_1,1.740251
Industrial (TEP),LSTM Autoencoder,Fault_6,26,XMEAS_21,1.263669
Industrial (TEP),LSTM Autoencoder,Fault_6,27,XMEAS_28,1.211933
Industrial (TEP),LSTM Autoencoder,Fault_6,28,XMEAS_3,0.678454
Industrial (TEP),LSTM Autoencoder,Fault_6,29,XMEAS_18,0.480398
Industrial (TEP),LSTM Autoencoder,Fault_6,30,XMV_1,0.378972
Industrial (TEP),LSTM Autoencoder,Fault_6,31,XMEAS_30,0.270189
Industrial (TEP),LSTM Autoencoder,Fault_6,32,XMEAS_41,0.211343
Industrial (TEP),LSTM Autoencoder,Fault_6,33,XMEAS_24,0.194808
Industrial (TEP),LSTM Autoencoder,Fault_6,34,XMEAS_4,0.177168
Industrial (TEP),LSTM Autoencoder,Fault_6,35,XMEAS_40,0.141962
Industrial (TEP),LSTM Autoencoder,Fault_6,36,XMEAS_27,0.115672
Industrial (TEP),LSTM Autoencoder,Fault_6,37,XMEAS_39,0.069722
Industrial (TEP),LSTM Autoencoder,Fault_6,38,XMEAS_32,0.059340
Industrial (TEP),LSTM Autoencoder,Fault_6,39,XMEAS_33,0.050075
Industrial (TEP),LSTM Autoencoder,Fault_6,40,XMV_8,0.047969
Industrial (TEP),LSTM Autoencoder,Fault_6,41,XMEAS_15,0.043211
Industrial (TEP),LSTM Autoencoder,Fault_6,42,XMEAS_37,0.042541
Industrial (TEP),LSTM Autoencoder,Fault_6,43,XMEAS_26,0.037325
Industrial (TEP),LSTM Autoencoder,Fault_6,44,XMEAS_5,0.036751
Industrial (TEP),LSTM Autoencoder,Fault_6,45,XMEAS_8,0.035430
Industrial (TEP),LSTM Autoencoder,Fault_6,46,XMEAS_6,0.035002
Industrial (TEP),LSTM Autoencoder,Fault_6,47,XMEAS_17,0.030527
Industrial (TEP),LSTM Autoencoder,Fault_6,48,XMV_7,0.029619
Industrial (TEP),LSTM Autoencoder,Fault_6,49,XMEAS_2,0.028939
Industrial (TEP),LSTM Autoencoder,Fault_6,50,XMEAS_12,0.027321
Industrial (TEP),LSTM Autoencoder,Fault_6,51,XMEAS_14,0.024607
Industrial (TEP),LSTM Autoencoder,Fault_6,52,XMEAS_9,0.023191
Industrial (TEP),LSTM Autoencoder,Fault_7,1,XMV_4,3.026012
Industrial (TEP),LSTM Autoencoder,Fault_7,2,XMEAS_20,0.766622
Industrial (TEP),LSTM Autoencoder,Fault_7,3,XMV_9,0.735911
Industrial (TEP),LSTM Autoencoder,Fault_7,4,XMEAS_19,0.655331
Industrial (TEP),LSTM Autoencoder,Fault_7,5,XMEAS_18,0.597109
Industrial (TEP),LSTM Autoencoder,Fault_7,6,XMEAS_13,0.574065
Industrial (TEP),LSTM Autoencoder,Fault_7,7,XMEAS_7,0.566347
Industrial (TEP),LSTM Autoencoder,Fault_7,8,XMV_5,0.565170
Industrial (TEP),LSTM Autoencoder,Fault_7,9,XMEAS_38,0.494221
Industrial (TEP),LSTM Autoencoder,Fault_7,10,XMEAS_16,0.462649
Industrial (TEP),LSTM Autoencoder,Fault_7,11,XMEAS_33,0.297429
Industrial (TEP),LSTM Autoencoder,Fault_7,12,XMEAS_11,0.287292
Industrial (TEP),LSTM Autoencoder,Fault_7,13,XMEAS_31,0.235763
Industrial (TEP),LSTM Autoencoder,Fault_7,14,XMEAS_29,0.223873
Industrial (TEP),LSTM Autoencoder,Fault_7,15,XMEAS_4,0.187558
Industrial (TEP),LSTM Autoencoder,Fault_7,16,XMEAS_35,0.179579
Industrial (TEP),LSTM Autoencoder,Fault_7,17,XMEAS_25,0.169177
Industrial (TEP),LSTM Autoencoder,Fault_7,18,XMEAS_1,0.168892
Industrial (TEP),LSTM Autoencoder,Fault_7,19,XMV_3,0.166939
Industrial (TEP),LSTM Autoencoder,Fault_7,20,XMEAS_8,0.165307
Industrial (TEP),LSTM Autoencoder,Fault_7,21,XMEAS_21,0.156741
Industrial (TEP),LSTM Autoencoder,Fault_7,22,XMV_2,0.133668
Industrial (TEP),LSTM Autoencoder,Fault_7,23,XMEAS_23,0.131161
Industrial (TEP),LSTM Autoencoder,Fault_7,24,XMEAS_27,0.129271
Industrial (TEP),LSTM Autoencoder,Fault_7,25,XMEAS_3,0.113960
Industrial (TEP),LSTM Autoencoder,Fault_7,26,XMV_6,0.090492
Industrial (TEP),LSTM Autoencoder,Fault_7,27,XMEAS_34,0.088457
Industrial (TEP),LSTM Autoencoder,Fault_7,28,XMEAS_10,0.075634
Industrial (TEP),LSTM Autoencoder,Fault_7,29,XMEAS_36,0.073609
Industrial (TEP),LSTM Autoencoder,Fault_7,30,XMEAS_24,0.072895
Industrial (TEP),LSTM Autoencoder,Fault_7,31,XMEAS_30,0.071854
Industrial (TEP),LSTM Autoencoder,Fault_7,32,XMEAS_22,0.070125
Industrial (TEP),LSTM Autoencoder,Fault_7,33,XMEAS_39,0.066381
Industrial (TEP),LSTM Autoencoder,Fault_7,34,XMEAS_28,0.065899
Industrial (TEP),LSTM Autoencoder,Fault_7,35,XMV_10,0.065335
Industrial (TEP),LSTM Autoencoder,Fault_7,36,XMEAS_6,0.054080
Industrial (TEP),LSTM Autoencoder,Fault_7,37,XMEAS_2,0.052253
Industrial (TEP),LSTM Autoencoder,Fault_7,38,XMEAS_32,0.050131
Industrial (TEP),LSTM Autoencoder,Fault_7,39,XMEAS_26,0.046826
Industrial (TEP),LSTM Autoencoder,Fault_7,40,XMV_1,0.046791
Industrial (TEP),LSTM Autoencoder,Fault_7,41,XMEAS_9,0.044231
Industrial (TEP),LSTM Autoencoder,Fault_7,42,XMEAS_14,0.043331
Industrial (TEP),LSTM Autoencoder,Fault_7,43,XMV_8,0.042696
Industrial (TEP),LSTM Autoencoder,Fault_7,44,XMEAS_15,0.042050
Industrial (TEP),LSTM Autoencoder,Fault_7,45,XMEAS_41,0.040983
Industrial (TEP),LSTM Autoencoder,Fault_7,46,XMEAS_17,0.039063
Industrial (TEP),LSTM Autoencoder,Fault_7,47,XMEAS_5,0.037966
Industrial (TEP),LSTM Autoencoder,Fault_7,48,XMV_11,0.037313
Industrial (TEP),LSTM Autoencoder,Fault_7,49,XMEAS_40,0.035723
Industrial (TEP),LSTM Autoencoder,Fault_7,50,XMV_7,0.033169
Industrial (TEP),LSTM Autoencoder,Fault_7,51,XMEAS_12,0.033133
Industrial (TEP),LSTM Autoencoder,Fault_7,52,XMEAS_37,0.029228
Industrial (TEP),LSTM Autoencoder,Fault_8,1,XMEAS_20,3.160649
Industrial (TEP),LSTM Autoencoder,Fault_8,2,XMEAS_16,2.422740
Industrial (TEP),LSTM Autoencoder,Fault_8,3,XMV_9,2.261162
Industrial (TEP),LSTM Autoencoder,Fault_8,4,XMEAS_34,2.108645
Industrial (TEP),LSTM Autoencoder,Fault_8,5,XMEAS_19,2.000331
Industrial (TEP),LSTM Autoencoder,Fault_8,6,XMEAS_7,1.969928
Industrial (TEP),LSTM Autoencoder,Fault_8,7,XMEAS_31,1.901881
Industrial (TEP),LSTM Autoencoder,Fault_8,8,XMV_5,1.901720
Industrial (TEP),LSTM Autoencoder,Fault_8,9,XMEAS_13,1.893239
Industrial (TEP),LSTM Autoencoder,Fault_8,10,XMEAS_29,1.821467
Industrial (TEP),LSTM Autoencoder,Fault_8,11,XMEAS_18,1.532366
Industrial (TEP),LSTM Autoencoder,Fault_8,12,XMEAS_38,1.425224
Industrial (TEP),LSTM Autoencoder,Fault_8,13,XMEAS_1,1.162135
Industrial (TEP),LSTM Autoencoder,Fault_8,14,XMEAS_28,1.156032
Industrial (TEP),LSTM Autoencoder,Fault_8,15,XMV_3,1.143264
Industrial (TEP),LSTM Autoencoder,Fault_8,16,XMV_6,1.135539
Industrial (TEP),LSTM Autoencoder,Fault_8,17,XMEAS_10,1.125900
Industrial (TEP),LSTM Autoencoder,Fault_8,18,XMEAS_25,1.095445
Industrial (TEP),LSTM Autoencoder,Fault_8,19,XMEAS_23,0.987732
Industrial (TEP),LSTM Autoencoder,Fault_8,20,XMEAS_11,0.958071
Industrial (TEP),LSTM Autoencoder,Fault_8,21,XMEAS_4,0.692154
Industrial (TEP),LSTM Autoencoder,Fault_8,22,XMEAS_33,0.666483
Industrial (TEP),LSTM Autoencoder,Fault_8,23,XMEAS_35,0.549361
Industrial (TEP),LSTM Autoencoder,Fault_8,24,XMEAS_21,0.416715
Industrial (TEP),LSTM Autoencoder,Fault_8,25,XMEAS_30,0.415934
Industrial (TEP),LSTM Autoencoder,Fault_8,26,XMEAS_27,0.343634
Industrial (TEP),LSTM Autoencoder,Fault_8,27,XMV_2,0.340904
Industrial (TEP),LSTM Autoencoder,Fault_8,28,XMEAS_8,0.309923
Industrial (TEP),LSTM Autoencoder,Fault_8,29,XMEAS_3,0.287653
Industrial (TEP),LSTM Autoencoder,Fault_8,30,XMEAS_22,0.242606
Industrial (TEP),LSTM Autoencoder,Fault_8,31,XMEAS_36,0.230291
Industrial (TEP),LSTM Autoencoder,Fault_8,32,XMEAS_24,0.230096
Industrial (TEP),LSTM Autoencoder,Fault_8,33,XMV_4,0.171930
Industrial (TEP),LSTM Autoencoder,Fault_8,34,XMV_10,0.141407
Industrial (TEP),LSTM Autoencoder,Fault_8,35,XMEAS_39,0.134922
Industrial (TEP),LSTM Autoencoder,Fault_8,36,XMEAS_32,0.090063
Industrial (TEP),LSTM Autoencoder,Fault_8,37,XMEAS_6,0.080577
Industrial (TEP),LSTM Autoencoder,Fault_8,38,XMEAS_2,0.070841
Industrial (TEP),LSTM Autoencoder,Fault_8,39,XMEAS_26,0.065658
Industrial (TEP),LSTM Autoencoder,Fault_8,40,XMV_1,0.062387
Industrial (TEP),LSTM Autoencoder,Fault_8,41,XMEAS_41,0.060969
Industrial (TEP),LSTM Autoencoder,Fault_8,42,XMEAS_9,0.057484
Industrial (TEP),LSTM Autoencoder,Fault_8,43,XMEAS_40,0.050534
Industrial (TEP),LSTM Autoencoder,Fault_8,44,XMEAS_14,0.048888
Industrial (TEP),LSTM Autoencoder,Fault_8,45,XMV_11,0.047088
Industrial (TEP),LSTM Autoencoder,Fault_8,46,XMV_8,0.046706
Industrial (TEP),LSTM Autoencoder,Fault_8,47,XMEAS_15,0.046201
Industrial (TEP),LSTM Autoencoder,Fault_8,48,XMEAS_17,0.046106
Industrial (TEP),LSTM Autoencoder,Fault_8,49,XMEAS_5,0.041082
Industrial (TEP),LSTM Autoencoder,Fault_8,50,XMEAS_37,0.040108
Industrial (TEP),LSTM Autoencoder,Fault_8,51,XMV_7,0.039768
Industrial (TEP),LSTM Autoencoder,Fault_8,52,XMEAS_12,0.038652
Industrial (TEP),LSTM Autoencoder,Fault_9,1,XMEAS_39,0.065246
Industrial (TEP),LSTM Autoencoder,Fault_9,2,XMEAS_20,0.058142
Industrial (TEP),LSTM Autoencoder,Fault_9,3,XMV_5,0.052920
Industrial (TEP),LSTM Autoencoder,Fault_9,4,XMV_9,0.052639
Industrial (TEP),LSTM Autoencoder,Fault_9,5,XMEAS_19,0.052339
Industrial (TEP),LSTM Autoencoder,Fault_9,6,XMV_6,0.051844
Industrial (TEP),LSTM Autoencoder,Fault_9,7,XMEAS_9,0.050853
Industrial (TEP),LSTM Autoencoder,Fault_9,8,XMEAS_26,0.050477
Industrial (TEP),LSTM Autoencoder,Fault_9,9,XMV_8,0.049834
Industrial (TEP),LSTM Autoencoder,Fault_9,10,XMEAS_33,0.049532
Industrial (TEP),LSTM Autoencoder,Fault_9,11,XMEAS_1,0.049070
Industrial (TEP),LSTM Autoencoder,Fault_9,12,XMEAS_2,0.048993
Industrial (TEP),LSTM Autoencoder,Fault_9,13,XMEAS_23,0.048799
Industrial (TEP),LSTM Autoencoder,Fault_9,14,XMEAS_24,0.048712
Industrial (TEP),LSTM Autoencoder,Fault_9,15,XMEAS_28,0.048538
Industrial (TEP),LSTM Autoencoder,Fault_9,16,XMEAS_15,0.048317
Industrial (TEP),LSTM Autoencoder,Fault_9,17,XMEAS_21,0.048259
Industrial (TEP),LSTM Autoencoder,Fault_9,18,XMEAS_35,0.048119
Industrial (TEP),LSTM Autoencoder,Fault_9,19,XMEAS_25,0.048089
Industrial (TEP),LSTM Autoencoder,Fault_9,20,XMEAS_41,0.047887
Industrial (TEP),LSTM Autoencoder,Fault_9,21,XMEAS_6,0.047412
Industrial (TEP),LSTM Autoencoder,Fault_9,22,XMEAS_14,0.047321
Industrial (TEP),LSTM Autoencoder,Fault_9,23,XMEAS_40,0.046968
Industrial (TEP),LSTM Autoencoder,Fault_9,24,XMEAS_8,0.046214
Industrial (TEP),LSTM Autoencoder,Fault_9,25,XMEAS_38,0.045986
Industrial (TEP),LSTM Autoencoder,Fault_9,26,XMEAS_30,0.045885
Industrial (TEP),LSTM Autoencoder,Fault_9,27,XMV_2,0.045681
Industrial (TEP),LSTM Autoencoder,Fault_9,28,XMEAS_34,0.045509
Industrial (TEP),LSTM Autoencoder,Fault_9,29,XMV_4,0.045464
Industrial (TEP),LSTM Autoencoder,Fault_9,30,XMEAS_31,0.045053
Industrial (TEP),LSTM Autoencoder,Fault_9,31,XMEAS_7,0.044895
Industrial (TEP),LSTM Autoencoder,Fault_9,32,XMEAS_11,0.044710
Industrial (TEP),LSTM Autoencoder,Fault_9,33,XMEAS_32,0.044698
Industrial (TEP),LSTM Autoencoder,Fault_9,34,XMEAS_17,0.044577
Industrial (TEP),LSTM Autoencoder,Fault_9,35,XMEAS_16,0.044135
Industrial (TEP),LSTM Autoencoder,Fault_9,36,XMV_1,0.043276
Industrial (TEP),LSTM Autoencoder,Fault_9,37,XMV_11,0.043262
Industrial (TEP),LSTM Autoencoder,Fault_9,38,XMEAS_29,0.042992
Industrial (TEP),LSTM Autoencoder,Fault_9,39,XMEAS_3,0.042342
Industrial (TEP),LSTM Autoencoder,Fault_9,40,XMEAS_36,0.042078
Industrial (TEP),LSTM Autoencoder,Fault_9,41,XMV_10,0.041620
Industrial (TEP),LSTM Autoencoder,Fault_9,42,XMEAS_4,0.041562
Industrial (TEP),LSTM Autoencoder,Fault_9,43,XMEAS_10,0.041500
Industrial (TEP),LSTM Autoencoder,Fault_9,44,XMV_3,0.041298
Industrial (TEP),LSTM Autoencoder,Fault_9,45,XMEAS_5,0.040176
Industrial (TEP),LSTM Autoencoder,Fault_9,46,XMEAS_18,0.039527
Industrial (TEP),LSTM Autoencoder,Fault_9,47,XMEAS_37,0.039188
Industrial (TEP),LSTM Autoencoder,Fault_9,48,XMEAS_22,0.038032
Industrial (TEP),LSTM Autoencoder,Fault_9,49,XMEAS_13,0.037770
Industrial (TEP),LSTM Autoencoder,Fault_9,50,XMEAS_12,0.037582
Industrial (TEP),LSTM Autoencoder,Fault_9,51,XMV_7,0.035700
Industrial (TEP),LSTM Autoencoder,Fault_9,52,XMEAS_27,0.034171
Industrial (TEP),LSTM Autoencoder,Fault_10,1,XMEAS_18,0.253869
Industrial (TEP),LSTM Autoencoder,Fault_10,2,XMV_9,0.118874
Industrial (TEP),LSTM Autoencoder,Fault_10,3,XMEAS_19,0.118277
Industrial (TEP),LSTM Autoencoder,Fault_10,4,XMEAS_20,0.096889
Industrial (TEP),LSTM Autoencoder,Fault_10,5,XMEAS_38,0.090969
Industrial (TEP),LSTM Autoencoder,Fault_10,6,XMEAS_7,0.076017
Industrial (TEP),LSTM Autoencoder,Fault_10,7,XMV_5,0.075627
Industrial (TEP),LSTM Autoencoder,Fault_10,8,XMEAS_16,0.066987
Industrial (TEP),LSTM Autoencoder,Fault_10,9,XMEAS_39,0.065987
Industrial (TEP),LSTM Autoencoder,Fault_10,10,XMEAS_13,0.064969
Industrial (TEP),LSTM Autoencoder,Fault_10,11,XMEAS_31,0.060779
Industrial (TEP),LSTM Autoencoder,Fault_10,12,XMEAS_33,0.057649
Industrial (TEP),LSTM Autoencoder,Fault_10,13,XMEAS_1,0.057639
Industrial (TEP),LSTM Autoencoder,Fault_10,14,XMV_6,0.054798
Industrial (TEP),LSTM Autoencoder,Fault_10,15,XMEAS_25,0.053893
Industrial (TEP),LSTM Autoencoder,Fault_10,16,XMEAS_29,0.053757
Industrial (TEP),LSTM Autoencoder,Fault_10,17,XMEAS_23,0.052222
Industrial (TEP),LSTM Autoencoder,Fault_10,18,XMEAS_11,0.051916
Industrial (TEP),LSTM Autoencoder,Fault_10,19,XMEAS_34,0.050131
Industrial (TEP),LSTM Autoencoder,Fault_10,20,XMV_2,0.049879
Industrial (TEP),LSTM Autoencoder,Fault_10,21,XMEAS_35,0.049658
Industrial (TEP),LSTM Autoencoder,Fault_10,22,XMV_3,0.049160
Industrial (TEP),LSTM Autoencoder,Fault_10,23,XMEAS_21,0.048985
Industrial (TEP),LSTM Autoencoder,Fault_10,24,XMEAS_30,0.048458
Industrial (TEP),LSTM Autoencoder,Fault_10,25,XMV_8,0.047659
Industrial (TEP),LSTM Autoencoder,Fault_10,26,XMEAS_41,0.047434
Industrial (TEP),LSTM Autoencoder,Fault_10,27,XMEAS_24,0.047334
Industrial (TEP),LSTM Autoencoder,Fault_10,28,XMEAS_15,0.047286
Industrial (TEP),LSTM Autoencoder,Fault_10,29,XMEAS_9,0.046961
Industrial (TEP),LSTM Autoencoder,Fault_10,30,XMEAS_6,0.046920
Industrial (TEP),LSTM Autoencoder,Fault_10,31,XMEAS_8,0.046848
Industrial (TEP),LSTM Autoencoder,Fault_10,32,XMEAS_26,0.046818
Industrial (TEP),LSTM Autoencoder,Fault_10,33,XMEAS_28,0.046814
Industrial (TEP),LSTM Autoencoder,Fault_10,34,XMEAS_2,0.046801
Industrial (TEP),LSTM Autoencoder,Fault_10,35,XMEAS_4,0.046773
Industrial (TEP),LSTM Autoencoder,Fault_10,36,XMEAS_3,0.045511
Industrial (TEP),LSTM Autoencoder,Fault_10,37,XMV_4,0.045346
Industrial (TEP),LSTM Autoencoder,Fault_10,38,XMEAS_32,0.042966
Industrial (TEP),LSTM Autoencoder,Fault_10,39,XMEAS_17,0.042889
Industrial (TEP),LSTM Autoencoder,Fault_10,40,XMEAS_10,0.042649
Industrial (TEP),LSTM Autoencoder,Fault_10,41,XMV_11,0.042444
Industrial (TEP),LSTM Autoencoder,Fault_10,42,XMV_1,0.042307
Industrial (TEP),LSTM Autoencoder,Fault_10,43,XMEAS_14,0.041736
Industrial (TEP),LSTM Autoencoder,Fault_10,44,XMEAS_40,0.041535
Industrial (TEP),LSTM Autoencoder,Fault_10,45,XMEAS_36,0.041232
Industrial (TEP),LSTM Autoencoder,Fault_10,46,XMEAS_27,0.040707
Industrial (TEP),LSTM Autoencoder,Fault_10,47,XMV_10,0.039767
Industrial (TEP),LSTM Autoencoder,Fault_10,48,XMEAS_5,0.038442
Industrial (TEP),LSTM Autoencoder,Fault_10,49,XMEAS_22,0.038063
Industrial (TEP),LSTM Autoencoder,Fault_10,50,XMEAS_37,0.037314
Industrial (TEP),LSTM Autoencoder,Fault_10,51,XMEAS_12,0.035570
Industrial (TEP),LSTM Autoencoder,Fault_10,52,XMV_7,0.034846
Industrial (TEP),LSTM Autoencoder,Fault_11,1,XMV_10,0.759122
Industrial (TEP),LSTM Autoencoder,Fault_11,2,XMEAS_9,0.417174
Industrial (TEP),LSTM Autoencoder,Fault_11,3,XMEAS_39,0.065588
Industrial (TEP),LSTM Autoencoder,Fault_11,4,XMEAS_20,0.060748
Industrial (TEP),LSTM Autoencoder,Fault_11,5,XMEAS_21,0.054173
Industrial (TEP),LSTM Autoencoder,Fault_11,6,XMV_6,0.052609
Industrial (TEP),LSTM Autoencoder,Fault_11,7,XMV_5,0.052492
Industrial (TEP),LSTM Autoencoder,Fault_11,8,XMEAS_26,0.051567
Industrial (TEP),LSTM Autoencoder,Fault_11,9,XMEAS_35,0.051305
Industrial (TEP),LSTM Autoencoder,Fault_11,10,XMV_9,0.050226
Industrial (TEP),LSTM Autoencoder,Fault_11,11,XMEAS_2,0.050132
Industrial (TEP),LSTM Autoencoder,Fault_11,12,XMEAS_11,0.050088
Industrial (TEP),LSTM Autoencoder,Fault_11,13,XMEAS_23,0.049920
Industrial (TEP),LSTM Autoencoder,Fault_11,14,XMEAS_24,0.049687
Industrial (TEP),LSTM Autoencoder,Fault_11,15,XMEAS_41,0.049542
Industrial (TEP),LSTM Autoencoder,Fault_11,16,XMEAS_28,0.049352
Industrial (TEP),LSTM Autoencoder,Fault_11,17,XMEAS_33,0.049346
Industrial (TEP),LSTM Autoencoder,Fault_11,18,XMEAS_1,0.049186
Industrial (TEP),LSTM Autoencoder,Fault_11,19,XMEAS_19,0.048928
Industrial (TEP),LSTM Autoencoder,Fault_11,20,XMV_8,0.048854
Industrial (TEP),LSTM Autoencoder,Fault_11,21,XMEAS_40,0.048660
Industrial (TEP),LSTM Autoencoder,Fault_11,22,XMEAS_6,0.048450
Industrial (TEP),LSTM Autoencoder,Fault_11,23,XMEAS_34,0.048343
Industrial (TEP),LSTM Autoencoder,Fault_11,24,XMEAS_14,0.047626
Industrial (TEP),LSTM Autoencoder,Fault_11,25,XMEAS_25,0.047573
Industrial (TEP),LSTM Autoencoder,Fault_11,26,XMEAS_15,0.047337
Industrial (TEP),LSTM Autoencoder,Fault_11,27,XMEAS_38,0.047111
Industrial (TEP),LSTM Autoencoder,Fault_11,28,XMV_2,0.046766
Industrial (TEP),LSTM Autoencoder,Fault_11,29,XMEAS_31,0.046691
Industrial (TEP),LSTM Autoencoder,Fault_11,30,XMEAS_29,0.046492
Industrial (TEP),LSTM Autoencoder,Fault_11,31,XMV_4,0.046443
Industrial (TEP),LSTM Autoencoder,Fault_11,32,XMV_1,0.045884
Industrial (TEP),LSTM Autoencoder,Fault_11,33,XMEAS_17,0.045853
Industrial (TEP),LSTM Autoencoder,Fault_11,34,XMEAS_8,0.045762
Industrial (TEP),LSTM Autoencoder,Fault_11,35,XMV_11,0.045746
Industrial (TEP),LSTM Autoencoder,Fault_11,36,XMEAS_30,0.045479
Industrial (TEP),LSTM Autoencoder,Fault_11,37,XMEAS_7,0.044606
Industrial (TEP),LSTM Autoencoder,Fault_11,38,XMEAS_3,0.044568
Industrial (TEP),LSTM Autoencoder,Fault_11,39,XMEAS_32,0.044226
Industrial (TEP),LSTM Autoencoder,Fault_11,40,XMEAS_36,0.043849
Industrial (TEP),LSTM Autoencoder,Fault_11,41,XMEAS_10,0.043345
Industrial (TEP),LSTM Autoencoder,Fault_11,42,XMEAS_16,0.042955
Industrial (TEP),LSTM Autoencoder,Fault_11,43,XMEAS_22,0.042398
Industrial (TEP),LSTM Autoencoder,Fault_11,44,XMEAS_37,0.042136
Industrial (TEP),LSTM Autoencoder,Fault_11,45,XMV_3,0.041236
Industrial (TEP),LSTM Autoencoder,Fault_11,46,XMEAS_18,0.041118
Industrial (TEP),LSTM Autoencoder,Fault_11,47,XMEAS_4,0.040934
Industrial (TEP),LSTM Autoencoder,Fault_11,48,XMEAS_5,0.040039
Industrial (TEP),LSTM Autoencoder,Fault_11,49,XMEAS_13,0.038272
Industrial (TEP),LSTM Autoencoder,Fault_11,50,XMEAS_12,0.037936
Industrial (TEP),LSTM Autoencoder,Fault_11,51,XMEAS_27,0.037258
Industrial (TEP),LSTM Autoencoder,Fault_11,52,XMV_7,0.036627
Industrial (TEP),LSTM Autoencoder,Fault_12,1,XMEAS_20,4.602926
Industrial (TEP),LSTM Autoencoder,Fault_12,2,XMV_5,3.226814
Industrial (TEP),LSTM Autoencoder,Fault_12,3,XMEAS_13,2.809303
Industrial (TEP),LSTM Autoencoder,Fault_12,4,XMEAS_7,2.735767
Industrial (TEP),LSTM Autoencoder,Fault_12,5,XMEAS_16,2.040086
Industrial (TEP),LSTM Autoencoder,Fault_12,6,XMEAS_11,1.823264
Industrial (TEP),LSTM Autoencoder,Fault_12,7,XMEAS_38,1.783176
Industrial (TEP),LSTM Autoencoder,Fault_12,8,XMEAS_33,1.456748
Industrial (TEP),LSTM Autoencoder,Fault_12,9,XMEAS_19,1.387388
Industrial (TEP),LSTM Autoencoder,Fault_12,10,XMV_9,1.387028
Industrial (TEP),LSTM Autoencoder,Fault_12,11,XMEAS_21,1.259863
Industrial (TEP),LSTM Autoencoder,Fault_12,12,XMEAS_4,1.200789
Industrial (TEP),LSTM Autoencoder,Fault_12,13,XMEAS_29,1.001531
Industrial (TEP),LSTM Autoencoder,Fault_12,14,XMEAS_22,0.843622
Industrial (TEP),LSTM Autoencoder,Fault_12,15,XMEAS_35,0.820848
Industrial (TEP),LSTM Autoencoder,Fault_12,16,XMEAS_18,0.785169
Industrial (TEP),LSTM Autoencoder,Fault_12,17,XMEAS_31,0.781348
Industrial (TEP),LSTM Autoencoder,Fault_12,18,XMEAS_1,0.739139
Industrial (TEP),LSTM Autoencoder,Fault_12,19,XMEAS_27,0.680623
Industrial (TEP),LSTM Autoencoder,Fault_12,20,XMEAS_8,0.678919
Industrial (TEP),LSTM Autoencoder,Fault_12,21,XMV_3,0.676815
Industrial (TEP),LSTM Autoencoder,Fault_12,22,XMV_2,0.613663
Industrial (TEP),LSTM Autoencoder,Fault_12,23,XMEAS_23,0.603594
Industrial (TEP),LSTM Autoencoder,Fault_12,24,XMEAS_25,0.540142
Industrial (TEP),LSTM Autoencoder,Fault_12,25,XMEAS_3,0.513993
Industrial (TEP),LSTM Autoencoder,Fault_12,26,XMV_10,0.386214
Industrial (TEP),LSTM Autoencoder,Fault_12,27,XMV_6,0.306618
Industrial (TEP),LSTM Autoencoder,Fault_12,28,XMV_4,0.281385
Industrial (TEP),LSTM Autoencoder,Fault_12,29,XMEAS_36,0.248526
Industrial (TEP),LSTM Autoencoder,Fault_12,30,XMEAS_30,0.223491
Industrial (TEP),LSTM Autoencoder,Fault_12,31,XMEAS_34,0.216016
Industrial (TEP),LSTM Autoencoder,Fault_12,32,XMEAS_10,0.183863
Industrial (TEP),LSTM Autoencoder,Fault_12,33,XMEAS_9,0.173582
Industrial (TEP),LSTM Autoencoder,Fault_12,34,XMEAS_6,0.169598
Industrial (TEP),LSTM Autoencoder,Fault_12,35,XMEAS_24,0.168059
Industrial (TEP),LSTM Autoencoder,Fault_12,36,XMEAS_32,0.164673
Industrial (TEP),LSTM Autoencoder,Fault_12,37,XMEAS_28,0.143214
Industrial (TEP),LSTM Autoencoder,Fault_12,38,XMEAS_26,0.107668
Industrial (TEP),LSTM Autoencoder,Fault_12,39,XMEAS_2,0.105895
Industrial (TEP),LSTM Autoencoder,Fault_12,40,XMV_1,0.103121
Industrial (TEP),LSTM Autoencoder,Fault_12,41,XMEAS_39,0.090385
Industrial (TEP),LSTM Autoencoder,Fault_12,42,XMV_11,0.085598
Industrial (TEP),LSTM Autoencoder,Fault_12,43,XMEAS_17,0.080117
Industrial (TEP),LSTM Autoencoder,Fault_12,44,XMEAS_41,0.078943
Industrial (TEP),LSTM Autoencoder,Fault_12,45,XMEAS_40,0.072630
Industrial (TEP),LSTM Autoencoder,Fault_12,46,XMEAS_14,0.071662
Industrial (TEP),LSTM Autoencoder,Fault_12,47,XMEAS_15,0.061803
Industrial (TEP),LSTM Autoencoder,Fault_12,48,XMV_8,0.058925
Industrial (TEP),LSTM Autoencoder,Fault_12,49,XMV_7,0.053108
Industrial (TEP),LSTM Autoencoder,Fault_12,50,XMEAS_12,0.051273
Industrial (TEP),LSTM Autoencoder,Fault_12,51,XMEAS_5,0.049235
Industrial (TEP),LSTM Autoencoder,Fault_12,52,XMEAS_37,0.044256
Industrial (TEP),LSTM Autoencoder,Fault_13,1,XMV_9,4.750488
Industrial (TEP),LSTM Autoencoder,Fault_13,2,XMEAS_19,4.566479
Industrial (TEP),LSTM Autoencoder,Fault_13,3,XMEAS_18,3.135339
Industrial (TEP),LSTM Autoencoder,Fault_13,4,XMEAS_16,2.977877
Industrial (TEP),LSTM Autoencoder,Fault_13,5,XMEAS_7,2.738669
Industrial (TEP),LSTM Autoencoder,Fault_13,6,XMEAS_13,2.575921
Industrial (TEP),LSTM Autoencoder,Fault_13,7,XMEAS_38,2.252270
Industrial (TEP),LSTM Autoencoder,Fault_13,8,XMEAS_20,1.445517
Industrial (TEP),LSTM Autoencoder,Fault_13,9,XMEAS_11,1.145817
Industrial (TEP),LSTM Autoencoder,Fault_13,10,XMV_5,1.137249
Industrial (TEP),LSTM Autoencoder,Fault_13,11,XMEAS_35,0.830582
Industrial (TEP),LSTM Autoencoder,Fault_13,12,XMEAS_33,0.601769
Industrial (TEP),LSTM Autoencoder,Fault_13,13,XMEAS_34,0.451968
Industrial (TEP),LSTM Autoencoder,Fault_13,14,XMV_6,0.428833
Industrial (TEP),LSTM Autoencoder,Fault_13,15,XMEAS_36,0.421796
Industrial (TEP),LSTM Autoencoder,Fault_13,16,XMEAS_27,0.369241
Industrial (TEP),LSTM Autoencoder,Fault_13,17,XMV_2,0.368664
Industrial (TEP),LSTM Autoencoder,Fault_13,18,XMEAS_31,0.367123
Industrial (TEP),LSTM Autoencoder,Fault_13,19,XMEAS_10,0.357988
Industrial (TEP),LSTM Autoencoder,Fault_13,20,XMEAS_4,0.343486
Industrial (TEP),LSTM Autoencoder,Fault_13,21,XMEAS_3,0.330881
Industrial (TEP),LSTM Autoencoder,Fault_13,22,XMEAS_30,0.322403
Industrial (TEP),LSTM Autoencoder,Fault_13,23,XMEAS_21,0.319823
Industrial (TEP),LSTM Autoencoder,Fault_13,24,XMEAS_29,0.316892
Industrial (TEP),LSTM Autoencoder,Fault_13,25,XMEAS_22,0.309957
Industrial (TEP),LSTM Autoencoder,Fault_13,26,XMEAS_1,0.269050
Industrial (TEP),LSTM Autoencoder,Fault_13,27,XMV_3,0.263173
Industrial (TEP),LSTM Autoencoder,Fault_13,28,XMEAS_25,0.255545
Industrial (TEP),LSTM Autoencoder,Fault_13,29,XMEAS_23,0.198762
Industrial (TEP),LSTM Autoencoder,Fault_13,30,XMEAS_28,0.197188
Industrial (TEP),LSTM Autoencoder,Fault_13,31,XMEAS_8,0.178975
Industrial (TEP),LSTM Autoencoder,Fault_13,32,XMEAS_24,0.161159
Industrial (TEP),LSTM Autoencoder,Fault_13,33,XMV_10,0.109903
Industrial (TEP),LSTM Autoencoder,Fault_13,34,XMEAS_32,0.106218
Industrial (TEP),LSTM Autoencoder,Fault_13,35,XMEAS_39,0.101006
Industrial (TEP),LSTM Autoencoder,Fault_13,36,XMV_4,0.096459
Industrial (TEP),LSTM Autoencoder,Fault_13,37,XMEAS_2,0.084575
Industrial (TEP),LSTM Autoencoder,Fault_13,38,XMV_1,0.082617
Industrial (TEP),LSTM Autoencoder,Fault_13,39,XMEAS_41,0.075626
Industrial (TEP),LSTM Autoencoder,Fault_13,40,XMEAS_40,0.073914
Industrial (TEP),LSTM Autoencoder,Fault_13,41,XMEAS_6,0.061566
Industrial (TEP),LSTM Autoencoder,Fault_13,42,XMEAS_26,0.060063
Industrial (TEP),LSTM Autoencoder,Fault_13,43,XMEAS_9,0.048983
Industrial (TEP),LSTM Autoencoder,Fault_13,44,XMV_11,0.048018
Industrial (TEP),LSTM Autoencoder,Fault_13,45,XMV_8,0.046267
Industrial (TEP),LSTM Autoencoder,Fault_13,46,XMEAS_15,0.046125
Industrial (TEP),LSTM Autoencoder,Fault_13,47,XMEAS_17,0.045492
Industrial (TEP),LSTM Autoencoder,Fault_13,48,XMEAS_14,0.044328
Industrial (TEP),LSTM Autoencoder,Fault_13,49,XMEAS_5,0.039267
Industrial (TEP),LSTM Autoencoder,Fault_13,50,XMEAS_12,0.038882
Industrial (TEP),LSTM Autoencoder,Fault_13,51,XMEAS_37,0.038537
Industrial (TEP),LSTM Autoencoder,Fault_13,52,XMV_7,0.037186
Industrial (TEP),LSTM Autoencoder,Fault_14,1,XMV_10,3.995157
Industrial (TEP),LSTM Autoencoder,Fault_14,2,XMEAS_9,3.903780
Industrial (TEP),LSTM Autoencoder,Fault_14,3,XMEAS_21,2.921593
Industrial (TEP),LSTM Autoencoder,Fault_14,4,XMEAS_26,0.096310
Industrial (TEP),LSTM Autoencoder,Fault_14,5,XMEAS_20,0.091354
Industrial (TEP),LSTM Autoencoder,Fault_14,6,XMV_4,0.086915
Industrial (TEP),LSTM Autoencoder,Fault_14,7,XMEAS_34,0.085189
Industrial (TEP),LSTM Autoencoder,Fault_14,8,XMEAS_39,0.084075
Industrial (TEP),LSTM Autoencoder,Fault_14,9,XMV_2,0.083798
Industrial (TEP),LSTM Autoencoder,Fault_14,10,XMEAS_23,0.080422
Industrial (TEP),LSTM Autoencoder,Fault_14,11,XMEAS_33,0.077733
Industrial (TEP),LSTM Autoencoder,Fault_14,12,XMEAS_35,0.077436
Industrial (TEP),LSTM Autoencoder,Fault_14,13,XMV_9,0.076971
Industrial (TEP),LSTM Autoencoder,Fault_14,14,XMV_5,0.076560
Industrial (TEP),LSTM Autoencoder,Fault_14,15,XMV_3,0.076419
Industrial (TEP),LSTM Autoencoder,Fault_14,16,XMV_6,0.075784
Industrial (TEP),LSTM Autoencoder,Fault_14,17,XMEAS_40,0.073766
Industrial (TEP),LSTM Autoencoder,Fault_14,18,XMEAS_41,0.073727
Industrial (TEP),LSTM Autoencoder,Fault_14,19,XMEAS_19,0.073428
Industrial (TEP),LSTM Autoencoder,Fault_14,20,XMEAS_30,0.073388
Industrial (TEP),LSTM Autoencoder,Fault_14,21,XMEAS_1,0.072644
Industrial (TEP),LSTM Autoencoder,Fault_14,22,XMEAS_6,0.072200
Industrial (TEP),LSTM Autoencoder,Fault_14,23,XMEAS_11,0.071927
Industrial (TEP),LSTM Autoencoder,Fault_14,24,XMEAS_38,0.071863
Industrial (TEP),LSTM Autoencoder,Fault_14,25,XMEAS_14,0.071719
Industrial (TEP),LSTM Autoencoder,Fault_14,26,XMEAS_16,0.071202
Industrial (TEP),LSTM Autoencoder,Fault_14,27,XMEAS_28,0.070978
Industrial (TEP),LSTM Autoencoder,Fault_14,28,XMV_11,0.070914
Industrial (TEP),LSTM Autoencoder,Fault_14,29,XMEAS_24,0.070790
Industrial (TEP),LSTM Autoencoder,Fault_14,30,XMEAS_29,0.070462
Industrial (TEP),LSTM Autoencoder,Fault_14,31,XMEAS_8,0.069398
Industrial (TEP),LSTM Autoencoder,Fault_14,32,XMEAS_32,0.069096
Industrial (TEP),LSTM Autoencoder,Fault_14,33,XMEAS_18,0.069022
Industrial (TEP),LSTM Autoencoder,Fault_14,34,XMEAS_2,0.068471
Industrial (TEP),LSTM Autoencoder,Fault_14,35,XMEAS_7,0.067928
Industrial (TEP),LSTM Autoencoder,Fault_14,36,XMEAS_3,0.067675
Industrial (TEP),LSTM Autoencoder,Fault_14,37,XMV_8,0.067106
Industrial (TEP),LSTM Autoencoder,Fault_14,38,XMEAS_15,0.066436
Industrial (TEP),LSTM Autoencoder,Fault_14,39,XMV_1,0.065457
Industrial (TEP),LSTM Autoencoder,Fault_14,40,XMEAS_17,0.065108
Industrial (TEP),LSTM Autoencoder,Fault_14,41,XMEAS_31,0.064172
Industrial (TEP),LSTM Autoencoder,Fault_14,42,XMEAS_37,0.064047
Industrial (TEP),LSTM Autoencoder,Fault_14,43,XMEAS_25,0.062694
Industrial (TEP),LSTM Autoencoder,Fault_14,44,XMEAS_4,0.062418
Industrial (TEP),LSTM Autoencoder,Fault_14,45,XMEAS_10,0.061889
Industrial (TEP),LSTM Autoencoder,Fault_14,46,XMEAS_22,0.060568
Industrial (TEP),LSTM Autoencoder,Fault_14,47,XMEAS_36,0.058700
Industrial (TEP),LSTM Autoencoder,Fault_14,48,XMEAS_13,0.057544
Industrial (TEP),LSTM Autoencoder,Fault_14,49,XMEAS_5,0.056323
Industrial (TEP),LSTM Autoencoder,Fault_14,50,XMV_7,0.054792
Industrial (TEP),LSTM Autoencoder,Fault_14,51,XMEAS_27,0.054716
Industrial (TEP),LSTM Autoencoder,Fault_14,52,XMEAS_12,0.054171
Industrial (TEP),LSTM Autoencoder,Fault_15,1,XMEAS_39,0.064773
Industrial (TEP),LSTM Autoencoder,Fault_15,2,XMEAS_20,0.059114
Industrial (TEP),LSTM Autoencoder,Fault_15,3,XMV_5,0.053390
Industrial (TEP),LSTM Autoencoder,Fault_15,4,XMV_6,0.052420
Industrial (TEP),LSTM Autoencoder,Fault_15,5,XMEAS_26,0.051312
Industrial (TEP),LSTM Autoencoder,Fault_15,6,XMEAS_9,0.050865
Industrial (TEP),LSTM Autoencoder,Fault_15,7,XMV_9,0.050618
Industrial (TEP),LSTM Autoencoder,Fault_15,8,XMEAS_23,0.050584
Industrial (TEP),LSTM Autoencoder,Fault_15,9,XMV_8,0.050483
Industrial (TEP),LSTM Autoencoder,Fault_15,10,XMEAS_24,0.049564
Industrial (TEP),LSTM Autoencoder,Fault_15,11,XMEAS_2,0.049550
Industrial (TEP),LSTM Autoencoder,Fault_15,12,XMEAS_35,0.049303
Industrial (TEP),LSTM Autoencoder,Fault_15,13,XMEAS_1,0.049054
Industrial (TEP),LSTM Autoencoder,Fault_15,14,XMEAS_15,0.048993
Industrial (TEP),LSTM Autoencoder,Fault_15,15,XMEAS_19,0.048809
Industrial (TEP),LSTM Autoencoder,Fault_15,16,XMEAS_33,0.048548
Industrial (TEP),LSTM Autoencoder,Fault_15,17,XMEAS_21,0.048284
Industrial (TEP),LSTM Autoencoder,Fault_15,18,XMEAS_41,0.048254
Industrial (TEP),LSTM Autoencoder,Fault_15,19,XMEAS_11,0.048194
Industrial (TEP),LSTM Autoencoder,Fault_15,20,XMEAS_28,0.048166
Industrial (TEP),LSTM Autoencoder,Fault_15,21,XMEAS_40,0.048048
Industrial (TEP),LSTM Autoencoder,Fault_15,22,XMEAS_14,0.047890
Industrial (TEP),LSTM Autoencoder,Fault_15,23,XMEAS_6,0.047755
Industrial (TEP),LSTM Autoencoder,Fault_15,24,XMEAS_25,0.047360
Industrial (TEP),LSTM Autoencoder,Fault_15,25,XMEAS_34,0.046576
Industrial (TEP),LSTM Autoencoder,Fault_15,26,XMV_2,0.046182
Industrial (TEP),LSTM Autoencoder,Fault_15,27,XMEAS_31,0.045525
Industrial (TEP),LSTM Autoencoder,Fault_15,28,XMEAS_30,0.045398
Industrial (TEP),LSTM Autoencoder,Fault_15,29,XMV_4,0.045321
Industrial (TEP),LSTM Autoencoder,Fault_15,30,XMEAS_17,0.045298
Industrial (TEP),LSTM Autoencoder,Fault_15,31,XMEAS_38,0.045279
Industrial (TEP),LSTM Autoencoder,Fault_15,32,XMEAS_8,0.045218
Industrial (TEP),LSTM Autoencoder,Fault_15,33,XMV_1,0.044247
Industrial (TEP),LSTM Autoencoder,Fault_15,34,XMEAS_7,0.044094
Industrial (TEP),LSTM Autoencoder,Fault_15,35,XMEAS_32,0.043972
Industrial (TEP),LSTM Autoencoder,Fault_15,36,XMEAS_29,0.043876
Industrial (TEP),LSTM Autoencoder,Fault_15,37,XMV_11,0.043841
Industrial (TEP),LSTM Autoencoder,Fault_15,38,XMEAS_16,0.043219
Industrial (TEP),LSTM Autoencoder,Fault_15,39,XMEAS_3,0.043081
Industrial (TEP),LSTM Autoencoder,Fault_15,40,XMEAS_22,0.042449
Industrial (TEP),LSTM Autoencoder,Fault_15,41,XMEAS_36,0.042295
Industrial (TEP),LSTM Autoencoder,Fault_15,42,XMV_10,0.042195
Industrial (TEP),LSTM Autoencoder,Fault_15,43,XMEAS_10,0.041878
Industrial (TEP),LSTM Autoencoder,Fault_15,44,XMV_3,0.040798
Industrial (TEP),LSTM Autoencoder,Fault_15,45,XMEAS_37,0.040573
Industrial (TEP),LSTM Autoencoder,Fault_15,46,XMEAS_4,0.040555
Industrial (TEP),LSTM Autoencoder,Fault_15,47,XMEAS_5,0.039952
Industrial (TEP),LSTM Autoencoder,Fault_15,48,XMEAS_18,0.039622
Industrial (TEP),LSTM Autoencoder,Fault_15,49,XMEAS_12,0.037906
Industrial (TEP),LSTM Autoencoder,Fault_15,50,XMEAS_13,0.037167
Industrial (TEP),LSTM Autoencoder,Fault_15,51,XMV_7,0.036205
Industrial (TEP),LSTM Autoencoder,Fault_15,52,XMEAS_27,0.035735
Industrial (TEP),LSTM Autoencoder,Fault_16,1,XMEAS_19,0.235633
Industrial (TEP),LSTM Autoencoder,Fault_16,2,XMEAS_18,0.168250
Industrial (TEP),LSTM Autoencoder,Fault_16,3,XMV_9,0.137146
Industrial (TEP),LSTM Autoencoder,Fault_16,4,XMEAS_20,0.105464
Industrial (TEP),LSTM Autoencoder,Fault_16,5,XMV_5,0.083670
Industrial (TEP),LSTM Autoencoder,Fault_16,6,XMEAS_38,0.075273
Industrial (TEP),LSTM Autoencoder,Fault_16,7,XMEAS_7,0.063729
Industrial (TEP),LSTM Autoencoder,Fault_16,8,XMEAS_33,0.061959
Industrial (TEP),LSTM Autoencoder,Fault_16,9,XMEAS_39,0.059343
Industrial (TEP),LSTM Autoencoder,Fault_16,10,XMEAS_13,0.058475
Industrial (TEP),LSTM Autoencoder,Fault_16,11,XMEAS_16,0.055815
Industrial (TEP),LSTM Autoencoder,Fault_16,12,XMEAS_1,0.054822
Industrial (TEP),LSTM Autoencoder,Fault_16,13,XMEAS_11,0.052930
Industrial (TEP),LSTM Autoencoder,Fault_16,14,XMEAS_29,0.052407
Industrial (TEP),LSTM Autoencoder,Fault_16,15,XMEAS_21,0.050948
Industrial (TEP),LSTM Autoencoder,Fault_16,16,XMEAS_23,0.050882
Industrial (TEP),LSTM Autoencoder,Fault_16,17,XMEAS_35,0.050876
Industrial (TEP),LSTM Autoencoder,Fault_16,18,XMEAS_31,0.050714
Industrial (TEP),LSTM Autoencoder,Fault_16,19,XMEAS_25,0.050074
Industrial (TEP),LSTM Autoencoder,Fault_16,20,XMV_6,0.050034
Industrial (TEP),LSTM Autoencoder,Fault_16,21,XMEAS_4,0.049700
Industrial (TEP),LSTM Autoencoder,Fault_16,22,XMV_2,0.049267
Industrial (TEP),LSTM Autoencoder,Fault_16,23,XMEAS_26,0.048417
Industrial (TEP),LSTM Autoencoder,Fault_16,24,XMEAS_24,0.047654
Industrial (TEP),LSTM Autoencoder,Fault_16,25,XMEAS_34,0.047423
Industrial (TEP),LSTM Autoencoder,Fault_16,26,XMEAS_6,0.047219
Industrial (TEP),LSTM Autoencoder,Fault_16,27,XMEAS_30,0.047168
Industrial (TEP),LSTM Autoencoder,Fault_16,28,XMV_8,0.046984
Industrial (TEP),LSTM Autoencoder,Fault_16,29,XMV_3,0.046789
Industrial (TEP),LSTM Autoencoder,Fault_16,30,XMEAS_3,0.046470
Industrial (TEP),LSTM Autoencoder,Fault_16,31,XMEAS_15,0.046387
Industrial (TEP),LSTM Autoencoder,Fault_16,32,XMEAS_2,0.046070
Industrial (TEP),LSTM Autoencoder,Fault_16,33,XMEAS_41,0.045721
Industrial (TEP),LSTM Autoencoder,Fault_16,34,XMEAS_28,0.045486
Industrial (TEP),LSTM Autoencoder,Fault_16,35,XMEAS_8,0.045441
Industrial (TEP),LSTM Autoencoder,Fault_16,36,XMEAS_9,0.045163
Industrial (TEP),LSTM Autoencoder,Fault_16,37,XMV_4,0.044419
Industrial (TEP),LSTM Autoencoder,Fault_16,38,XMEAS_40,0.044311
Industrial (TEP),LSTM Autoencoder,Fault_16,39,XMEAS_14,0.043251
Industrial (TEP),LSTM Autoencoder,Fault_16,40,XMEAS_32,0.043048
Industrial (TEP),LSTM Autoencoder,Fault_16,41,XMEAS_17,0.042858
Industrial (TEP),LSTM Autoencoder,Fault_16,42,XMV_1,0.042346
Industrial (TEP),LSTM Autoencoder,Fault_16,43,XMEAS_10,0.041909
Industrial (TEP),LSTM Autoencoder,Fault_16,44,XMV_11,0.041889
Industrial (TEP),LSTM Autoencoder,Fault_16,45,XMEAS_36,0.040265
Industrial (TEP),LSTM Autoencoder,Fault_16,46,XMV_10,0.040014
Industrial (TEP),LSTM Autoencoder,Fault_16,47,XMEAS_27,0.038896
Industrial (TEP),LSTM Autoencoder,Fault_16,48,XMEAS_5,0.037833
Industrial (TEP),LSTM Autoencoder,Fault_16,49,XMEAS_37,0.037693
Industrial (TEP),LSTM Autoencoder,Fault_16,50,XMEAS_22,0.037110
Industrial (TEP),LSTM Autoencoder,Fault_16,51,XMEAS_12,0.035621
Industrial (TEP),LSTM Autoencoder,Fault_16,52,XMV_7,0.034598
Industrial (TEP),LSTM Autoencoder,Fault_17,1,XMEAS_21,34.743591
Industrial (TEP),LSTM Autoencoder,Fault_17,2,XMEAS_9,1.454010
Industrial (TEP),LSTM Autoencoder,Fault_17,3,XMV_10,1.323612
Industrial (TEP),LSTM Autoencoder,Fault_17,4,XMEAS_20,0.058774
Industrial (TEP),LSTM Autoencoder,Fault_17,5,XMEAS_11,0.054610
Industrial (TEP),LSTM Autoencoder,Fault_17,6,XMEAS_38,0.049615
Industrial (TEP),LSTM Autoencoder,Fault_17,7,XMV_5,0.047407
Industrial (TEP),LSTM Autoencoder,Fault_17,8,XMEAS_22,0.047405
Industrial (TEP),LSTM Autoencoder,Fault_17,9,XMEAS_34,0.046951
Industrial (TEP),LSTM Autoencoder,Fault_17,10,XMEAS_39,0.046207
Industrial (TEP),LSTM Autoencoder,Fault_17,11,XMEAS_33,0.045510
Industrial (TEP),LSTM Autoencoder,Fault_17,12,XMEAS_28,0.045247
Industrial (TEP),LSTM Autoencoder,Fault_17,13,XMV_6,0.045083
Industrial (TEP),LSTM Autoencoder,Fault_17,14,XMEAS_18,0.044239
Industrial (TEP),LSTM Autoencoder,Fault_17,15,XMEAS_23,0.044062
Industrial (TEP),LSTM Autoencoder,Fault_17,16,XMEAS_35,0.043520
Industrial (TEP),LSTM Autoencoder,Fault_17,17,XMEAS_19,0.043204
Industrial (TEP),LSTM Autoencoder,Fault_17,18,XMEAS_24,0.042528
Industrial (TEP),LSTM Autoencoder,Fault_17,19,XMV_9,0.041871
Industrial (TEP),LSTM Autoencoder,Fault_17,20,XMV_11,0.041606
Industrial (TEP),LSTM Autoencoder,Fault_17,21,XMEAS_15,0.040957
Industrial (TEP),LSTM Autoencoder,Fault_17,22,XMEAS_36,0.040422
Industrial (TEP),LSTM Autoencoder,Fault_17,23,XMEAS_26,0.040377
Industrial (TEP),LSTM Autoencoder,Fault_17,24,XMEAS_5,0.040321
Industrial (TEP),LSTM Autoencoder,Fault_17,25,XMEAS_14,0.039947
Industrial (TEP),LSTM Autoencoder,Fault_17,26,XMEAS_6,0.039848
Industrial (TEP),LSTM Autoencoder,Fault_17,27,XMV_8,0.039767
Industrial (TEP),LSTM Autoencoder,Fault_17,28,XMEAS_2,0.039751
Industrial (TEP),LSTM Autoencoder,Fault_17,29,XMEAS_1,0.039353
Industrial (TEP),LSTM Autoencoder,Fault_17,30,XMEAS_7,0.039290
Industrial (TEP),LSTM Autoencoder,Fault_17,31,XMV_1,0.039229
Industrial (TEP),LSTM Autoencoder,Fault_17,32,XMEAS_17,0.039070
Industrial (TEP),LSTM Autoencoder,Fault_17,33,XMEAS_32,0.038756
Industrial (TEP),LSTM Autoencoder,Fault_17,34,XMEAS_29,0.038560
Industrial (TEP),LSTM Autoencoder,Fault_17,35,XMEAS_41,0.038286
Industrial (TEP),LSTM Autoencoder,Fault_17,36,XMV_4,0.038206
Industrial (TEP),LSTM Autoencoder,Fault_17,37,XMEAS_25,0.038147
Industrial (TEP),LSTM Autoencoder,Fault_17,38,XMEAS_10,0.037596
Industrial (TEP),LSTM Autoencoder,Fault_17,39,XMEAS_13,0.037117
Industrial (TEP),LSTM Autoencoder,Fault_17,40,XMEAS_16,0.036487
Industrial (TEP),LSTM Autoencoder,Fault_17,41,XMEAS_30,0.036458
Industrial (TEP),LSTM Autoencoder,Fault_17,42,XMEAS_8,0.036169
Industrial (TEP),LSTM Autoencoder,Fault_17,43,XMV_2,0.035417
Industrial (TEP),LSTM Autoencoder,Fault_17,44,XMEAS_31,0.035161
Industrial (TEP),LSTM Autoencoder,Fault_17,45,XMV_3,0.034587
Industrial (TEP),LSTM Autoencoder,Fault_17,46,XMEAS_3,0.034064
Industrial (TEP),LSTM Autoencoder,Fault_17,47,XMEAS_40,0.033492
Industrial (TEP),LSTM Autoencoder,Fault_17,48,XMEAS_12,0.033378
Industrial (TEP),LSTM Autoencoder,Fault_17,49,XMEAS_4,0.032158
Industrial (TEP),LSTM Autoencoder,Fault_17,50,XMEAS_27,0.031514
Industrial (TEP),LSTM Autoencoder,Fault_17,51,XMEAS_37,0.031354
Industrial (TEP),LSTM Autoencoder,Fault_17,52,XMV_7,0.029427
Industrial (TEP),LSTM Autoencoder,Fault_18,1,XMV_2,121.537591
Industrial (TEP),LSTM Autoencoder,Fault_18,2,XMV_10,55.465663
Industrial (TEP),LSTM Autoencoder,Fault_18,3,XMV_1,46.766348
Industrial (TEP),LSTM Autoencoder,Fault_18,4,XMV_5,43.759992
Industrial (TEP),LSTM Autoencoder,Fault_18,5,XMEAS_13,35.239893
Industrial (TEP),LSTM Autoencoder,Fault_18,6,XMEAS_7,33.431275
Industrial (TEP),LSTM Autoencoder,Fault_18,7,XMEAS_16,27.486747
Industrial (TEP),LSTM Autoencoder,Fault_18,8,XMEAS_20,27.257680
Industrial (TEP),LSTM Autoencoder,Fault_18,9,XMV_4,13.541612
Industrial (TEP),LSTM Autoencoder,Fault_18,10,XMEAS_4,12.664842
Industrial (TEP),LSTM Autoencoder,Fault_18,11,XMEAS_33,11.788639
Industrial (TEP),LSTM Autoencoder,Fault_18,12,XMEAS_29,11.471895
Industrial (TEP),LSTM Autoencoder,Fault_18,13,XMV_6,10.389987
Industrial (TEP),LSTM Autoencoder,Fault_18,14,XMEAS_19,10.260515
Industrial (TEP),LSTM Autoencoder,Fault_18,15,XMEAS_38,9.770253
Industrial (TEP),LSTM Autoencoder,Fault_18,16,XMEAS_11,9.540686
Industrial (TEP),LSTM Autoencoder,Fault_18,17,XMV_9,7.988560
Industrial (TEP),LSTM Autoencoder,Fault_18,18,XMEAS_23,6.604936
Industrial (TEP),LSTM Autoencoder,Fault_18,19,XMEAS_21,6.022816
Industrial (TEP),LSTM Autoencoder,Fault_18,20,XMEAS_27,5.780607
Industrial (TEP),LSTM Autoencoder,Fault_18,21,XMEAS_35,5.242131
Industrial (TEP),LSTM Autoencoder,Fault_18,22,XMEAS_8,3.451905
Industrial (TEP),LSTM Autoencoder,Fault_18,23,XMEAS_30,2.823461
Industrial (TEP),LSTM Autoencoder,Fault_18,24,XMEAS_22,2.719513
Industrial (TEP),LSTM Autoencoder,Fault_18,25,XMEAS_31,2.076968
Industrial (TEP),LSTM Autoencoder,Fault_18,26,XMV_11,1.939827
Industrial (TEP),LSTM Autoencoder,Fault_18,27,XMEAS_24,1.905160
Industrial (TEP),LSTM Autoencoder,Fault_18,28,XMEAS_18,1.688786
Industrial (TEP),LSTM Autoencoder,Fault_18,29,XMV_3,1.584936
Industrial (TEP),LSTM Autoencoder,Fault_18,30,XMEAS_1,1.576899
Industrial (TEP),LSTM Autoencoder,Fault_18,31,XMEAS_25,1.548083
Industrial (TEP),LSTM Autoencoder,Fault_18,32,XMEAS_6,1.332934
Industrial (TEP),LSTM Autoencoder,Fault_18,33,XMEAS_36,1.048010
Industrial (TEP),LSTM Autoencoder,Fault_18,34,XMEAS_34,1.013479
Industrial (TEP),LSTM Autoencoder,Fault_18,35,XMEAS_32,0.772433
Industrial (TEP),LSTM Autoencoder,Fault_18,36,XMEAS_3,0.636426
Industrial (TEP),LSTM Autoencoder,Fault_18,37,XMEAS_26,0.621231
Industrial (TEP),LSTM Autoencoder,Fault_18,38,XMEAS_28,0.558773
Industrial (TEP),LSTM Autoencoder,Fault_18,39,XMEAS_2,0.268995
Industrial (TEP),LSTM Autoencoder,Fault_18,40,XMEAS_40,0.245252
Industrial (TEP),LSTM Autoencoder,Fault_18,41,XMEAS_41,0.237080
Industrial (TEP),LSTM Autoencoder,Fault_18,42,XMEAS_10,0.190145
Industrial (TEP),LSTM Autoencoder,Fault_18,43,XMEAS_39,0.175569
Industrial (TEP),LSTM Autoencoder,Fault_18,44,XMEAS_14,0.112951
Industrial (TEP),LSTM Autoencoder,Fault_18,45,XMEAS_9,0.111520
Industrial (TEP),LSTM Autoencoder,Fault_18,46,XMEAS_37,0.098200
Industrial (TEP),LSTM Autoencoder,Fault_18,47,XMEAS_12,0.072450
Industrial (TEP),LSTM Autoencoder,Fault_18,48,XMV_7,0.070413
Industrial (TEP),LSTM Autoencoder,Fault_18,49,XMEAS_15,0.067857
Industrial (TEP),LSTM Autoencoder,Fault_18,50,XMEAS_17,0.065324
Industrial (TEP),LSTM Autoencoder,Fault_18,51,XMEAS_5,0.060415
Industrial (TEP),LSTM Autoencoder,Fault_18,52,XMV_8,0.048315
Industrial (TEP),LSTM Autoencoder,Fault_19,1,XMEAS_5,0.152426
Industrial (TEP),LSTM Autoencoder,Fault_19,2,XMV_5,0.120687
Industrial (TEP),LSTM Autoencoder,Fault_19,3,XMEAS_9,0.074335
Industrial (TEP),LSTM Autoencoder,Fault_19,4,XMEAS_39,0.067691
Industrial (TEP),LSTM Autoencoder,Fault_19,5,XMEAS_20,0.064085
Industrial (TEP),LSTM Autoencoder,Fault_19,6,XMV_10,0.063602
Industrial (TEP),LSTM Autoencoder,Fault_19,7,XMEAS_21,0.057369
Industrial (TEP),LSTM Autoencoder,Fault_19,8,XMEAS_6,0.056573
Industrial (TEP),LSTM Autoencoder,Fault_19,9,XMV_9,0.055849
Industrial (TEP),LSTM Autoencoder,Fault_19,10,XMEAS_26,0.052339
Industrial (TEP),LSTM Autoencoder,Fault_19,11,XMV_6,0.052116
Industrial (TEP),LSTM Autoencoder,Fault_19,12,XMV_8,0.050883
Industrial (TEP),LSTM Autoencoder,Fault_19,13,XMEAS_19,0.049995
Industrial (TEP),LSTM Autoencoder,Fault_19,14,XMEAS_35,0.049694
Industrial (TEP),LSTM Autoencoder,Fault_19,15,XMEAS_24,0.049631
Industrial (TEP),LSTM Autoencoder,Fault_19,16,XMEAS_23,0.049591
Industrial (TEP),LSTM Autoencoder,Fault_19,17,XMEAS_1,0.049509
Industrial (TEP),LSTM Autoencoder,Fault_19,18,XMEAS_2,0.049337
Industrial (TEP),LSTM Autoencoder,Fault_19,19,XMEAS_28,0.049163
Industrial (TEP),LSTM Autoencoder,Fault_19,20,XMEAS_15,0.049023
Industrial (TEP),LSTM Autoencoder,Fault_19,21,XMEAS_41,0.049016
Industrial (TEP),LSTM Autoencoder,Fault_19,22,XMEAS_17,0.048429
Industrial (TEP),LSTM Autoencoder,Fault_19,23,XMEAS_14,0.048378
Industrial (TEP),LSTM Autoencoder,Fault_19,24,XMEAS_33,0.048198
Industrial (TEP),LSTM Autoencoder,Fault_19,25,XMV_2,0.047367
Industrial (TEP),LSTM Autoencoder,Fault_19,26,XMEAS_25,0.047086
Industrial (TEP),LSTM Autoencoder,Fault_19,27,XMV_11,0.047022
Industrial (TEP),LSTM Autoencoder,Fault_19,28,XMEAS_40,0.046672
Industrial (TEP),LSTM Autoencoder,Fault_19,29,XMEAS_32,0.046160
Industrial (TEP),LSTM Autoencoder,Fault_19,30,XMV_4,0.045967
Industrial (TEP),LSTM Autoencoder,Fault_19,31,XMEAS_30,0.045895
Industrial (TEP),LSTM Autoencoder,Fault_19,32,XMEAS_34,0.045878
Industrial (TEP),LSTM Autoencoder,Fault_19,33,XMV_1,0.045738
Industrial (TEP),LSTM Autoencoder,Fault_19,34,XMEAS_31,0.045256
Industrial (TEP),LSTM Autoencoder,Fault_19,35,XMEAS_38,0.045035
Industrial (TEP),LSTM Autoencoder,Fault_19,36,XMEAS_8,0.045011
Industrial (TEP),LSTM Autoencoder,Fault_19,37,XMEAS_29,0.044943
Industrial (TEP),LSTM Autoencoder,Fault_19,38,XMEAS_11,0.044900
Industrial (TEP),LSTM Autoencoder,Fault_19,39,XMEAS_16,0.044879
Industrial (TEP),LSTM Autoencoder,Fault_19,40,XMEAS_7,0.044121
Industrial (TEP),LSTM Autoencoder,Fault_19,41,XMEAS_3,0.042596
Industrial (TEP),LSTM Autoencoder,Fault_19,42,XMEAS_10,0.042396
Industrial (TEP),LSTM Autoencoder,Fault_19,43,XMEAS_36,0.042284
Industrial (TEP),LSTM Autoencoder,Fault_19,44,XMEAS_4,0.041808
Industrial (TEP),LSTM Autoencoder,Fault_19,45,XMV_3,0.041515
Industrial (TEP),LSTM Autoencoder,Fault_19,46,XMEAS_37,0.040036
Industrial (TEP),LSTM Autoencoder,Fault_19,47,XMEAS_18,0.039438
Industrial (TEP),LSTM Autoencoder,Fault_19,48,XMEAS_22,0.039290
Industrial (TEP),LSTM Autoencoder,Fault_19,49,XMEAS_13,0.038784
Industrial (TEP),LSTM Autoencoder,Fault_19,50,XMEAS_12,0.037790
Industrial (TEP),LSTM Autoencoder,Fault_19,51,XMV_7,0.036932
Industrial (TEP),LSTM Autoencoder,Fault_19,52,XMEAS_27,0.035245
Industrial (TEP),LSTM Autoencoder,Fault_20,1,XMV_5,1.273999
Industrial (TEP),LSTM Autoencoder,Fault_20,2,XMEAS_20,0.613734
Industrial (TEP),LSTM Autoencoder,Fault_20,3,XMEAS_13,0.243901
Industrial (TEP),LSTM Autoencoder,Fault_20,4,XMEAS_11,0.120307
Industrial (TEP),LSTM Autoencoder,Fault_20,5,XMEAS_7,0.066201
Industrial (TEP),LSTM Autoencoder,Fault_20,6,XMEAS_22,0.065603
Industrial (TEP),LSTM Autoencoder,Fault_20,7,XMEAS_21,0.062372
Industrial (TEP),LSTM Autoencoder,Fault_20,8,XMEAS_35,0.058335
Industrial (TEP),LSTM Autoencoder,Fault_20,9,XMEAS_39,0.058186
Industrial (TEP),LSTM Autoencoder,Fault_20,10,XMEAS_16,0.053679
Industrial (TEP),LSTM Autoencoder,Fault_20,11,XMEAS_9,0.053431
Industrial (TEP),LSTM Autoencoder,Fault_20,12,XMEAS_33,0.052466
Industrial (TEP),LSTM Autoencoder,Fault_20,13,XMEAS_26,0.051369
Industrial (TEP),LSTM Autoencoder,Fault_20,14,XMV_2,0.049868
Industrial (TEP),LSTM Autoencoder,Fault_20,15,XMV_6,0.048781
Industrial (TEP),LSTM Autoencoder,Fault_20,16,XMEAS_6,0.047977
Industrial (TEP),LSTM Autoencoder,Fault_20,17,XMEAS_24,0.047929
Industrial (TEP),LSTM Autoencoder,Fault_20,18,XMEAS_2,0.047594
Industrial (TEP),LSTM Autoencoder,Fault_20,19,XMEAS_38,0.047558
Industrial (TEP),LSTM Autoencoder,Fault_20,20,XMV_8,0.047475
Industrial (TEP),LSTM Autoencoder,Fault_20,21,XMEAS_15,0.046213
Industrial (TEP),LSTM Autoencoder,Fault_20,22,XMEAS_4,0.046196
Industrial (TEP),LSTM Autoencoder,Fault_20,23,XMEAS_28,0.046090
Industrial (TEP),LSTM Autoencoder,Fault_20,24,XMEAS_34,0.045800
Industrial (TEP),LSTM Autoencoder,Fault_20,25,XMEAS_41,0.045764
Industrial (TEP),LSTM Autoencoder,Fault_20,26,XMEAS_30,0.045720
Industrial (TEP),LSTM Autoencoder,Fault_20,27,XMEAS_29,0.045692
Industrial (TEP),LSTM Autoencoder,Fault_20,28,XMEAS_8,0.045466
Industrial (TEP),LSTM Autoencoder,Fault_20,29,XMEAS_40,0.045260
Industrial (TEP),LSTM Autoencoder,Fault_20,30,XMEAS_14,0.044849
Industrial (TEP),LSTM Autoencoder,Fault_20,31,XMV_4,0.043837
Industrial (TEP),LSTM Autoencoder,Fault_20,32,XMEAS_31,0.043617
Industrial (TEP),LSTM Autoencoder,Fault_20,33,XMEAS_3,0.043482
Industrial (TEP),LSTM Autoencoder,Fault_20,34,XMEAS_1,0.043082
Industrial (TEP),LSTM Autoencoder,Fault_20,35,XMEAS_17,0.042788
Industrial (TEP),LSTM Autoencoder,Fault_20,36,XMEAS_23,0.042712
Industrial (TEP),LSTM Autoencoder,Fault_20,37,XMV_1,0.042668
Industrial (TEP),LSTM Autoencoder,Fault_20,38,XMEAS_25,0.042368
Industrial (TEP),LSTM Autoencoder,Fault_20,39,XMEAS_32,0.042105
Industrial (TEP),LSTM Autoencoder,Fault_20,40,XMEAS_36,0.042013
Industrial (TEP),LSTM Autoencoder,Fault_20,41,XMV_10,0.041257
Industrial (TEP),LSTM Autoencoder,Fault_20,42,XMEAS_37,0.041228
Industrial (TEP),LSTM Autoencoder,Fault_20,43,XMV_9,0.041187
Industrial (TEP),LSTM Autoencoder,Fault_20,44,XMV_11,0.040751
Industrial (TEP),LSTM Autoencoder,Fault_20,45,XMEAS_27,0.040625
Industrial (TEP),LSTM Autoencoder,Fault_20,46,XMEAS_10,0.040557
Industrial (TEP),LSTM Autoencoder,Fault_20,47,XMEAS_5,0.039825
Industrial (TEP),LSTM Autoencoder,Fault_20,48,XMV_3,0.037644
Industrial (TEP),LSTM Autoencoder,Fault_20,49,XMEAS_18,0.036726
Industrial (TEP),LSTM Autoencoder,Fault_20,50,XMEAS_19,0.036430
Industrial (TEP),LSTM Autoencoder,Fault_20,51,XMV_7,0.034306
Industrial (TEP),LSTM Autoencoder,Fault_20,52,XMEAS_12,0.033752
Industrial (TEP),TCN Autoencoder,Fault_1,1,XMEAS_1,1.251403
Industrial (TEP),TCN Autoencoder,Fault_1,2,XMV_3,1.140891
Industrial (TEP),TCN Autoencoder,Fault_1,3,XMEAS_18,0.477834
Industrial (TEP),TCN Autoencoder,Fault_1,4,XMV_9,0.346875
Industrial (TEP),TCN Autoencoder,Fault_1,5,XMEAS_4,0.237173
Industrial (TEP),TCN Autoencoder,Fault_1,6,XMEAS_20,0.209338
Industrial (TEP),TCN Autoencoder,Fault_1,7,XMEAS_38,0.185390
Industrial (TEP),TCN Autoencoder,Fault_1,8,XMEAS_16,0.167513
Industrial (TEP),TCN Autoencoder,Fault_1,9,XMEAS_29,0.167503
Industrial (TEP),TCN Autoencoder,Fault_1,10,XMEAS_7,0.163462
Industrial (TEP),TCN Autoencoder,Fault_1,11,XMEAS_19,0.157489
Industrial (TEP),TCN Autoencoder,Fault_1,12,XMV_5,0.129719
Industrial (TEP),TCN Autoencoder,Fault_1,13,XMEAS_31,0.129235
Industrial (TEP),TCN Autoencoder,Fault_1,14,XMEAS_11,0.120929
Industrial (TEP),TCN Autoencoder,Fault_1,15,XMV_4,0.109980
Industrial (TEP),TCN Autoencoder,Fault_1,16,XMEAS_13,0.100456
Industrial (TEP),TCN Autoencoder,Fault_1,17,XMEAS_34,0.098816
Industrial (TEP),TCN Autoencoder,Fault_1,18,XMEAS_28,0.093090
Industrial (TEP),TCN Autoencoder,Fault_1,19,XMEAS_25,0.090755
Industrial (TEP),TCN Autoencoder,Fault_1,20,XMEAS_33,0.088753
Industrial (TEP),TCN Autoencoder,Fault_1,21,XMEAS_10,0.078312
Industrial (TEP),TCN Autoencoder,Fault_1,22,XMV_2,0.074776
Industrial (TEP),TCN Autoencoder,Fault_1,23,XMEAS_35,0.071604
Industrial (TEP),TCN Autoencoder,Fault_1,24,XMV_6,0.068839
Industrial (TEP),TCN Autoencoder,Fault_1,25,XMEAS_23,0.064775
Industrial (TEP),TCN Autoencoder,Fault_1,26,XMEAS_21,0.063102
Industrial (TEP),TCN Autoencoder,Fault_1,27,XMEAS_27,0.061697
Industrial (TEP),TCN Autoencoder,Fault_1,28,XMEAS_22,0.060913
Industrial (TEP),TCN Autoencoder,Fault_1,29,XMEAS_3,0.057158
Industrial (TEP),TCN Autoencoder,Fault_1,30,XMEAS_8,0.050255
Industrial (TEP),TCN Autoencoder,Fault_1,31,XMEAS_36,0.045226
Industrial (TEP),TCN Autoencoder,Fault_1,32,XMEAS_24,0.043429
Industrial (TEP),TCN Autoencoder,Fault_1,33,XMEAS_30,0.042137
Industrial (TEP),TCN Autoencoder,Fault_1,34,XMV_10,0.039019
Industrial (TEP),TCN Autoencoder,Fault_1,35,XMV_1,0.038274
Industrial (TEP),TCN Autoencoder,Fault_1,36,XMEAS_39,0.031412
Industrial (TEP),TCN Autoencoder,Fault_1,37,XMEAS_32,0.029258
Industrial (TEP),TCN Autoencoder,Fault_1,38,XMEAS_26,0.028358
Industrial (TEP),TCN Autoencoder,Fault_1,39,XMEAS_40,0.028165
Industrial (TEP),TCN Autoencoder,Fault_1,40,XMEAS_9,0.028006
Industrial (TEP),TCN Autoencoder,Fault_1,41,XMEAS_6,0.027474
Industrial (TEP),TCN Autoencoder,Fault_1,42,XMEAS_2,0.026559
Industrial (TEP),TCN Autoencoder,Fault_1,43,XMEAS_14,0.023639
Industrial (TEP),TCN Autoencoder,Fault_1,44,XMEAS_5,0.023434
Industrial (TEP),TCN Autoencoder,Fault_1,45,XMV_8,0.020376
Industrial (TEP),TCN Autoencoder,Fault_1,46,XMEAS_15,0.020249
Industrial (TEP),TCN Autoencoder,Fault_1,47,XMEAS_41,0.019347
Industrial (TEP),TCN Autoencoder,Fault_1,48,XMEAS_17,0.017761
Industrial (TEP),TCN Autoencoder,Fault_1,49,XMEAS_37,0.017312
Industrial (TEP),TCN Autoencoder,Fault_1,50,XMV_11,0.016057
Industrial (TEP),TCN Autoencoder,Fault_1,51,XMEAS_12,0.014694
Industrial (TEP),TCN Autoencoder,Fault_1,52,XMV_7,0.013764
Industrial (TEP),TCN Autoencoder,Fault_2,1,XMV_6,7.464456
Industrial (TEP),TCN Autoencoder,Fault_2,2,XMEAS_10,6.733890
Industrial (TEP),TCN Autoencoder,Fault_2,3,XMEAS_34,6.684600
Industrial (TEP),TCN Autoencoder,Fault_2,4,XMEAS_28,4.009401
Industrial (TEP),TCN Autoencoder,Fault_2,5,XMEAS_19,2.224288
Industrial (TEP),TCN Autoencoder,Fault_2,6,XMEAS_11,1.055769
Industrial (TEP),TCN Autoencoder,Fault_2,7,XMEAS_18,1.000414
Industrial (TEP),TCN Autoencoder,Fault_2,8,XMV_9,0.985027
Industrial (TEP),TCN Autoencoder,Fault_2,9,XMEAS_22,0.899793
Industrial (TEP),TCN Autoencoder,Fault_2,10,XMV_2,0.774401
Industrial (TEP),TCN Autoencoder,Fault_2,11,XMEAS_3,0.601277
Industrial (TEP),TCN Autoencoder,Fault_2,12,XMEAS_39,0.535350
Industrial (TEP),TCN Autoencoder,Fault_2,13,XMEAS_4,0.377472
Industrial (TEP),TCN Autoencoder,Fault_2,14,XMEAS_30,0.335876
Industrial (TEP),TCN Autoencoder,Fault_2,15,XMEAS_35,0.323826
Industrial (TEP),TCN Autoencoder,Fault_2,16,XMEAS_13,0.265382
Industrial (TEP),TCN Autoencoder,Fault_2,17,XMEAS_36,0.220924
Industrial (TEP),TCN Autoencoder,Fault_2,18,XMEAS_16,0.220742
Industrial (TEP),TCN Autoencoder,Fault_2,19,XMV_5,0.199941
Industrial (TEP),TCN Autoencoder,Fault_2,20,XMEAS_6,0.199715
Industrial (TEP),TCN Autoencoder,Fault_2,21,XMEAS_2,0.180040
Industrial (TEP),TCN Autoencoder,Fault_2,22,XMEAS_24,0.160937
Industrial (TEP),TCN Autoencoder,Fault_2,23,XMEAS_1,0.160358
Industrial (TEP),TCN Autoencoder,Fault_2,24,XMV_1,0.147808
Industrial (TEP),TCN Autoencoder,Fault_2,25,XMEAS_7,0.133034
Industrial (TEP),TCN Autoencoder,Fault_2,26,XMV_3,0.123882
Industrial (TEP),TCN Autoencoder,Fault_2,27,XMEAS_21,0.123692
Industrial (TEP),TCN Autoencoder,Fault_2,28,XMEAS_20,0.120859
Industrial (TEP),TCN Autoencoder,Fault_2,29,XMEAS_31,0.119954
Industrial (TEP),TCN Autoencoder,Fault_2,30,XMEAS_38,0.117319
Industrial (TEP),TCN Autoencoder,Fault_2,31,XMEAS_27,0.116127
Industrial (TEP),TCN Autoencoder,Fault_2,32,XMEAS_29,0.107332
Industrial (TEP),TCN Autoencoder,Fault_2,33,XMEAS_26,0.098000
Industrial (TEP),TCN Autoencoder,Fault_2,34,XMEAS_25,0.097495
Industrial (TEP),TCN Autoencoder,Fault_2,35,XMEAS_23,0.093102
Industrial (TEP),TCN Autoencoder,Fault_2,36,XMV_4,0.088591
Industrial (TEP),TCN Autoencoder,Fault_2,37,XMEAS_8,0.080550
Industrial (TEP),TCN Autoencoder,Fault_2,38,XMEAS_9,0.077252
Industrial (TEP),TCN Autoencoder,Fault_2,39,XMEAS_14,0.073383
Industrial (TEP),TCN Autoencoder,Fault_2,40,XMEAS_17,0.073204
Industrial (TEP),TCN Autoencoder,Fault_2,41,XMEAS_32,0.068072
Industrial (TEP),TCN Autoencoder,Fault_2,42,XMEAS_41,0.066849
Industrial (TEP),TCN Autoencoder,Fault_2,43,XMEAS_40,0.064439
Industrial (TEP),TCN Autoencoder,Fault_2,44,XMEAS_33,0.061083
Industrial (TEP),TCN Autoencoder,Fault_2,45,XMV_10,0.058773
Industrial (TEP),TCN Autoencoder,Fault_2,46,XMV_8,0.058287
Industrial (TEP),TCN Autoencoder,Fault_2,47,XMEAS_5,0.057580
Industrial (TEP),TCN Autoencoder,Fault_2,48,XMEAS_15,0.043636
Industrial (TEP),TCN Autoencoder,Fault_2,49,XMEAS_37,0.037036
Industrial (TEP),TCN Autoencoder,Fault_2,50,XMEAS_12,0.035420
Industrial (TEP),TCN Autoencoder,Fault_2,51,XMV_11,0.035112
Industrial (TEP),TCN Autoencoder,Fault_2,52,XMV_7,0.026036
Industrial (TEP),TCN Autoencoder,Fault_3,1,XMEAS_20,0.009807
Industrial (TEP),TCN Autoencoder,Fault_3,2,XMEAS_19,0.007892
Industrial (TEP),TCN Autoencoder,Fault_3,3,XMV_9,0.007427
Industrial (TEP),TCN Autoencoder,Fault_3,4,XMV_5,0.006945
Industrial (TEP),TCN Autoencoder,Fault_3,5,XMEAS_18,0.006241
Industrial (TEP),TCN Autoencoder,Fault_3,6,XMEAS_39,0.005986
Industrial (TEP),TCN Autoencoder,Fault_3,7,XMEAS_21,0.005868
Industrial (TEP),TCN Autoencoder,Fault_3,8,XMEAS_35,0.005735
Industrial (TEP),TCN Autoencoder,Fault_3,9,XMEAS_16,0.005381
Industrial (TEP),TCN Autoencoder,Fault_3,10,XMEAS_38,0.005377
Industrial (TEP),TCN Autoencoder,Fault_3,11,XMEAS_10,0.005315
Industrial (TEP),TCN Autoencoder,Fault_3,12,XMV_6,0.005298
Industrial (TEP),TCN Autoencoder,Fault_3,13,XMEAS_29,0.005244
Industrial (TEP),TCN Autoencoder,Fault_3,14,XMEAS_33,0.005120
Industrial (TEP),TCN Autoencoder,Fault_3,15,XMEAS_13,0.005120
Industrial (TEP),TCN Autoencoder,Fault_3,16,XMV_3,0.005045
Industrial (TEP),TCN Autoencoder,Fault_3,17,XMEAS_11,0.005004
Industrial (TEP),TCN Autoencoder,Fault_3,18,XMEAS_23,0.004829
Industrial (TEP),TCN Autoencoder,Fault_3,19,XMEAS_36,0.004761
Industrial (TEP),TCN Autoencoder,Fault_3,20,XMEAS_31,0.004710
Industrial (TEP),TCN Autoencoder,Fault_3,21,XMEAS_7,0.004652
Industrial (TEP),TCN Autoencoder,Fault_3,22,XMEAS_1,0.004542
Industrial (TEP),TCN Autoencoder,Fault_3,23,XMEAS_4,0.004510
Industrial (TEP),TCN Autoencoder,Fault_3,24,XMEAS_25,0.004503
Industrial (TEP),TCN Autoencoder,Fault_3,25,XMEAS_27,0.004464
Industrial (TEP),TCN Autoencoder,Fault_3,26,XMV_1,0.004401
Industrial (TEP),TCN Autoencoder,Fault_3,27,XMEAS_34,0.004390
Industrial (TEP),TCN Autoencoder,Fault_3,28,XMEAS_30,0.004377
Industrial (TEP),TCN Autoencoder,Fault_3,29,XMEAS_9,0.004332
Industrial (TEP),TCN Autoencoder,Fault_3,30,XMEAS_28,0.004321
Industrial (TEP),TCN Autoencoder,Fault_3,31,XMEAS_22,0.004274
Industrial (TEP),TCN Autoencoder,Fault_3,32,XMEAS_3,0.004266
Industrial (TEP),TCN Autoencoder,Fault_3,33,XMEAS_8,0.004175
Industrial (TEP),TCN Autoencoder,Fault_3,34,XMV_2,0.004166
Industrial (TEP),TCN Autoencoder,Fault_3,35,XMEAS_40,0.004158
Industrial (TEP),TCN Autoencoder,Fault_3,36,XMEAS_26,0.004153
Industrial (TEP),TCN Autoencoder,Fault_3,37,XMEAS_2,0.004052
Industrial (TEP),TCN Autoencoder,Fault_3,38,XMEAS_24,0.004030
Industrial (TEP),TCN Autoencoder,Fault_3,39,XMEAS_41,0.004003
Industrial (TEP),TCN Autoencoder,Fault_3,40,XMEAS_6,0.003956
Industrial (TEP),TCN Autoencoder,Fault_3,41,XMV_11,0.003879
Industrial (TEP),TCN Autoencoder,Fault_3,42,XMEAS_17,0.003871
Industrial (TEP),TCN Autoencoder,Fault_3,43,XMV_4,0.003814
Industrial (TEP),TCN Autoencoder,Fault_3,44,XMV_10,0.003748
Industrial (TEP),TCN Autoencoder,Fault_3,45,XMEAS_14,0.003740
Industrial (TEP),TCN Autoencoder,Fault_3,46,XMEAS_5,0.003610
Industrial (TEP),TCN Autoencoder,Fault_3,47,XMEAS_15,0.003576
Industrial (TEP),TCN Autoencoder,Fault_3,48,XMV_8,0.003564
Industrial (TEP),TCN Autoencoder,Fault_3,49,XMEAS_32,0.003529
Industrial (TEP),TCN Autoencoder,Fault_3,50,XMEAS_37,0.003382
Industrial (TEP),TCN Autoencoder,Fault_3,51,XMEAS_12,0.003350
Industrial (TEP),TCN Autoencoder,Fault_3,52,XMV_7,0.003324
Industrial (TEP),TCN Autoencoder,Fault_4,1,XMV_10,0.233851
Industrial (TEP),TCN Autoencoder,Fault_4,2,XMV_5,0.016049
Industrial (TEP),TCN Autoencoder,Fault_4,3,XMEAS_20,0.015729
Industrial (TEP),TCN Autoencoder,Fault_4,4,XMV_9,0.013956
Industrial (TEP),TCN Autoencoder,Fault_4,5,XMEAS_19,0.012925
Industrial (TEP),TCN Autoencoder,Fault_4,6,XMV_1,0.012906
Industrial (TEP),TCN Autoencoder,Fault_4,7,XMEAS_10,0.011948
Industrial (TEP),TCN Autoencoder,Fault_4,8,XMEAS_9,0.011647
Industrial (TEP),TCN Autoencoder,Fault_4,9,XMEAS_18,0.011514
Industrial (TEP),TCN Autoencoder,Fault_4,10,XMEAS_23,0.010587
Industrial (TEP),TCN Autoencoder,Fault_4,11,XMEAS_4,0.010500
Industrial (TEP),TCN Autoencoder,Fault_4,12,XMEAS_27,0.010478
Industrial (TEP),TCN Autoencoder,Fault_4,13,XMEAS_33,0.010433
Industrial (TEP),TCN Autoencoder,Fault_4,14,XMEAS_41,0.010421
Industrial (TEP),TCN Autoencoder,Fault_4,15,XMEAS_16,0.010385
Industrial (TEP),TCN Autoencoder,Fault_4,16,XMEAS_29,0.009813
Industrial (TEP),TCN Autoencoder,Fault_4,17,XMEAS_25,0.009709
Industrial (TEP),TCN Autoencoder,Fault_4,18,XMEAS_39,0.009589
Industrial (TEP),TCN Autoencoder,Fault_4,19,XMEAS_40,0.009128
Industrial (TEP),TCN Autoencoder,Fault_4,20,XMEAS_31,0.008965
Industrial (TEP),TCN Autoencoder,Fault_4,21,XMEAS_6,0.008856
Industrial (TEP),TCN Autoencoder,Fault_4,22,XMEAS_34,0.008817
Industrial (TEP),TCN Autoencoder,Fault_4,23,XMV_6,0.008778
Industrial (TEP),TCN Autoencoder,Fault_4,24,XMEAS_11,0.008694
Industrial (TEP),TCN Autoencoder,Fault_4,25,XMEAS_13,0.008680
Industrial (TEP),TCN Autoencoder,Fault_4,26,XMEAS_24,0.008644
Industrial (TEP),TCN Autoencoder,Fault_4,27,XMEAS_7,0.008593
Industrial (TEP),TCN Autoencoder,Fault_4,28,XMEAS_36,0.008437
Industrial (TEP),TCN Autoencoder,Fault_4,29,XMEAS_3,0.008180
Industrial (TEP),TCN Autoencoder,Fault_4,30,XMEAS_15,0.008151
Industrial (TEP),TCN Autoencoder,Fault_4,31,XMV_4,0.008039
Industrial (TEP),TCN Autoencoder,Fault_4,32,XMEAS_35,0.008017
Industrial (TEP),TCN Autoencoder,Fault_4,33,XMEAS_1,0.007811
Industrial (TEP),TCN Autoencoder,Fault_4,34,XMEAS_30,0.007762
Industrial (TEP),TCN Autoencoder,Fault_4,35,XMEAS_14,0.007570
Industrial (TEP),TCN Autoencoder,Fault_4,36,XMEAS_38,0.007508
Industrial (TEP),TCN Autoencoder,Fault_4,37,XMEAS_21,0.007462
Industrial (TEP),TCN Autoencoder,Fault_4,38,XMEAS_32,0.007461
Industrial (TEP),TCN Autoencoder,Fault_4,39,XMV_3,0.007266
Industrial (TEP),TCN Autoencoder,Fault_4,40,XMEAS_8,0.007253
Industrial (TEP),TCN Autoencoder,Fault_4,41,XMV_2,0.007162
Industrial (TEP),TCN Autoencoder,Fault_4,42,XMEAS_26,0.007044
Industrial (TEP),TCN Autoencoder,Fault_4,43,XMEAS_2,0.007028
Industrial (TEP),TCN Autoencoder,Fault_4,44,XMEAS_17,0.007020
Industrial (TEP),TCN Autoencoder,Fault_4,45,XMEAS_37,0.007001
Industrial (TEP),TCN Autoencoder,Fault_4,46,XMEAS_5,0.006973
Industrial (TEP),TCN Autoencoder,Fault_4,47,XMEAS_28,0.006959
Industrial (TEP),TCN Autoencoder,Fault_4,48,XMEAS_22,0.006934
Industrial (TEP),TCN Autoencoder,Fault_4,49,XMV_11,0.006606
Industrial (TEP),TCN Autoencoder,Fault_4,50,XMV_8,0.006420
Industrial (TEP),TCN Autoencoder,Fault_4,51,XMV_7,0.006330
Industrial (TEP),TCN Autoencoder,Fault_4,52,XMEAS_12,0.005074
Industrial (TEP),TCN Autoencoder,Fault_5,1,XMEAS_19,0.069415
Industrial (TEP),TCN Autoencoder,Fault_5,2,XMEAS_20,0.066306
Industrial (TEP),TCN Autoencoder,Fault_5,3,XMEAS_18,0.064460
Industrial (TEP),TCN Autoencoder,Fault_5,4,XMV_11,0.057988
Industrial (TEP),TCN Autoencoder,Fault_5,5,XMV_9,0.051105
Industrial (TEP),TCN Autoencoder,Fault_5,6,XMV_5,0.045642
Industrial (TEP),TCN Autoencoder,Fault_5,7,XMEAS_38,0.037296
Industrial (TEP),TCN Autoencoder,Fault_5,8,XMEAS_7,0.035221
Industrial (TEP),TCN Autoencoder,Fault_5,9,XMEAS_16,0.033425
Industrial (TEP),TCN Autoencoder,Fault_5,10,XMEAS_13,0.030845
Industrial (TEP),TCN Autoencoder,Fault_5,11,XMEAS_29,0.027159
Industrial (TEP),TCN Autoencoder,Fault_5,12,XMEAS_31,0.026836
Industrial (TEP),TCN Autoencoder,Fault_5,13,XMEAS_11,0.023958
Industrial (TEP),TCN Autoencoder,Fault_5,14,XMEAS_25,0.023246
Industrial (TEP),TCN Autoencoder,Fault_5,15,XMEAS_17,0.022284
Industrial (TEP),TCN Autoencoder,Fault_5,16,XMEAS_33,0.021656
Industrial (TEP),TCN Autoencoder,Fault_5,17,XMV_3,0.020376
Industrial (TEP),TCN Autoencoder,Fault_5,18,XMEAS_35,0.020104
Industrial (TEP),TCN Autoencoder,Fault_5,19,XMEAS_10,0.019413
Industrial (TEP),TCN Autoencoder,Fault_5,20,XMEAS_1,0.016865
Industrial (TEP),TCN Autoencoder,Fault_5,21,XMV_6,0.016495
Industrial (TEP),TCN Autoencoder,Fault_5,22,XMEAS_23,0.016278
Industrial (TEP),TCN Autoencoder,Fault_5,23,XMEAS_21,0.015980
Industrial (TEP),TCN Autoencoder,Fault_5,24,XMEAS_27,0.015709
Industrial (TEP),TCN Autoencoder,Fault_5,25,XMEAS_4,0.015498
Industrial (TEP),TCN Autoencoder,Fault_5,26,XMV_2,0.014284
Industrial (TEP),TCN Autoencoder,Fault_5,27,XMEAS_8,0.013648
Industrial (TEP),TCN Autoencoder,Fault_5,28,XMEAS_3,0.012803
Industrial (TEP),TCN Autoencoder,Fault_5,29,XMEAS_36,0.012014
Industrial (TEP),TCN Autoencoder,Fault_5,30,XMEAS_22,0.011887
Industrial (TEP),TCN Autoencoder,Fault_5,31,XMEAS_34,0.011188
Industrial (TEP),TCN Autoencoder,Fault_5,32,XMEAS_30,0.010858
Industrial (TEP),TCN Autoencoder,Fault_5,33,XMEAS_28,0.010557
Industrial (TEP),TCN Autoencoder,Fault_5,34,XMV_10,0.010072
Industrial (TEP),TCN Autoencoder,Fault_5,35,XMEAS_39,0.009656
Industrial (TEP),TCN Autoencoder,Fault_5,36,XMEAS_6,0.009423
Industrial (TEP),TCN Autoencoder,Fault_5,37,XMEAS_24,0.009186
Industrial (TEP),TCN Autoencoder,Fault_5,38,XMV_1,0.008708
Industrial (TEP),TCN Autoencoder,Fault_5,39,XMV_4,0.008618
Industrial (TEP),TCN Autoencoder,Fault_5,40,XMEAS_2,0.008284
Industrial (TEP),TCN Autoencoder,Fault_5,41,XMEAS_5,0.008271
Industrial (TEP),TCN Autoencoder,Fault_5,42,XMEAS_15,0.007851
Industrial (TEP),TCN Autoencoder,Fault_5,43,XMEAS_41,0.007688
Industrial (TEP),TCN Autoencoder,Fault_5,44,XMEAS_9,0.007668
Industrial (TEP),TCN Autoencoder,Fault_5,45,XMEAS_14,0.007620
Industrial (TEP),TCN Autoencoder,Fault_5,46,XMEAS_26,0.007615
Industrial (TEP),TCN Autoencoder,Fault_5,47,XMEAS_32,0.006950
Industrial (TEP),TCN Autoencoder,Fault_5,48,XMEAS_40,0.006808
Industrial (TEP),TCN Autoencoder,Fault_5,49,XMV_8,0.006667
Industrial (TEP),TCN Autoencoder,Fault_5,50,XMV_7,0.006114
Industrial (TEP),TCN Autoencoder,Fault_5,51,XMEAS_12,0.005701
Industrial (TEP),TCN Autoencoder,Fault_5,52,XMEAS_37,0.005465
Industrial (TEP),TCN Autoencoder,Fault_6,1,XMV_10,103.055181
Industrial (TEP),TCN Autoencoder,Fault_6,2,XMV_5,35.679915
Industrial (TEP),TCN Autoencoder,Fault_6,3,XMEAS_7,32.363700
Industrial (TEP),TCN Autoencoder,Fault_6,4,XMEAS_16,29.962766
Industrial (TEP),TCN Autoencoder,Fault_6,5,XMEAS_31,19.678352
Industrial (TEP),TCN Autoencoder,Fault_6,6,XMV_11,13.418162
Industrial (TEP),TCN Autoencoder,Fault_6,7,XMEAS_29,13.031573
Industrial (TEP),TCN Autoencoder,Fault_6,8,XMEAS_13,12.988509
Industrial (TEP),TCN Autoencoder,Fault_6,9,XMV_3,11.658143
Industrial (TEP),TCN Autoencoder,Fault_6,10,XMEAS_23,9.180169
Industrial (TEP),TCN Autoencoder,Fault_6,11,XMEAS_20,8.858469
Industrial (TEP),TCN Autoencoder,Fault_6,12,XMV_4,8.087820
Industrial (TEP),TCN Autoencoder,Fault_6,13,XMV_6,7.674762
Industrial (TEP),TCN Autoencoder,Fault_6,14,XMEAS_11,6.126081
Industrial (TEP),TCN Autoencoder,Fault_6,15,XMV_9,5.720286
Industrial (TEP),TCN Autoencoder,Fault_6,16,XMEAS_25,5.637138
Industrial (TEP),TCN Autoencoder,Fault_6,17,XMEAS_34,5.574367
Industrial (TEP),TCN Autoencoder,Fault_6,18,XMEAS_35,5.521978
Industrial (TEP),TCN Autoencoder,Fault_6,19,XMV_2,5.164547
Industrial (TEP),TCN Autoencoder,Fault_6,20,XMEAS_1,4.958552
Industrial (TEP),TCN Autoencoder,Fault_6,21,XMEAS_10,4.519486
Industrial (TEP),TCN Autoencoder,Fault_6,22,XMEAS_36,4.289515
Industrial (TEP),TCN Autoencoder,Fault_6,23,XMEAS_38,4.117444
Industrial (TEP),TCN Autoencoder,Fault_6,24,XMEAS_19,3.868448
Industrial (TEP),TCN Autoencoder,Fault_6,25,XMV_1,2.483542
Industrial (TEP),TCN Autoencoder,Fault_6,26,XMEAS_22,2.187624
Industrial (TEP),TCN Autoencoder,Fault_6,27,XMEAS_3,1.862942
Industrial (TEP),TCN Autoencoder,Fault_6,28,XMEAS_4,1.640771
Industrial (TEP),TCN Autoencoder,Fault_6,29,XMEAS_21,1.486532
Industrial (TEP),TCN Autoencoder,Fault_6,30,XMEAS_28,0.945472
Industrial (TEP),TCN Autoencoder,Fault_6,31,XMEAS_41,0.870932
Industrial (TEP),TCN Autoencoder,Fault_6,32,XMEAS_18,0.829427
Industrial (TEP),TCN Autoencoder,Fault_6,33,XMEAS_24,0.701511
Industrial (TEP),TCN Autoencoder,Fault_6,34,XMEAS_30,0.685792
Industrial (TEP),TCN Autoencoder,Fault_6,35,XMEAS_40,0.458260
Industrial (TEP),TCN Autoencoder,Fault_6,36,XMEAS_39,0.427007
Industrial (TEP),TCN Autoencoder,Fault_6,37,XMEAS_27,0.362685
Industrial (TEP),TCN Autoencoder,Fault_6,38,XMEAS_32,0.319512
Industrial (TEP),TCN Autoencoder,Fault_6,39,XMEAS_17,0.273689
Industrial (TEP),TCN Autoencoder,Fault_6,40,XMEAS_33,0.252832
Industrial (TEP),TCN Autoencoder,Fault_6,41,XMEAS_2,0.222747
Industrial (TEP),TCN Autoencoder,Fault_6,42,XMEAS_9,0.195079
Industrial (TEP),TCN Autoencoder,Fault_6,43,XMEAS_37,0.189058
Industrial (TEP),TCN Autoencoder,Fault_6,44,XMEAS_14,0.158612
Industrial (TEP),TCN Autoencoder,Fault_6,45,XMEAS_8,0.148349
Industrial (TEP),TCN Autoencoder,Fault_6,46,XMEAS_26,0.073636
Industrial (TEP),TCN Autoencoder,Fault_6,47,XMEAS_15,0.061194
Industrial (TEP),TCN Autoencoder,Fault_6,48,XMV_7,0.047827
Industrial (TEP),TCN Autoencoder,Fault_6,49,XMEAS_6,0.046172
Industrial (TEP),TCN Autoencoder,Fault_6,50,XMV_8,0.039877
Industrial (TEP),TCN Autoencoder,Fault_6,51,XMEAS_5,0.038521
Industrial (TEP),TCN Autoencoder,Fault_6,52,XMEAS_12,0.032284
Industrial (TEP),TCN Autoencoder,Fault_7,1,XMV_4,0.817777
Industrial (TEP),TCN Autoencoder,Fault_7,2,XMEAS_20,0.206980
Industrial (TEP),TCN Autoencoder,Fault_7,3,XMV_9,0.199344
Industrial (TEP),TCN Autoencoder,Fault_7,4,XMV_5,0.179034
Industrial (TEP),TCN Autoencoder,Fault_7,5,XMEAS_18,0.159707
Industrial (TEP),TCN Autoencoder,Fault_7,6,XMEAS_19,0.155528
Industrial (TEP),TCN Autoencoder,Fault_7,7,XMEAS_38,0.154518
Industrial (TEP),TCN Autoencoder,Fault_7,8,XMEAS_16,0.141670
Industrial (TEP),TCN Autoencoder,Fault_7,9,XMEAS_7,0.124526
Industrial (TEP),TCN Autoencoder,Fault_7,10,XMEAS_13,0.123493
Industrial (TEP),TCN Autoencoder,Fault_7,11,XMEAS_29,0.107502
Industrial (TEP),TCN Autoencoder,Fault_7,12,XMEAS_31,0.092267
Industrial (TEP),TCN Autoencoder,Fault_7,13,XMEAS_11,0.087122
Industrial (TEP),TCN Autoencoder,Fault_7,14,XMEAS_33,0.081326
Industrial (TEP),TCN Autoencoder,Fault_7,15,XMEAS_10,0.068331
Industrial (TEP),TCN Autoencoder,Fault_7,16,XMEAS_21,0.067451
Industrial (TEP),TCN Autoencoder,Fault_7,17,XMEAS_4,0.063771
Industrial (TEP),TCN Autoencoder,Fault_7,18,XMEAS_27,0.058590
Industrial (TEP),TCN Autoencoder,Fault_7,19,XMEAS_1,0.058244
Industrial (TEP),TCN Autoencoder,Fault_7,20,XMEAS_8,0.055973
Industrial (TEP),TCN Autoencoder,Fault_7,21,XMV_3,0.055873
Industrial (TEP),TCN Autoencoder,Fault_7,22,XMV_6,0.055314
Industrial (TEP),TCN Autoencoder,Fault_7,23,XMEAS_25,0.054481
Industrial (TEP),TCN Autoencoder,Fault_7,24,XMEAS_3,0.053709
Industrial (TEP),TCN Autoencoder,Fault_7,25,XMV_2,0.053279
Industrial (TEP),TCN Autoencoder,Fault_7,26,XMEAS_35,0.046766
Industrial (TEP),TCN Autoencoder,Fault_7,27,XMEAS_23,0.043350
Industrial (TEP),TCN Autoencoder,Fault_7,28,XMEAS_22,0.038786
Industrial (TEP),TCN Autoencoder,Fault_7,29,XMEAS_36,0.037362
Industrial (TEP),TCN Autoencoder,Fault_7,30,XMEAS_30,0.034584
Industrial (TEP),TCN Autoencoder,Fault_7,31,XMV_10,0.032950
Industrial (TEP),TCN Autoencoder,Fault_7,32,XMEAS_28,0.032032
Industrial (TEP),TCN Autoencoder,Fault_7,33,XMEAS_34,0.029054
Industrial (TEP),TCN Autoencoder,Fault_7,34,XMEAS_39,0.028317
Industrial (TEP),TCN Autoencoder,Fault_7,35,XMEAS_6,0.027365
Industrial (TEP),TCN Autoencoder,Fault_7,36,XMEAS_24,0.025994
Industrial (TEP),TCN Autoencoder,Fault_7,37,XMV_1,0.025950
Industrial (TEP),TCN Autoencoder,Fault_7,38,XMEAS_2,0.025557
Industrial (TEP),TCN Autoencoder,Fault_7,39,XMEAS_40,0.022503
Industrial (TEP),TCN Autoencoder,Fault_7,40,XMEAS_32,0.021277
Industrial (TEP),TCN Autoencoder,Fault_7,41,XMEAS_41,0.020008
Industrial (TEP),TCN Autoencoder,Fault_7,42,XMEAS_15,0.019677
Industrial (TEP),TCN Autoencoder,Fault_7,43,XMEAS_17,0.019139
Industrial (TEP),TCN Autoencoder,Fault_7,44,XMEAS_26,0.018257
Industrial (TEP),TCN Autoencoder,Fault_7,45,XMEAS_9,0.017846
Industrial (TEP),TCN Autoencoder,Fault_7,46,XMV_7,0.016926
Industrial (TEP),TCN Autoencoder,Fault_7,47,XMEAS_37,0.016580
Industrial (TEP),TCN Autoencoder,Fault_7,48,XMV_11,0.016407
Industrial (TEP),TCN Autoencoder,Fault_7,49,XMEAS_5,0.015892
Industrial (TEP),TCN Autoencoder,Fault_7,50,XMEAS_14,0.015218
Industrial (TEP),TCN Autoencoder,Fault_7,51,XMV_8,0.013754
Industrial (TEP),TCN Autoencoder,Fault_7,52,XMEAS_12,0.013328
Industrial (TEP),TCN Autoencoder,Fault_8,1,XMEAS_20,0.897510
Industrial (TEP),TCN Autoencoder,Fault_8,2,XMEAS_34,0.819390
Industrial (TEP),TCN Autoencoder,Fault_8,3,XMEAS_16,0.794906
Industrial (TEP),TCN Autoencoder,Fault_8,4,XMV_5,0.718492
Industrial (TEP),TCN Autoencoder,Fault_8,5,XMV_9,0.699659
Industrial (TEP),TCN Autoencoder,Fault_8,6,XMEAS_7,0.639613
Industrial (TEP),TCN Autoencoder,Fault_8,7,XMEAS_29,0.623776
Industrial (TEP),TCN Autoencoder,Fault_8,8,XMEAS_19,0.606636
Industrial (TEP),TCN Autoencoder,Fault_8,9,XMEAS_31,0.561690
Industrial (TEP),TCN Autoencoder,Fault_8,10,XMEAS_13,0.552138
Industrial (TEP),TCN Autoencoder,Fault_8,11,XMEAS_38,0.542567
Industrial (TEP),TCN Autoencoder,Fault_8,12,XMEAS_10,0.537109
Industrial (TEP),TCN Autoencoder,Fault_8,13,XMEAS_18,0.433640
Industrial (TEP),TCN Autoencoder,Fault_8,14,XMEAS_28,0.398139
Industrial (TEP),TCN Autoencoder,Fault_8,15,XMEAS_25,0.372045
Industrial (TEP),TCN Autoencoder,Fault_8,16,XMV_6,0.343733
Industrial (TEP),TCN Autoencoder,Fault_8,17,XMV_3,0.337546
Industrial (TEP),TCN Autoencoder,Fault_8,18,XMEAS_11,0.335084
Industrial (TEP),TCN Autoencoder,Fault_8,19,XMEAS_33,0.287696
Industrial (TEP),TCN Autoencoder,Fault_8,20,XMEAS_1,0.270869
Industrial (TEP),TCN Autoencoder,Fault_8,21,XMEAS_4,0.268213
Industrial (TEP),TCN Autoencoder,Fault_8,22,XMEAS_23,0.250771
Industrial (TEP),TCN Autoencoder,Fault_8,23,XMEAS_21,0.222698
Industrial (TEP),TCN Autoencoder,Fault_8,24,XMEAS_35,0.217258
Industrial (TEP),TCN Autoencoder,Fault_8,25,XMEAS_30,0.198374
Industrial (TEP),TCN Autoencoder,Fault_8,26,XMEAS_27,0.187365
Industrial (TEP),TCN Autoencoder,Fault_8,27,XMEAS_8,0.176708
Industrial (TEP),TCN Autoencoder,Fault_8,28,XMEAS_3,0.169558
Industrial (TEP),TCN Autoencoder,Fault_8,29,XMV_2,0.145438
Industrial (TEP),TCN Autoencoder,Fault_8,30,XMEAS_22,0.133949
Industrial (TEP),TCN Autoencoder,Fault_8,31,XMEAS_24,0.115922
Industrial (TEP),TCN Autoencoder,Fault_8,32,XMEAS_36,0.109991
Industrial (TEP),TCN Autoencoder,Fault_8,33,XMV_10,0.109013
Industrial (TEP),TCN Autoencoder,Fault_8,34,XMV_4,0.083551
Industrial (TEP),TCN Autoencoder,Fault_8,35,XMEAS_6,0.080038
Industrial (TEP),TCN Autoencoder,Fault_8,36,XMEAS_39,0.078913
Industrial (TEP),TCN Autoencoder,Fault_8,37,XMV_1,0.060285
Industrial (TEP),TCN Autoencoder,Fault_8,38,XMEAS_26,0.059018
Industrial (TEP),TCN Autoencoder,Fault_8,39,XMEAS_2,0.058659
Industrial (TEP),TCN Autoencoder,Fault_8,40,XMEAS_32,0.054941
Industrial (TEP),TCN Autoencoder,Fault_8,41,XMEAS_9,0.052864
Industrial (TEP),TCN Autoencoder,Fault_8,42,XMEAS_41,0.044016
Industrial (TEP),TCN Autoencoder,Fault_8,43,XMEAS_40,0.041153
Industrial (TEP),TCN Autoencoder,Fault_8,44,XMEAS_14,0.040862
Industrial (TEP),TCN Autoencoder,Fault_8,45,XMEAS_5,0.038314
Industrial (TEP),TCN Autoencoder,Fault_8,46,XMV_11,0.035532
Industrial (TEP),TCN Autoencoder,Fault_8,47,XMV_8,0.034931
Industrial (TEP),TCN Autoencoder,Fault_8,48,XMEAS_15,0.034572
Industrial (TEP),TCN Autoencoder,Fault_8,49,XMEAS_12,0.032856
Industrial (TEP),TCN Autoencoder,Fault_8,50,XMEAS_17,0.032010
Industrial (TEP),TCN Autoencoder,Fault_8,51,XMV_7,0.029186
Industrial (TEP),TCN Autoencoder,Fault_8,52,XMEAS_37,0.028592
Industrial (TEP),TCN Autoencoder,Fault_9,1,XMEAS_20,0.010417
Industrial (TEP),TCN Autoencoder,Fault_9,2,XMEAS_19,0.008317
Industrial (TEP),TCN Autoencoder,Fault_9,3,XMV_9,0.007695
Industrial (TEP),TCN Autoencoder,Fault_9,4,XMV_5,0.007233
Industrial (TEP),TCN Autoencoder,Fault_9,5,XMEAS_18,0.006405
Industrial (TEP),TCN Autoencoder,Fault_9,6,XMEAS_39,0.006044
Industrial (TEP),TCN Autoencoder,Fault_9,7,XMEAS_35,0.005865
Industrial (TEP),TCN Autoencoder,Fault_9,8,XMEAS_38,0.005696
Industrial (TEP),TCN Autoencoder,Fault_9,9,XMEAS_16,0.005649
Industrial (TEP),TCN Autoencoder,Fault_9,10,XMEAS_13,0.005511
Industrial (TEP),TCN Autoencoder,Fault_9,11,XMV_6,0.005483
Industrial (TEP),TCN Autoencoder,Fault_9,12,XMEAS_21,0.005464
Industrial (TEP),TCN Autoencoder,Fault_9,13,XMEAS_10,0.005429
Industrial (TEP),TCN Autoencoder,Fault_9,14,XMEAS_29,0.005235
Industrial (TEP),TCN Autoencoder,Fault_9,15,XMEAS_11,0.005150
Industrial (TEP),TCN Autoencoder,Fault_9,16,XMEAS_33,0.005129
Industrial (TEP),TCN Autoencoder,Fault_9,17,XMV_3,0.005087
Industrial (TEP),TCN Autoencoder,Fault_9,18,XMEAS_23,0.004949
Industrial (TEP),TCN Autoencoder,Fault_9,19,XMEAS_31,0.004892
Industrial (TEP),TCN Autoencoder,Fault_9,20,XMEAS_7,0.004883
Industrial (TEP),TCN Autoencoder,Fault_9,21,XMEAS_36,0.004799
Industrial (TEP),TCN Autoencoder,Fault_9,22,XMEAS_25,0.004648
Industrial (TEP),TCN Autoencoder,Fault_9,23,XMEAS_4,0.004641
Industrial (TEP),TCN Autoencoder,Fault_9,24,XMEAS_27,0.004592
Industrial (TEP),TCN Autoencoder,Fault_9,25,XMEAS_1,0.004575
Industrial (TEP),TCN Autoencoder,Fault_9,26,XMEAS_34,0.004519
Industrial (TEP),TCN Autoencoder,Fault_9,27,XMV_1,0.004489
Industrial (TEP),TCN Autoencoder,Fault_9,28,XMEAS_28,0.004465
Industrial (TEP),TCN Autoencoder,Fault_9,29,XMEAS_30,0.004448
Industrial (TEP),TCN Autoencoder,Fault_9,30,XMEAS_22,0.004342
Industrial (TEP),TCN Autoencoder,Fault_9,31,XMEAS_3,0.004326
Industrial (TEP),TCN Autoencoder,Fault_9,32,XMEAS_9,0.004324
Industrial (TEP),TCN Autoencoder,Fault_9,33,XMEAS_8,0.004291
Industrial (TEP),TCN Autoencoder,Fault_9,34,XMV_2,0.004211
Industrial (TEP),TCN Autoencoder,Fault_9,35,XMEAS_26,0.004188
Industrial (TEP),TCN Autoencoder,Fault_9,36,XMEAS_2,0.004162
Industrial (TEP),TCN Autoencoder,Fault_9,37,XMEAS_40,0.004147
Industrial (TEP),TCN Autoencoder,Fault_9,38,XMEAS_24,0.004096
Industrial (TEP),TCN Autoencoder,Fault_9,39,XMEAS_6,0.004063
Industrial (TEP),TCN Autoencoder,Fault_9,40,XMEAS_41,0.004030
Industrial (TEP),TCN Autoencoder,Fault_9,41,XMV_11,0.003918
Industrial (TEP),TCN Autoencoder,Fault_9,42,XMEAS_17,0.003898
Industrial (TEP),TCN Autoencoder,Fault_9,43,XMV_4,0.003897
Industrial (TEP),TCN Autoencoder,Fault_9,44,XMEAS_14,0.003802
Industrial (TEP),TCN Autoencoder,Fault_9,45,XMV_10,0.003798
Industrial (TEP),TCN Autoencoder,Fault_9,46,XMEAS_5,0.003664
Industrial (TEP),TCN Autoencoder,Fault_9,47,XMV_8,0.003608
Industrial (TEP),TCN Autoencoder,Fault_9,48,XMEAS_15,0.003598
Industrial (TEP),TCN Autoencoder,Fault_9,49,XMEAS_32,0.003541
Industrial (TEP),TCN Autoencoder,Fault_9,50,XMEAS_37,0.003432
Industrial (TEP),TCN Autoencoder,Fault_9,51,XMEAS_12,0.003351
Industrial (TEP),TCN Autoencoder,Fault_9,52,XMV_7,0.003345
Industrial (TEP),TCN Autoencoder,Fault_10,1,XMEAS_18,0.132251
Industrial (TEP),TCN Autoencoder,Fault_10,2,XMEAS_19,0.040812
Industrial (TEP),TCN Autoencoder,Fault_10,3,XMV_9,0.024014
Industrial (TEP),TCN Autoencoder,Fault_10,4,XMEAS_20,0.023685
Industrial (TEP),TCN Autoencoder,Fault_10,5,XMEAS_38,0.015458
Industrial (TEP),TCN Autoencoder,Fault_10,6,XMV_5,0.014633
Industrial (TEP),TCN Autoencoder,Fault_10,7,XMEAS_11,0.013203
Industrial (TEP),TCN Autoencoder,Fault_10,8,XMEAS_16,0.012341
Industrial (TEP),TCN Autoencoder,Fault_10,9,XMEAS_13,0.011240
Industrial (TEP),TCN Autoencoder,Fault_10,10,XMEAS_7,0.010949
Industrial (TEP),TCN Autoencoder,Fault_10,11,XMEAS_31,0.010372
Industrial (TEP),TCN Autoencoder,Fault_10,12,XMEAS_29,0.009545
Industrial (TEP),TCN Autoencoder,Fault_10,13,XMEAS_33,0.009242
Industrial (TEP),TCN Autoencoder,Fault_10,14,XMV_3,0.009082
Industrial (TEP),TCN Autoencoder,Fault_10,15,XMEAS_23,0.008567
Industrial (TEP),TCN Autoencoder,Fault_10,16,XMEAS_35,0.008546
Industrial (TEP),TCN Autoencoder,Fault_10,17,XMEAS_10,0.008451
Industrial (TEP),TCN Autoencoder,Fault_10,18,XMEAS_25,0.008380
Industrial (TEP),TCN Autoencoder,Fault_10,19,XMEAS_39,0.008246
Industrial (TEP),TCN Autoencoder,Fault_10,20,XMEAS_1,0.007951
Industrial (TEP),TCN Autoencoder,Fault_10,21,XMV_6,0.007924
Industrial (TEP),TCN Autoencoder,Fault_10,22,XMEAS_4,0.007492
Industrial (TEP),TCN Autoencoder,Fault_10,23,XMEAS_27,0.007479
Industrial (TEP),TCN Autoencoder,Fault_10,24,XMEAS_21,0.007369
Industrial (TEP),TCN Autoencoder,Fault_10,25,XMEAS_30,0.006655
Industrial (TEP),TCN Autoencoder,Fault_10,26,XMEAS_8,0.006594
Industrial (TEP),TCN Autoencoder,Fault_10,27,XMEAS_3,0.006578
Industrial (TEP),TCN Autoencoder,Fault_10,28,XMEAS_34,0.006486
Industrial (TEP),TCN Autoencoder,Fault_10,29,XMV_2,0.006424
Industrial (TEP),TCN Autoencoder,Fault_10,30,XMEAS_22,0.006394
Industrial (TEP),TCN Autoencoder,Fault_10,31,XMEAS_36,0.006332
Industrial (TEP),TCN Autoencoder,Fault_10,32,XMEAS_24,0.006291
Industrial (TEP),TCN Autoencoder,Fault_10,33,XMV_1,0.006222
Industrial (TEP),TCN Autoencoder,Fault_10,34,XMEAS_28,0.006062
Industrial (TEP),TCN Autoencoder,Fault_10,35,XMEAS_9,0.005909
Industrial (TEP),TCN Autoencoder,Fault_10,36,XMEAS_17,0.005869
Industrial (TEP),TCN Autoencoder,Fault_10,37,XMV_10,0.005860
Industrial (TEP),TCN Autoencoder,Fault_10,38,XMV_11,0.005813
Industrial (TEP),TCN Autoencoder,Fault_10,39,XMEAS_2,0.005808
Industrial (TEP),TCN Autoencoder,Fault_10,40,XMEAS_6,0.005800
Industrial (TEP),TCN Autoencoder,Fault_10,41,XMV_4,0.005782
Industrial (TEP),TCN Autoencoder,Fault_10,42,XMEAS_26,0.005573
Industrial (TEP),TCN Autoencoder,Fault_10,43,XMEAS_41,0.005547
Industrial (TEP),TCN Autoencoder,Fault_10,44,XMEAS_5,0.005522
Industrial (TEP),TCN Autoencoder,Fault_10,45,XMEAS_15,0.005504
Industrial (TEP),TCN Autoencoder,Fault_10,46,XMEAS_40,0.005387
Industrial (TEP),TCN Autoencoder,Fault_10,47,XMV_8,0.005386
Industrial (TEP),TCN Autoencoder,Fault_10,48,XMEAS_14,0.005272
Industrial (TEP),TCN Autoencoder,Fault_10,49,XMEAS_32,0.005142
Industrial (TEP),TCN Autoencoder,Fault_10,50,XMV_7,0.004686
Industrial (TEP),TCN Autoencoder,Fault_10,51,XMEAS_37,0.004526
Industrial (TEP),TCN Autoencoder,Fault_10,52,XMEAS_12,0.004504
Industrial (TEP),TCN Autoencoder,Fault_11,1,XMV_10,0.156278
Industrial (TEP),TCN Autoencoder,Fault_11,2,XMEAS_9,0.080351
Industrial (TEP),TCN Autoencoder,Fault_11,3,XMEAS_20,0.019051
Industrial (TEP),TCN Autoencoder,Fault_11,4,XMV_5,0.016106
Industrial (TEP),TCN Autoencoder,Fault_11,5,XMEAS_19,0.014047
Industrial (TEP),TCN Autoencoder,Fault_11,6,XMV_9,0.012582
Industrial (TEP),TCN Autoencoder,Fault_11,7,XMEAS_10,0.011116
Industrial (TEP),TCN Autoencoder,Fault_11,8,XMEAS_18,0.011097
Industrial (TEP),TCN Autoencoder,Fault_11,9,XMEAS_11,0.010191
Industrial (TEP),TCN Autoencoder,Fault_11,10,XMEAS_21,0.010128
Industrial (TEP),TCN Autoencoder,Fault_11,11,XMV_6,0.009981
Industrial (TEP),TCN Autoencoder,Fault_11,12,XMEAS_13,0.009869
Industrial (TEP),TCN Autoencoder,Fault_11,13,XMV_1,0.009854
Industrial (TEP),TCN Autoencoder,Fault_11,14,XMEAS_29,0.009808
Industrial (TEP),TCN Autoencoder,Fault_11,15,XMEAS_39,0.009647
Industrial (TEP),TCN Autoencoder,Fault_11,16,XMEAS_35,0.009599
Industrial (TEP),TCN Autoencoder,Fault_11,17,XMEAS_33,0.009548
Industrial (TEP),TCN Autoencoder,Fault_11,18,XMEAS_38,0.009465
Industrial (TEP),TCN Autoencoder,Fault_11,19,XMEAS_34,0.009297
Industrial (TEP),TCN Autoencoder,Fault_11,20,XMEAS_4,0.009172
Industrial (TEP),TCN Autoencoder,Fault_11,21,XMEAS_22,0.009128
Industrial (TEP),TCN Autoencoder,Fault_11,22,XMEAS_36,0.009041
Industrial (TEP),TCN Autoencoder,Fault_11,23,XMEAS_16,0.009006
Industrial (TEP),TCN Autoencoder,Fault_11,24,XMEAS_31,0.009000
Industrial (TEP),TCN Autoencoder,Fault_11,25,XMEAS_30,0.008919
Industrial (TEP),TCN Autoencoder,Fault_11,26,XMEAS_24,0.008676
Industrial (TEP),TCN Autoencoder,Fault_11,27,XMEAS_23,0.008628
Industrial (TEP),TCN Autoencoder,Fault_11,28,XMV_3,0.008612
Industrial (TEP),TCN Autoencoder,Fault_11,29,XMEAS_25,0.008503
Industrial (TEP),TCN Autoencoder,Fault_11,30,XMEAS_27,0.008490
Industrial (TEP),TCN Autoencoder,Fault_11,31,XMEAS_7,0.008300
Industrial (TEP),TCN Autoencoder,Fault_11,32,XMEAS_1,0.008217
Industrial (TEP),TCN Autoencoder,Fault_11,33,XMEAS_40,0.008190
Industrial (TEP),TCN Autoencoder,Fault_11,34,XMEAS_41,0.008106
Industrial (TEP),TCN Autoencoder,Fault_11,35,XMEAS_6,0.008031
Industrial (TEP),TCN Autoencoder,Fault_11,36,XMEAS_3,0.007835
Industrial (TEP),TCN Autoencoder,Fault_11,37,XMEAS_28,0.007725
Industrial (TEP),TCN Autoencoder,Fault_11,38,XMEAS_2,0.007574
Industrial (TEP),TCN Autoencoder,Fault_11,39,XMEAS_8,0.007495
Industrial (TEP),TCN Autoencoder,Fault_11,40,XMEAS_26,0.007300
Industrial (TEP),TCN Autoencoder,Fault_11,41,XMEAS_5,0.007293
Industrial (TEP),TCN Autoencoder,Fault_11,42,XMEAS_32,0.007283
Industrial (TEP),TCN Autoencoder,Fault_11,43,XMV_11,0.007210
Industrial (TEP),TCN Autoencoder,Fault_11,44,XMEAS_17,0.007169
Industrial (TEP),TCN Autoencoder,Fault_11,45,XMV_8,0.007014
Industrial (TEP),TCN Autoencoder,Fault_11,46,XMV_2,0.006906
Industrial (TEP),TCN Autoencoder,Fault_11,47,XMEAS_15,0.006901
Industrial (TEP),TCN Autoencoder,Fault_11,48,XMEAS_14,0.006812
Industrial (TEP),TCN Autoencoder,Fault_11,49,XMV_7,0.006552
Industrial (TEP),TCN Autoencoder,Fault_11,50,XMV_4,0.006510
Industrial (TEP),TCN Autoencoder,Fault_11,51,XMEAS_37,0.006447
Industrial (TEP),TCN Autoencoder,Fault_11,52,XMEAS_12,0.005835
Industrial (TEP),TCN Autoencoder,Fault_12,1,XMEAS_20,1.194019
Industrial (TEP),TCN Autoencoder,Fault_12,2,XMV_5,0.815384
Industrial (TEP),TCN Autoencoder,Fault_12,3,XMEAS_16,0.675671
Industrial (TEP),TCN Autoencoder,Fault_12,4,XMEAS_38,0.648163
Industrial (TEP),TCN Autoencoder,Fault_12,5,XMEAS_7,0.620834
Industrial (TEP),TCN Autoencoder,Fault_12,6,XMEAS_13,0.576944
Industrial (TEP),TCN Autoencoder,Fault_12,7,XMEAS_29,0.464440
Industrial (TEP),TCN Autoencoder,Fault_12,8,XMEAS_11,0.444638
Industrial (TEP),TCN Autoencoder,Fault_12,9,XMEAS_33,0.429122
Industrial (TEP),TCN Autoencoder,Fault_12,10,XMEAS_19,0.423268
Industrial (TEP),TCN Autoencoder,Fault_12,11,XMV_9,0.418082
Industrial (TEP),TCN Autoencoder,Fault_12,12,XMEAS_21,0.363918
Industrial (TEP),TCN Autoencoder,Fault_12,13,XMEAS_4,0.324990
Industrial (TEP),TCN Autoencoder,Fault_12,14,XMEAS_18,0.317375
Industrial (TEP),TCN Autoencoder,Fault_12,15,XMEAS_8,0.278586
Industrial (TEP),TCN Autoencoder,Fault_12,16,XMEAS_22,0.249799
Industrial (TEP),TCN Autoencoder,Fault_12,17,XMEAS_31,0.245373
Industrial (TEP),TCN Autoencoder,Fault_12,18,XMEAS_35,0.237862
Industrial (TEP),TCN Autoencoder,Fault_12,19,XMEAS_27,0.221460
Industrial (TEP),TCN Autoencoder,Fault_12,20,XMEAS_3,0.216744
Industrial (TEP),TCN Autoencoder,Fault_12,21,XMV_3,0.206364
Industrial (TEP),TCN Autoencoder,Fault_12,22,XMV_2,0.195112
Industrial (TEP),TCN Autoencoder,Fault_12,23,XMEAS_25,0.186183
Industrial (TEP),TCN Autoencoder,Fault_12,24,XMV_6,0.184542
Industrial (TEP),TCN Autoencoder,Fault_12,25,XMEAS_1,0.178260
Industrial (TEP),TCN Autoencoder,Fault_12,26,XMEAS_23,0.172847
Industrial (TEP),TCN Autoencoder,Fault_12,27,XMEAS_10,0.166321
Industrial (TEP),TCN Autoencoder,Fault_12,28,XMV_10,0.165289
Industrial (TEP),TCN Autoencoder,Fault_12,29,XMEAS_34,0.124318
Industrial (TEP),TCN Autoencoder,Fault_12,30,XMEAS_6,0.116439
Industrial (TEP),TCN Autoencoder,Fault_12,31,XMEAS_9,0.113375
Industrial (TEP),TCN Autoencoder,Fault_12,32,XMEAS_36,0.111836
Industrial (TEP),TCN Autoencoder,Fault_12,33,XMEAS_30,0.107174
Industrial (TEP),TCN Autoencoder,Fault_12,34,XMV_4,0.098309
Industrial (TEP),TCN Autoencoder,Fault_12,35,XMEAS_28,0.092699
Industrial (TEP),TCN Autoencoder,Fault_12,36,XMEAS_24,0.091377
Industrial (TEP),TCN Autoencoder,Fault_12,37,XMV_1,0.079778
Industrial (TEP),TCN Autoencoder,Fault_12,38,XMEAS_32,0.072751
Industrial (TEP),TCN Autoencoder,Fault_12,39,XMEAS_14,0.065207
Industrial (TEP),TCN Autoencoder,Fault_12,40,XMEAS_39,0.060729
Industrial (TEP),TCN Autoencoder,Fault_12,41,XMEAS_2,0.055136
Industrial (TEP),TCN Autoencoder,Fault_12,42,XMEAS_26,0.053978
Industrial (TEP),TCN Autoencoder,Fault_12,43,XMV_11,0.049826
Industrial (TEP),TCN Autoencoder,Fault_12,44,XMEAS_17,0.046761
Industrial (TEP),TCN Autoencoder,Fault_12,45,XMEAS_41,0.043699
Industrial (TEP),TCN Autoencoder,Fault_12,46,XMEAS_15,0.043548
Industrial (TEP),TCN Autoencoder,Fault_12,47,XMEAS_40,0.036528
Industrial (TEP),TCN Autoencoder,Fault_12,48,XMV_8,0.035255
Industrial (TEP),TCN Autoencoder,Fault_12,49,XMEAS_5,0.034725
Industrial (TEP),TCN Autoencoder,Fault_12,50,XMEAS_12,0.029211
Industrial (TEP),TCN Autoencoder,Fault_12,51,XMEAS_37,0.029018
Industrial (TEP),TCN Autoencoder,Fault_12,52,XMV_7,0.023722
Industrial (TEP),TCN Autoencoder,Fault_13,1,XMV_9,1.386818
Industrial (TEP),TCN Autoencoder,Fault_13,2,XMEAS_19,1.143427
Industrial (TEP),TCN Autoencoder,Fault_13,3,XMEAS_16,1.018790
Industrial (TEP),TCN Autoencoder,Fault_13,4,XMEAS_38,0.905557
Industrial (TEP),TCN Autoencoder,Fault_13,5,XMEAS_7,0.878890
Industrial (TEP),TCN Autoencoder,Fault_13,6,XMEAS_18,0.817619
Industrial (TEP),TCN Autoencoder,Fault_13,7,XMEAS_13,0.717226
Industrial (TEP),TCN Autoencoder,Fault_13,8,XMEAS_20,0.566005
Industrial (TEP),TCN Autoencoder,Fault_13,9,XMEAS_11,0.431018
Industrial (TEP),TCN Autoencoder,Fault_13,10,XMEAS_35,0.396630
Industrial (TEP),TCN Autoencoder,Fault_13,11,XMV_5,0.356095
Industrial (TEP),TCN Autoencoder,Fault_13,12,XMEAS_33,0.253756
Industrial (TEP),TCN Autoencoder,Fault_13,13,XMEAS_30,0.209789
Industrial (TEP),TCN Autoencoder,Fault_13,14,XMEAS_10,0.207400
Industrial (TEP),TCN Autoencoder,Fault_13,15,XMEAS_29,0.206224
Industrial (TEP),TCN Autoencoder,Fault_13,16,XMV_6,0.204186
Industrial (TEP),TCN Autoencoder,Fault_13,17,XMEAS_36,0.198194
Industrial (TEP),TCN Autoencoder,Fault_13,18,XMEAS_31,0.172496
Industrial (TEP),TCN Autoencoder,Fault_13,19,XMV_2,0.169373
Industrial (TEP),TCN Autoencoder,Fault_13,20,XMEAS_4,0.160547
Industrial (TEP),TCN Autoencoder,Fault_13,21,XMEAS_21,0.158618
Industrial (TEP),TCN Autoencoder,Fault_13,22,XMEAS_34,0.157939
Industrial (TEP),TCN Autoencoder,Fault_13,23,XMEAS_27,0.149563
Industrial (TEP),TCN Autoencoder,Fault_13,24,XMEAS_22,0.149061
Industrial (TEP),TCN Autoencoder,Fault_13,25,XMEAS_3,0.139352
Industrial (TEP),TCN Autoencoder,Fault_13,26,XMEAS_25,0.136726
Industrial (TEP),TCN Autoencoder,Fault_13,27,XMEAS_1,0.130160
Industrial (TEP),TCN Autoencoder,Fault_13,28,XMEAS_28,0.126392
Industrial (TEP),TCN Autoencoder,Fault_13,29,XMV_3,0.124882
Industrial (TEP),TCN Autoencoder,Fault_13,30,XMEAS_8,0.105287
Industrial (TEP),TCN Autoencoder,Fault_13,31,XMEAS_23,0.100928
Industrial (TEP),TCN Autoencoder,Fault_13,32,XMV_10,0.086642
Industrial (TEP),TCN Autoencoder,Fault_13,33,XMEAS_24,0.079374
Industrial (TEP),TCN Autoencoder,Fault_13,34,XMEAS_41,0.073418
Industrial (TEP),TCN Autoencoder,Fault_13,35,XMEAS_32,0.072970
Industrial (TEP),TCN Autoencoder,Fault_13,36,XMEAS_39,0.067034
Industrial (TEP),TCN Autoencoder,Fault_13,37,XMEAS_2,0.064677
Industrial (TEP),TCN Autoencoder,Fault_13,38,XMV_1,0.064476
Industrial (TEP),TCN Autoencoder,Fault_13,39,XMV_4,0.055625
Industrial (TEP),TCN Autoencoder,Fault_13,40,XMEAS_6,0.050001
Industrial (TEP),TCN Autoencoder,Fault_13,41,XMEAS_40,0.047898
Industrial (TEP),TCN Autoencoder,Fault_13,42,XMEAS_26,0.044138
Industrial (TEP),TCN Autoencoder,Fault_13,43,XMEAS_5,0.042439
Industrial (TEP),TCN Autoencoder,Fault_13,44,XMEAS_17,0.036773
Industrial (TEP),TCN Autoencoder,Fault_13,45,XMEAS_9,0.036109
Industrial (TEP),TCN Autoencoder,Fault_13,46,XMV_11,0.035414
Industrial (TEP),TCN Autoencoder,Fault_13,47,XMEAS_14,0.034344
Industrial (TEP),TCN Autoencoder,Fault_13,48,XMEAS_15,0.033785
Industrial (TEP),TCN Autoencoder,Fault_13,49,XMEAS_37,0.032852
Industrial (TEP),TCN Autoencoder,Fault_13,50,XMV_8,0.028551
Industrial (TEP),TCN Autoencoder,Fault_13,51,XMV_7,0.028269
Industrial (TEP),TCN Autoencoder,Fault_13,52,XMEAS_12,0.028094
Industrial (TEP),TCN Autoencoder,Fault_14,1,XMEAS_9,0.649710
Industrial (TEP),TCN Autoencoder,Fault_14,2,XMEAS_21,0.632046
Industrial (TEP),TCN Autoencoder,Fault_14,3,XMV_10,0.623266
Industrial (TEP),TCN Autoencoder,Fault_14,4,XMEAS_19,0.036224
Industrial (TEP),TCN Autoencoder,Fault_14,5,XMV_9,0.035207
Industrial (TEP),TCN Autoencoder,Fault_14,6,XMV_5,0.034230
Industrial (TEP),TCN Autoencoder,Fault_14,7,XMEAS_29,0.032118
Industrial (TEP),TCN Autoencoder,Fault_14,8,XMEAS_20,0.030097
Industrial (TEP),TCN Autoencoder,Fault_14,9,XMV_6,0.029111
Industrial (TEP),TCN Autoencoder,Fault_14,10,XMEAS_10,0.027332
Industrial (TEP),TCN Autoencoder,Fault_14,11,XMEAS_33,0.026203
Industrial (TEP),TCN Autoencoder,Fault_14,12,XMEAS_4,0.025121
Industrial (TEP),TCN Autoencoder,Fault_14,13,XMEAS_13,0.024536
Industrial (TEP),TCN Autoencoder,Fault_14,14,XMEAS_6,0.024045
Industrial (TEP),TCN Autoencoder,Fault_14,15,XMEAS_25,0.023878
Industrial (TEP),TCN Autoencoder,Fault_14,16,XMEAS_11,0.023611
Industrial (TEP),TCN Autoencoder,Fault_14,17,XMEAS_31,0.023410
Industrial (TEP),TCN Autoencoder,Fault_14,18,XMEAS_24,0.022919
Industrial (TEP),TCN Autoencoder,Fault_14,19,XMEAS_2,0.022725
Industrial (TEP),TCN Autoencoder,Fault_14,20,XMEAS_30,0.022181
Industrial (TEP),TCN Autoencoder,Fault_14,21,XMEAS_3,0.022111
Industrial (TEP),TCN Autoencoder,Fault_14,22,XMEAS_27,0.021925
Industrial (TEP),TCN Autoencoder,Fault_14,23,XMEAS_40,0.021733
Industrial (TEP),TCN Autoencoder,Fault_14,24,XMEAS_18,0.021669
Industrial (TEP),TCN Autoencoder,Fault_14,25,XMV_1,0.021384
Industrial (TEP),TCN Autoencoder,Fault_14,26,XMEAS_7,0.021167
Industrial (TEP),TCN Autoencoder,Fault_14,27,XMEAS_39,0.021023
Industrial (TEP),TCN Autoencoder,Fault_14,28,XMEAS_38,0.020972
Industrial (TEP),TCN Autoencoder,Fault_14,29,XMEAS_34,0.020882
Industrial (TEP),TCN Autoencoder,Fault_14,30,XMEAS_5,0.020210
Industrial (TEP),TCN Autoencoder,Fault_14,31,XMEAS_36,0.019498
Industrial (TEP),TCN Autoencoder,Fault_14,32,XMEAS_16,0.019487
Industrial (TEP),TCN Autoencoder,Fault_14,33,XMV_3,0.019183
Industrial (TEP),TCN Autoencoder,Fault_14,34,XMEAS_1,0.019049
Industrial (TEP),TCN Autoencoder,Fault_14,35,XMV_2,0.019016
Industrial (TEP),TCN Autoencoder,Fault_14,36,XMEAS_32,0.018081
Industrial (TEP),TCN Autoencoder,Fault_14,37,XMEAS_22,0.018032
Industrial (TEP),TCN Autoencoder,Fault_14,38,XMEAS_28,0.017634
Industrial (TEP),TCN Autoencoder,Fault_14,39,XMEAS_17,0.017354
Industrial (TEP),TCN Autoencoder,Fault_14,40,XMEAS_14,0.017183
Industrial (TEP),TCN Autoencoder,Fault_14,41,XMEAS_26,0.016955
Industrial (TEP),TCN Autoencoder,Fault_14,42,XMEAS_8,0.016908
Industrial (TEP),TCN Autoencoder,Fault_14,43,XMEAS_23,0.016907
Industrial (TEP),TCN Autoencoder,Fault_14,44,XMEAS_35,0.016792
Industrial (TEP),TCN Autoencoder,Fault_14,45,XMEAS_41,0.016342
Industrial (TEP),TCN Autoencoder,Fault_14,46,XMV_8,0.015502
Industrial (TEP),TCN Autoencoder,Fault_14,47,XMV_11,0.015086
Industrial (TEP),TCN Autoencoder,Fault_14,48,XMEAS_15,0.015070
Industrial (TEP),TCN Autoencoder,Fault_14,49,XMV_4,0.014639
Industrial (TEP),TCN Autoencoder,Fault_14,50,XMEAS_37,0.013699
Industrial (TEP),TCN Autoencoder,Fault_14,51,XMEAS_12,0.013683
Industrial (TEP),TCN Autoencoder,Fault_14,52,XMV_7,0.012114
Industrial (TEP),TCN Autoencoder,Fault_15,1,XMEAS_20,0.010143
Industrial (TEP),TCN Autoencoder,Fault_15,2,XMEAS_19,0.007839
Industrial (TEP),TCN Autoencoder,Fault_15,3,XMV_9,0.007361
Industrial (TEP),TCN Autoencoder,Fault_15,4,XMV_5,0.007057
Industrial (TEP),TCN Autoencoder,Fault_15,5,XMEAS_18,0.006458
Industrial (TEP),TCN Autoencoder,Fault_15,6,XMEAS_39,0.005964
Industrial (TEP),TCN Autoencoder,Fault_15,7,XMEAS_35,0.005811
Industrial (TEP),TCN Autoencoder,Fault_15,8,XMEAS_16,0.005558
Industrial (TEP),TCN Autoencoder,Fault_15,9,XMEAS_38,0.005476
Industrial (TEP),TCN Autoencoder,Fault_15,10,XMEAS_11,0.005389
Industrial (TEP),TCN Autoencoder,Fault_15,11,XMEAS_13,0.005368
Industrial (TEP),TCN Autoencoder,Fault_15,12,XMV_6,0.005343
Industrial (TEP),TCN Autoencoder,Fault_15,13,XMEAS_10,0.005317
Industrial (TEP),TCN Autoencoder,Fault_15,14,XMEAS_29,0.005172
Industrial (TEP),TCN Autoencoder,Fault_15,15,XMV_3,0.005095
Industrial (TEP),TCN Autoencoder,Fault_15,16,XMEAS_33,0.004996
Industrial (TEP),TCN Autoencoder,Fault_15,17,XMEAS_21,0.004995
Industrial (TEP),TCN Autoencoder,Fault_15,18,XMEAS_22,0.004940
Industrial (TEP),TCN Autoencoder,Fault_15,19,XMEAS_23,0.004831
Industrial (TEP),TCN Autoencoder,Fault_15,20,XMEAS_31,0.004797
Industrial (TEP),TCN Autoencoder,Fault_15,21,XMEAS_36,0.004744
Industrial (TEP),TCN Autoencoder,Fault_15,22,XMEAS_7,0.004699
Industrial (TEP),TCN Autoencoder,Fault_15,23,XMEAS_1,0.004608
Industrial (TEP),TCN Autoencoder,Fault_15,24,XMEAS_27,0.004579
Industrial (TEP),TCN Autoencoder,Fault_15,25,XMEAS_4,0.004566
Industrial (TEP),TCN Autoencoder,Fault_15,26,XMEAS_25,0.004501
Industrial (TEP),TCN Autoencoder,Fault_15,27,XMEAS_30,0.004442
Industrial (TEP),TCN Autoencoder,Fault_15,28,XMEAS_34,0.004420
Industrial (TEP),TCN Autoencoder,Fault_15,29,XMV_1,0.004400
Industrial (TEP),TCN Autoencoder,Fault_15,30,XMEAS_28,0.004391
Industrial (TEP),TCN Autoencoder,Fault_15,31,XMEAS_9,0.004340
Industrial (TEP),TCN Autoencoder,Fault_15,32,XMEAS_3,0.004324
Industrial (TEP),TCN Autoencoder,Fault_15,33,XMV_2,0.004210
Industrial (TEP),TCN Autoencoder,Fault_15,34,XMEAS_8,0.004203
Industrial (TEP),TCN Autoencoder,Fault_15,35,XMEAS_26,0.004131
Industrial (TEP),TCN Autoencoder,Fault_15,36,XMEAS_40,0.004122
Industrial (TEP),TCN Autoencoder,Fault_15,37,XMEAS_2,0.004120
Industrial (TEP),TCN Autoencoder,Fault_15,38,XMEAS_24,0.004080
Industrial (TEP),TCN Autoencoder,Fault_15,39,XMEAS_41,0.004070
Industrial (TEP),TCN Autoencoder,Fault_15,40,XMEAS_6,0.004038
Industrial (TEP),TCN Autoencoder,Fault_15,41,XMEAS_17,0.003907
Industrial (TEP),TCN Autoencoder,Fault_15,42,XMV_11,0.003887
Industrial (TEP),TCN Autoencoder,Fault_15,43,XMV_4,0.003794
Industrial (TEP),TCN Autoencoder,Fault_15,44,XMEAS_14,0.003755
Industrial (TEP),TCN Autoencoder,Fault_15,45,XMV_10,0.003721
Industrial (TEP),TCN Autoencoder,Fault_15,46,XMEAS_5,0.003669
Industrial (TEP),TCN Autoencoder,Fault_15,47,XMV_8,0.003597
Industrial (TEP),TCN Autoencoder,Fault_15,48,XMEAS_32,0.003552
Industrial (TEP),TCN Autoencoder,Fault_15,49,XMEAS_15,0.003539
Industrial (TEP),TCN Autoencoder,Fault_15,50,XMEAS_37,0.003411
Industrial (TEP),TCN Autoencoder,Fault_15,51,XMEAS_12,0.003364
Industrial (TEP),TCN Autoencoder,Fault_15,52,XMV_7,0.003331
Industrial (TEP),TCN Autoencoder,Fault_16,1,XMEAS_19,0.091574
Industrial (TEP),TCN Autoencoder,Fault_16,2,XMV_9,0.081224
Industrial (TEP),TCN Autoencoder,Fault_16,3,XMEAS_18,0.067698
Industrial (TEP),TCN Autoencoder,Fault_16,4,XMEAS_20,0.020064
Industrial (TEP),TCN Autoencoder,Fault_16,5,XMV_5,0.014853
Industrial (TEP),TCN Autoencoder,Fault_16,6,XMEAS_38,0.013699
Industrial (TEP),TCN Autoencoder,Fault_16,7,XMEAS_16,0.010986
Industrial (TEP),TCN Autoencoder,Fault_16,8,XMEAS_7,0.010496
Industrial (TEP),TCN Autoencoder,Fault_16,9,XMEAS_13,0.010461
Industrial (TEP),TCN Autoencoder,Fault_16,10,XMEAS_11,0.010044
Industrial (TEP),TCN Autoencoder,Fault_16,11,XMEAS_29,0.009155
Industrial (TEP),TCN Autoencoder,Fault_16,12,XMEAS_33,0.008944
Industrial (TEP),TCN Autoencoder,Fault_16,13,XMV_3,0.008889
Industrial (TEP),TCN Autoencoder,Fault_16,14,XMEAS_35,0.008874
Industrial (TEP),TCN Autoencoder,Fault_16,15,XMEAS_31,0.008282
Industrial (TEP),TCN Autoencoder,Fault_16,16,XMEAS_39,0.008254
Industrial (TEP),TCN Autoencoder,Fault_16,17,XMEAS_1,0.008103
Industrial (TEP),TCN Autoencoder,Fault_16,18,XMEAS_23,0.007960
Industrial (TEP),TCN Autoencoder,Fault_16,19,XMEAS_10,0.007796
Industrial (TEP),TCN Autoencoder,Fault_16,20,XMEAS_21,0.007643
Industrial (TEP),TCN Autoencoder,Fault_16,21,XMV_6,0.007547
Industrial (TEP),TCN Autoencoder,Fault_16,22,XMEAS_4,0.007466
Industrial (TEP),TCN Autoencoder,Fault_16,23,XMEAS_25,0.007463
Industrial (TEP),TCN Autoencoder,Fault_16,24,XMEAS_27,0.006830
Industrial (TEP),TCN Autoencoder,Fault_16,25,XMEAS_28,0.006593
Industrial (TEP),TCN Autoencoder,Fault_16,26,XMEAS_30,0.006552
Industrial (TEP),TCN Autoencoder,Fault_16,27,XMEAS_34,0.006524
Industrial (TEP),TCN Autoencoder,Fault_16,28,XMEAS_8,0.006427
Industrial (TEP),TCN Autoencoder,Fault_16,29,XMEAS_3,0.006331
Industrial (TEP),TCN Autoencoder,Fault_16,30,XMV_2,0.006254
Industrial (TEP),TCN Autoencoder,Fault_16,31,XMEAS_41,0.006196
Industrial (TEP),TCN Autoencoder,Fault_16,32,XMEAS_22,0.006169
Industrial (TEP),TCN Autoencoder,Fault_16,33,XMEAS_24,0.006080
Industrial (TEP),TCN Autoencoder,Fault_16,34,XMV_11,0.006074
Industrial (TEP),TCN Autoencoder,Fault_16,35,XMEAS_36,0.005982
Industrial (TEP),TCN Autoencoder,Fault_16,36,XMEAS_2,0.005971
Industrial (TEP),TCN Autoencoder,Fault_16,37,XMEAS_17,0.005956
Industrial (TEP),TCN Autoencoder,Fault_16,38,XMV_1,0.005888
Industrial (TEP),TCN Autoencoder,Fault_16,39,XMEAS_26,0.005815
Industrial (TEP),TCN Autoencoder,Fault_16,40,XMEAS_6,0.005788
Industrial (TEP),TCN Autoencoder,Fault_16,41,XMV_10,0.005715
Industrial (TEP),TCN Autoencoder,Fault_16,42,XMEAS_5,0.005712
Industrial (TEP),TCN Autoencoder,Fault_16,43,XMEAS_40,0.005506
Industrial (TEP),TCN Autoencoder,Fault_16,44,XMEAS_9,0.005448
Industrial (TEP),TCN Autoencoder,Fault_16,45,XMV_4,0.005445
Industrial (TEP),TCN Autoencoder,Fault_16,46,XMEAS_15,0.005378
Industrial (TEP),TCN Autoencoder,Fault_16,47,XMV_8,0.005324
Industrial (TEP),TCN Autoencoder,Fault_16,48,XMEAS_37,0.005305
Industrial (TEP),TCN Autoencoder,Fault_16,49,XMEAS_32,0.005198
Industrial (TEP),TCN Autoencoder,Fault_16,50,XMEAS_14,0.005100
Industrial (TEP),TCN Autoencoder,Fault_16,51,XMEAS_12,0.005093
Industrial (TEP),TCN Autoencoder,Fault_16,52,XMV_7,0.004834
Industrial (TEP),TCN Autoencoder,Fault_17,1,XMEAS_21,13.585102
Industrial (TEP),TCN Autoencoder,Fault_17,2,XMEAS_9,0.606426
Industrial (TEP),TCN Autoencoder,Fault_17,3,XMV_10,0.511644
Industrial (TEP),TCN Autoencoder,Fault_17,4,XMEAS_20,0.138742
Industrial (TEP),TCN Autoencoder,Fault_17,5,XMEAS_36,0.078141
Industrial (TEP),TCN Autoencoder,Fault_17,6,XMEAS_35,0.072883
Industrial (TEP),TCN Autoencoder,Fault_17,7,XMEAS_29,0.066050
Industrial (TEP),TCN Autoencoder,Fault_17,8,XMV_5,0.061928
Industrial (TEP),TCN Autoencoder,Fault_17,9,XMEAS_10,0.061474
Industrial (TEP),TCN Autoencoder,Fault_17,10,XMEAS_38,0.061292
Industrial (TEP),TCN Autoencoder,Fault_17,11,XMV_1,0.058859
Industrial (TEP),TCN Autoencoder,Fault_17,12,XMEAS_40,0.058432
Industrial (TEP),TCN Autoencoder,Fault_17,13,XMEAS_33,0.058399
Industrial (TEP),TCN Autoencoder,Fault_17,14,XMEAS_16,0.057342
Industrial (TEP),TCN Autoencoder,Fault_17,15,XMV_6,0.054966
Industrial (TEP),TCN Autoencoder,Fault_17,16,XMEAS_39,0.053299
Industrial (TEP),TCN Autoencoder,Fault_17,17,XMEAS_23,0.052664
Industrial (TEP),TCN Autoencoder,Fault_17,18,XMV_9,0.051047
Industrial (TEP),TCN Autoencoder,Fault_17,19,XMEAS_11,0.049714
Industrial (TEP),TCN Autoencoder,Fault_17,20,XMEAS_18,0.047655
Industrial (TEP),TCN Autoencoder,Fault_17,21,XMEAS_30,0.045334
Industrial (TEP),TCN Autoencoder,Fault_17,22,XMEAS_17,0.044477
Industrial (TEP),TCN Autoencoder,Fault_17,23,XMV_8,0.043299
Industrial (TEP),TCN Autoencoder,Fault_17,24,XMEAS_4,0.043253
Industrial (TEP),TCN Autoencoder,Fault_17,25,XMV_3,0.042861
Industrial (TEP),TCN Autoencoder,Fault_17,26,XMEAS_31,0.042803
Industrial (TEP),TCN Autoencoder,Fault_17,27,XMEAS_24,0.041616
Industrial (TEP),TCN Autoencoder,Fault_17,28,XMV_11,0.039566
Industrial (TEP),TCN Autoencoder,Fault_17,29,XMEAS_22,0.039519
Industrial (TEP),TCN Autoencoder,Fault_17,30,XMEAS_26,0.038869
Industrial (TEP),TCN Autoencoder,Fault_17,31,XMEAS_19,0.036715
Industrial (TEP),TCN Autoencoder,Fault_17,32,XMEAS_34,0.036172
Industrial (TEP),TCN Autoencoder,Fault_17,33,XMV_7,0.035903
Industrial (TEP),TCN Autoencoder,Fault_17,34,XMEAS_1,0.035821
Industrial (TEP),TCN Autoencoder,Fault_17,35,XMEAS_2,0.035291
Industrial (TEP),TCN Autoencoder,Fault_17,36,XMEAS_8,0.035248
Industrial (TEP),TCN Autoencoder,Fault_17,37,XMEAS_28,0.033736
Industrial (TEP),TCN Autoencoder,Fault_17,38,XMV_4,0.033651
Industrial (TEP),TCN Autoencoder,Fault_17,39,XMEAS_27,0.033527
Industrial (TEP),TCN Autoencoder,Fault_17,40,XMEAS_32,0.033443
Industrial (TEP),TCN Autoencoder,Fault_17,41,XMEAS_37,0.033056
Industrial (TEP),TCN Autoencoder,Fault_17,42,XMV_2,0.032048
Industrial (TEP),TCN Autoencoder,Fault_17,43,XMEAS_7,0.031984
Industrial (TEP),TCN Autoencoder,Fault_17,44,XMEAS_12,0.030063
Industrial (TEP),TCN Autoencoder,Fault_17,45,XMEAS_15,0.028194
Industrial (TEP),TCN Autoencoder,Fault_17,46,XMEAS_25,0.027559
Industrial (TEP),TCN Autoencoder,Fault_17,47,XMEAS_6,0.025685
Industrial (TEP),TCN Autoencoder,Fault_17,48,XMEAS_13,0.025549
Industrial (TEP),TCN Autoencoder,Fault_17,49,XMEAS_3,0.023236
Industrial (TEP),TCN Autoencoder,Fault_17,50,XMEAS_14,0.023083
Industrial (TEP),TCN Autoencoder,Fault_17,51,XMEAS_41,0.022984
Industrial (TEP),TCN Autoencoder,Fault_17,52,XMEAS_5,0.017030
Industrial (TEP),TCN Autoencoder,Fault_18,1,XMV_2,46.861951
Industrial (TEP),TCN Autoencoder,Fault_18,2,XMV_5,36.355245
Industrial (TEP),TCN Autoencoder,Fault_18,3,XMV_1,27.310615
Industrial (TEP),TCN Autoencoder,Fault_18,4,XMEAS_20,26.788944
Industrial (TEP),TCN Autoencoder,Fault_18,5,XMV_10,18.447082
Industrial (TEP),TCN Autoencoder,Fault_18,6,XMEAS_16,16.259333
Industrial (TEP),TCN Autoencoder,Fault_18,7,XMEAS_4,14.060053
Industrial (TEP),TCN Autoencoder,Fault_18,8,XMV_9,10.685018
Industrial (TEP),TCN Autoencoder,Fault_18,9,XMEAS_29,9.068677
Industrial (TEP),TCN Autoencoder,Fault_18,10,XMEAS_13,8.459600
Industrial (TEP),TCN Autoencoder,Fault_18,11,XMV_6,8.304834
Industrial (TEP),TCN Autoencoder,Fault_18,12,XMEAS_19,7.880084
Industrial (TEP),TCN Autoencoder,Fault_18,13,XMEAS_7,7.221141
Industrial (TEP),TCN Autoencoder,Fault_18,14,XMEAS_11,6.478887
Industrial (TEP),TCN Autoencoder,Fault_18,15,XMEAS_38,6.371236
Industrial (TEP),TCN Autoencoder,Fault_18,16,XMEAS_23,4.761014
Industrial (TEP),TCN Autoencoder,Fault_18,17,XMV_4,4.616538
Industrial (TEP),TCN Autoencoder,Fault_18,18,XMEAS_33,4.615922
Industrial (TEP),TCN Autoencoder,Fault_18,19,XMEAS_35,4.176430
Industrial (TEP),TCN Autoencoder,Fault_18,20,XMEAS_21,3.942812
Industrial (TEP),TCN Autoencoder,Fault_18,21,XMEAS_8,3.413883
Industrial (TEP),TCN Autoencoder,Fault_18,22,XMEAS_30,3.401689
Industrial (TEP),TCN Autoencoder,Fault_18,23,XMEAS_27,3.037501
Industrial (TEP),TCN Autoencoder,Fault_18,24,XMEAS_24,2.636334
Industrial (TEP),TCN Autoencoder,Fault_18,25,XMEAS_25,1.975035
Industrial (TEP),TCN Autoencoder,Fault_18,26,XMEAS_36,1.895435
Industrial (TEP),TCN Autoencoder,Fault_18,27,XMV_11,1.518752
Industrial (TEP),TCN Autoencoder,Fault_18,28,XMEAS_22,1.506892
Industrial (TEP),TCN Autoencoder,Fault_18,29,XMV_3,1.455869
Industrial (TEP),TCN Autoencoder,Fault_18,30,XMEAS_34,1.450197
Industrial (TEP),TCN Autoencoder,Fault_18,31,XMEAS_18,1.425535
Industrial (TEP),TCN Autoencoder,Fault_18,32,XMEAS_6,1.192884
Industrial (TEP),TCN Autoencoder,Fault_18,33,XMEAS_3,1.167591
Industrial (TEP),TCN Autoencoder,Fault_18,34,XMEAS_1,1.059253
Industrial (TEP),TCN Autoencoder,Fault_18,35,XMEAS_28,0.943621
Industrial (TEP),TCN Autoencoder,Fault_18,36,XMEAS_26,0.858993
Industrial (TEP),TCN Autoencoder,Fault_18,37,XMEAS_31,0.779855
Industrial (TEP),TCN Autoencoder,Fault_18,38,XMEAS_2,0.695390
Industrial (TEP),TCN Autoencoder,Fault_18,39,XMEAS_32,0.624856
Industrial (TEP),TCN Autoencoder,Fault_18,40,XMEAS_39,0.500673
Industrial (TEP),TCN Autoencoder,Fault_18,41,XMEAS_41,0.364821
Industrial (TEP),TCN Autoencoder,Fault_18,42,XMEAS_40,0.344588
Industrial (TEP),TCN Autoencoder,Fault_18,43,XMEAS_10,0.338111
Industrial (TEP),TCN Autoencoder,Fault_18,44,XMEAS_14,0.228012
Industrial (TEP),TCN Autoencoder,Fault_18,45,XMEAS_17,0.200491
Industrial (TEP),TCN Autoencoder,Fault_18,46,XMEAS_9,0.199311
Industrial (TEP),TCN Autoencoder,Fault_18,47,XMEAS_37,0.188736
Industrial (TEP),TCN Autoencoder,Fault_18,48,XMEAS_12,0.139214
Industrial (TEP),TCN Autoencoder,Fault_18,49,XMEAS_15,0.119476
Industrial (TEP),TCN Autoencoder,Fault_18,50,XMV_7,0.109355
Industrial (TEP),TCN Autoencoder,Fault_18,51,XMV_8,0.073354
Industrial (TEP),TCN Autoencoder,Fault_18,52,XMEAS_5,0.057739
Industrial (TEP),TCN Autoencoder,Fault_19,1,XMV_5,0.035082
Industrial (TEP),TCN Autoencoder,Fault_19,2,XMEAS_20,0.022116
Industrial (TEP),TCN Autoencoder,Fault_19,3,XMEAS_5,0.017952
Industrial (TEP),TCN Autoencoder,Fault_19,4,XMEAS_16,0.014729
Industrial (TEP),TCN Autoencoder,Fault_19,5,XMV_9,0.012597
Industrial (TEP),TCN Autoencoder,Fault_19,6,XMEAS_13,0.012109
Industrial (TEP),TCN Autoencoder,Fault_19,7,XMEAS_19,0.010045
Industrial (TEP),TCN Autoencoder,Fault_19,8,XMEAS_18,0.008482
Industrial (TEP),TCN Autoencoder,Fault_19,9,XMEAS_7,0.008220
Industrial (TEP),TCN Autoencoder,Fault_19,10,XMEAS_9,0.008049
Industrial (TEP),TCN Autoencoder,Fault_19,11,XMEAS_39,0.007488
Industrial (TEP),TCN Autoencoder,Fault_19,12,XMEAS_21,0.007338
Industrial (TEP),TCN Autoencoder,Fault_19,13,XMEAS_11,0.007186
Industrial (TEP),TCN Autoencoder,Fault_19,14,XMV_10,0.007161
Industrial (TEP),TCN Autoencoder,Fault_19,15,XMEAS_35,0.006797
Industrial (TEP),TCN Autoencoder,Fault_19,16,XMEAS_10,0.006484
Industrial (TEP),TCN Autoencoder,Fault_19,17,XMEAS_29,0.006395
Industrial (TEP),TCN Autoencoder,Fault_19,18,XMEAS_38,0.006335
Industrial (TEP),TCN Autoencoder,Fault_19,19,XMV_6,0.006320
Industrial (TEP),TCN Autoencoder,Fault_19,20,XMV_3,0.006213
Industrial (TEP),TCN Autoencoder,Fault_19,21,XMEAS_31,0.006167
Industrial (TEP),TCN Autoencoder,Fault_19,22,XMEAS_23,0.006043
Industrial (TEP),TCN Autoencoder,Fault_19,23,XMEAS_33,0.006034
Industrial (TEP),TCN Autoencoder,Fault_19,24,XMEAS_6,0.005952
Industrial (TEP),TCN Autoencoder,Fault_19,25,XMEAS_4,0.005732
Industrial (TEP),TCN Autoencoder,Fault_19,26,XMEAS_34,0.005706
Industrial (TEP),TCN Autoencoder,Fault_19,27,XMEAS_1,0.005670
Industrial (TEP),TCN Autoencoder,Fault_19,28,XMEAS_36,0.005615
Industrial (TEP),TCN Autoencoder,Fault_19,29,XMV_1,0.005472
Industrial (TEP),TCN Autoencoder,Fault_19,30,XMEAS_27,0.005407
Industrial (TEP),TCN Autoencoder,Fault_19,31,XMEAS_25,0.005391
Industrial (TEP),TCN Autoencoder,Fault_19,32,XMEAS_28,0.005320
Industrial (TEP),TCN Autoencoder,Fault_19,33,XMEAS_30,0.005273
Industrial (TEP),TCN Autoencoder,Fault_19,34,XMEAS_8,0.005226
Industrial (TEP),TCN Autoencoder,Fault_19,35,XMEAS_22,0.005198
Industrial (TEP),TCN Autoencoder,Fault_19,36,XMEAS_24,0.005182
Industrial (TEP),TCN Autoencoder,Fault_19,37,XMEAS_41,0.005156
Industrial (TEP),TCN Autoencoder,Fault_19,38,XMEAS_40,0.005100
Industrial (TEP),TCN Autoencoder,Fault_19,39,XMEAS_2,0.005063
Industrial (TEP),TCN Autoencoder,Fault_19,40,XMEAS_3,0.004990
Industrial (TEP),TCN Autoencoder,Fault_19,41,XMEAS_17,0.004968
Industrial (TEP),TCN Autoencoder,Fault_19,42,XMV_2,0.004910
Industrial (TEP),TCN Autoencoder,Fault_19,43,XMEAS_26,0.004818
Industrial (TEP),TCN Autoencoder,Fault_19,44,XMV_11,0.004796
Industrial (TEP),TCN Autoencoder,Fault_19,45,XMEAS_14,0.004713
Industrial (TEP),TCN Autoencoder,Fault_19,46,XMV_4,0.004651
Industrial (TEP),TCN Autoencoder,Fault_19,47,XMV_8,0.004601
Industrial (TEP),TCN Autoencoder,Fault_19,48,XMEAS_15,0.004556
Industrial (TEP),TCN Autoencoder,Fault_19,49,XMEAS_32,0.004445
Industrial (TEP),TCN Autoencoder,Fault_19,50,XMV_7,0.004251
Industrial (TEP),TCN Autoencoder,Fault_19,51,XMEAS_12,0.004094
Industrial (TEP),TCN Autoencoder,Fault_19,52,XMEAS_37,0.004069
Industrial (TEP),TCN Autoencoder,Fault_20,1,XMV_5,0.418594
Industrial (TEP),TCN Autoencoder,Fault_20,2,XMEAS_20,0.176357
Industrial (TEP),TCN Autoencoder,Fault_20,3,XMEAS_13,0.116965
Industrial (TEP),TCN Autoencoder,Fault_20,4,XMEAS_7,0.043400
Industrial (TEP),TCN Autoencoder,Fault_20,5,XMEAS_11,0.022819
Industrial (TEP),TCN Autoencoder,Fault_20,6,XMEAS_21,0.017131
Industrial (TEP),TCN Autoencoder,Fault_20,7,XMEAS_22,0.016805
Industrial (TEP),TCN Autoencoder,Fault_20,8,XMEAS_18,0.014559
Industrial (TEP),TCN Autoencoder,Fault_20,9,XMV_10,0.014352
Industrial (TEP),TCN Autoencoder,Fault_20,10,XMEAS_33,0.014289
Industrial (TEP),TCN Autoencoder,Fault_20,11,XMV_1,0.013929
Industrial (TEP),TCN Autoencoder,Fault_20,12,XMEAS_10,0.013321
Industrial (TEP),TCN Autoencoder,Fault_20,13,XMEAS_29,0.013069
Industrial (TEP),TCN Autoencoder,Fault_20,14,XMEAS_31,0.012821
Industrial (TEP),TCN Autoencoder,Fault_20,15,XMV_6,0.012774
Industrial (TEP),TCN Autoencoder,Fault_20,16,XMEAS_35,0.012256
Industrial (TEP),TCN Autoencoder,Fault_20,17,XMEAS_16,0.012003
Industrial (TEP),TCN Autoencoder,Fault_20,18,XMEAS_1,0.011770
Industrial (TEP),TCN Autoencoder,Fault_20,19,XMEAS_19,0.011754
Industrial (TEP),TCN Autoencoder,Fault_20,20,XMEAS_25,0.011334
Industrial (TEP),TCN Autoencoder,Fault_20,21,XMEAS_4,0.011097
Industrial (TEP),TCN Autoencoder,Fault_20,22,XMV_3,0.010865
Industrial (TEP),TCN Autoencoder,Fault_20,23,XMEAS_24,0.010659
Industrial (TEP),TCN Autoencoder,Fault_20,24,XMEAS_27,0.010463
Industrial (TEP),TCN Autoencoder,Fault_20,25,XMEAS_23,0.010443
Industrial (TEP),TCN Autoencoder,Fault_20,26,XMEAS_41,0.010410
Industrial (TEP),TCN Autoencoder,Fault_20,27,XMEAS_2,0.010363
Industrial (TEP),TCN Autoencoder,Fault_20,28,XMV_9,0.010044
Industrial (TEP),TCN Autoencoder,Fault_20,29,XMEAS_39,0.009955
Industrial (TEP),TCN Autoencoder,Fault_20,30,XMEAS_14,0.009879
Industrial (TEP),TCN Autoencoder,Fault_20,31,XMV_11,0.009838
Industrial (TEP),TCN Autoencoder,Fault_20,32,XMEAS_26,0.009254
Industrial (TEP),TCN Autoencoder,Fault_20,33,XMEAS_8,0.009226
Industrial (TEP),TCN Autoencoder,Fault_20,34,XMV_7,0.009130
Industrial (TEP),TCN Autoencoder,Fault_20,35,XMEAS_38,0.009114
Industrial (TEP),TCN Autoencoder,Fault_20,36,XMV_2,0.009028
Industrial (TEP),TCN Autoencoder,Fault_20,37,XMEAS_9,0.008940
Industrial (TEP),TCN Autoencoder,Fault_20,38,XMEAS_3,0.008914
Industrial (TEP),TCN Autoencoder,Fault_20,39,XMEAS_6,0.008795
Industrial (TEP),TCN Autoencoder,Fault_20,40,XMV_4,0.008785
Industrial (TEP),TCN Autoencoder,Fault_20,41,XMEAS_30,0.008743
Industrial (TEP),TCN Autoencoder,Fault_20,42,XMEAS_17,0.008726
Industrial (TEP),TCN Autoencoder,Fault_20,43,XMEAS_36,0.008567
Industrial (TEP),TCN Autoencoder,Fault_20,44,XMEAS_32,0.008481
Industrial (TEP),TCN Autoencoder,Fault_20,45,XMEAS_34,0.008427
Industrial (TEP),TCN Autoencoder,Fault_20,46,XMEAS_5,0.008392
Industrial (TEP),TCN Autoencoder,Fault_20,47,XMEAS_40,0.008298
Industrial (TEP),TCN Autoencoder,Fault_20,48,XMEAS_15,0.008211
Industrial (TEP),TCN Autoencoder,Fault_20,49,XMEAS_28,0.008069
Industrial (TEP),TCN Autoencoder,Fault_20,50,XMEAS_12,0.007563
Industrial (TEP),TCN Autoencoder,Fault_20,51,XMEAS_37,0.006814
Industrial (TEP),TCN Autoencoder,Fault_20,52,XMV_8,0.006518
Industrial (TEP),Transformer Autoencoder,Fault_1,1,XMV_3,3.590329
Industrial (TEP),Transformer Autoencoder,Fault_1,2,XMEAS_1,3.448771
Industrial (TEP),Transformer Autoencoder,Fault_1,3,XMV_9,0.911058
Industrial (TEP),Transformer Autoencoder,Fault_1,4,XMEAS_18,0.835662
Industrial (TEP),Transformer Autoencoder,Fault_1,5,XMEAS_4,0.664998
Industrial (TEP),Transformer Autoencoder,Fault_1,6,XMEAS_19,0.635748
Industrial (TEP),Transformer Autoencoder,Fault_1,7,XMEAS_16,0.456592
Industrial (TEP),Transformer Autoencoder,Fault_1,8,XMEAS_20,0.389971
Industrial (TEP),Transformer Autoencoder,Fault_1,9,XMEAS_7,0.340952
Industrial (TEP),Transformer Autoencoder,Fault_1,10,XMEAS_13,0.326159
Industrial (TEP),Transformer Autoencoder,Fault_1,11,XMEAS_31,0.239798
Industrial (TEP),Transformer Autoencoder,Fault_1,12,XMEAS_29,0.194426
Industrial (TEP),Transformer Autoencoder,Fault_1,13,XMV_5,0.190675
Industrial (TEP),Transformer Autoencoder,Fault_1,14,XMEAS_38,0.186171
Industrial (TEP),Transformer Autoencoder,Fault_1,15,XMEAS_11,0.159027
Industrial (TEP),Transformer Autoencoder,Fault_1,16,XMEAS_25,0.149050
Industrial (TEP),Transformer Autoencoder,Fault_1,17,XMV_4,0.148381
Industrial (TEP),Transformer Autoencoder,Fault_1,18,XMEAS_34,0.143453
Industrial (TEP),Transformer Autoencoder,Fault_1,19,XMEAS_23,0.111770
Industrial (TEP),Transformer Autoencoder,Fault_1,20,XMEAS_35,0.102689
Industrial (TEP),Transformer Autoencoder,Fault_1,21,XMEAS_33,0.073714
Industrial (TEP),Transformer Autoencoder,Fault_1,22,XMEAS_10,0.072159
Industrial (TEP),Transformer Autoencoder,Fault_1,23,XMEAS_27,0.064442
Industrial (TEP),Transformer Autoencoder,Fault_1,24,XMEAS_21,0.061116
Industrial (TEP),Transformer Autoencoder,Fault_1,25,XMV_6,0.058930
Industrial (TEP),Transformer Autoencoder,Fault_1,26,XMEAS_28,0.058098
Industrial (TEP),Transformer Autoencoder,Fault_1,27,XMEAS_30,0.051061
Industrial (TEP),Transformer Autoencoder,Fault_1,28,XMEAS_8,0.050219
Industrial (TEP),Transformer Autoencoder,Fault_1,29,XMV_2,0.048758
Industrial (TEP),Transformer Autoencoder,Fault_1,30,XMEAS_22,0.047101
Industrial (TEP),Transformer Autoencoder,Fault_1,31,XMEAS_3,0.040703
Industrial (TEP),Transformer Autoencoder,Fault_1,32,XMEAS_36,0.040394
Industrial (TEP),Transformer Autoencoder,Fault_1,33,XMEAS_39,0.029542
Industrial (TEP),Transformer Autoencoder,Fault_1,34,XMEAS_24,0.022340
Industrial (TEP),Transformer Autoencoder,Fault_1,35,XMV_10,0.019921
Industrial (TEP),Transformer Autoencoder,Fault_1,36,XMV_1,0.018890
Industrial (TEP),Transformer Autoencoder,Fault_1,37,XMEAS_32,0.018296
Industrial (TEP),Transformer Autoencoder,Fault_1,38,XMEAS_41,0.017830
Industrial (TEP),Transformer Autoencoder,Fault_1,39,XMEAS_9,0.016720
Industrial (TEP),Transformer Autoencoder,Fault_1,40,XMEAS_40,0.016670
Industrial (TEP),Transformer Autoencoder,Fault_1,41,XMEAS_6,0.016184
Industrial (TEP),Transformer Autoencoder,Fault_1,42,XMEAS_26,0.015890
Industrial (TEP),Transformer Autoencoder,Fault_1,43,XMEAS_15,0.015231
Industrial (TEP),Transformer Autoencoder,Fault_1,44,XMEAS_17,0.015059
Industrial (TEP),Transformer Autoencoder,Fault_1,45,XMV_7,0.014811
Industrial (TEP),Transformer Autoencoder,Fault_1,46,XMEAS_2,0.014555
Industrial (TEP),Transformer Autoencoder,Fault_1,47,XMV_11,0.013586
Industrial (TEP),Transformer Autoencoder,Fault_1,48,XMEAS_14,0.012922
Industrial (TEP),Transformer Autoencoder,Fault_1,49,XMEAS_5,0.012557
Industrial (TEP),Transformer Autoencoder,Fault_1,50,XMEAS_12,0.011888
Industrial (TEP),Transformer Autoencoder,Fault_1,51,XMV_8,0.011566
Industrial (TEP),Transformer Autoencoder,Fault_1,52,XMEAS_37,0.008895
Industrial (TEP),Transformer Autoencoder,Fault_2,1,XMEAS_34,17.430266
Industrial (TEP),Transformer Autoencoder,Fault_2,2,XMV_6,13.783763
Industrial (TEP),Transformer Autoencoder,Fault_2,3,XMEAS_10,13.665765
Industrial (TEP),Transformer Autoencoder,Fault_2,4,XMEAS_28,9.970039
Industrial (TEP),Transformer Autoencoder,Fault_2,5,XMEAS_19,2.598456
Industrial (TEP),Transformer Autoencoder,Fault_2,6,XMV_9,2.033416
Industrial (TEP),Transformer Autoencoder,Fault_2,7,XMEAS_18,1.244452
Industrial (TEP),Transformer Autoencoder,Fault_2,8,XMEAS_22,0.662728
Industrial (TEP),Transformer Autoencoder,Fault_2,9,XMEAS_11,0.614014
Industrial (TEP),Transformer Autoencoder,Fault_2,10,XMEAS_39,0.415231
Industrial (TEP),Transformer Autoencoder,Fault_2,11,XMV_2,0.324334
Industrial (TEP),Transformer Autoencoder,Fault_2,12,XMEAS_35,0.307845
Industrial (TEP),Transformer Autoencoder,Fault_2,13,XMEAS_30,0.291557
Industrial (TEP),Transformer Autoencoder,Fault_2,14,XMEAS_4,0.194811
Industrial (TEP),Transformer Autoencoder,Fault_2,15,XMEAS_7,0.163244
Industrial (TEP),Transformer Autoencoder,Fault_2,16,XMEAS_16,0.160545
Industrial (TEP),Transformer Autoencoder,Fault_2,17,XMEAS_13,0.145606
Industrial (TEP),Transformer Autoencoder,Fault_2,18,XMEAS_24,0.144894
Industrial (TEP),Transformer Autoencoder,Fault_2,19,XMV_5,0.133952
Industrial (TEP),Transformer Autoencoder,Fault_2,20,XMEAS_36,0.122006
Industrial (TEP),Transformer Autoencoder,Fault_2,21,XMEAS_3,0.121707
Industrial (TEP),Transformer Autoencoder,Fault_2,22,XMV_4,0.064361
Industrial (TEP),Transformer Autoencoder,Fault_2,23,XMEAS_20,0.063620
Industrial (TEP),Transformer Autoencoder,Fault_2,24,XMEAS_25,0.059865
Industrial (TEP),Transformer Autoencoder,Fault_2,25,XMEAS_31,0.054958
Industrial (TEP),Transformer Autoencoder,Fault_2,26,XMV_3,0.049176
Industrial (TEP),Transformer Autoencoder,Fault_2,27,XMEAS_14,0.038800
Industrial (TEP),Transformer Autoencoder,Fault_2,28,XMEAS_33,0.035689
Industrial (TEP),Transformer Autoencoder,Fault_2,29,XMEAS_21,0.033734
Industrial (TEP),Transformer Autoencoder,Fault_2,30,XMV_1,0.033664
Industrial (TEP),Transformer Autoencoder,Fault_2,31,XMEAS_32,0.033453
Industrial (TEP),Transformer Autoencoder,Fault_2,32,XMEAS_6,0.033312
Industrial (TEP),Transformer Autoencoder,Fault_2,33,XMEAS_41,0.029854
Industrial (TEP),Transformer Autoencoder,Fault_2,34,XMEAS_2,0.028632
Industrial (TEP),Transformer Autoencoder,Fault_2,35,XMEAS_38,0.027447
Industrial (TEP),Transformer Autoencoder,Fault_2,36,XMEAS_40,0.025538
Industrial (TEP),Transformer Autoencoder,Fault_2,37,XMEAS_27,0.024690
Industrial (TEP),Transformer Autoencoder,Fault_2,38,XMV_10,0.024680
Industrial (TEP),Transformer Autoencoder,Fault_2,39,XMEAS_1,0.024350
Industrial (TEP),Transformer Autoencoder,Fault_2,40,XMEAS_17,0.023574
Industrial (TEP),Transformer Autoencoder,Fault_2,41,XMEAS_9,0.023425
Industrial (TEP),Transformer Autoencoder,Fault_2,42,XMEAS_15,0.022445
Industrial (TEP),Transformer Autoencoder,Fault_2,43,XMV_11,0.021057
Industrial (TEP),Transformer Autoencoder,Fault_2,44,XMEAS_8,0.020656
Industrial (TEP),Transformer Autoencoder,Fault_2,45,XMEAS_29,0.019345
Industrial (TEP),Transformer Autoencoder,Fault_2,46,XMV_7,0.018996
Industrial (TEP),Transformer Autoencoder,Fault_2,47,XMEAS_26,0.018544
Industrial (TEP),Transformer Autoencoder,Fault_2,48,XMEAS_12,0.018143
Industrial (TEP),Transformer Autoencoder,Fault_2,49,XMV_8,0.018034
Industrial (TEP),Transformer Autoencoder,Fault_2,50,XMEAS_23,0.017965
Industrial (TEP),Transformer Autoencoder,Fault_2,51,XMEAS_5,0.015726
Industrial (TEP),Transformer Autoencoder,Fault_2,52,XMEAS_37,0.012141
Industrial (TEP),Transformer Autoencoder,Fault_3,1,XMEAS_20,0.005970
Industrial (TEP),Transformer Autoencoder,Fault_3,2,XMV_5,0.005674
Industrial (TEP),Transformer Autoencoder,Fault_3,3,XMEAS_7,0.004872
Industrial (TEP),Transformer Autoencoder,Fault_3,4,XMEAS_16,0.004717
Industrial (TEP),Transformer Autoencoder,Fault_3,5,XMEAS_4,0.004470
Industrial (TEP),Transformer Autoencoder,Fault_3,6,XMEAS_9,0.004437
Industrial (TEP),Transformer Autoencoder,Fault_3,7,XMEAS_38,0.004339
Industrial (TEP),Transformer Autoencoder,Fault_3,8,XMEAS_10,0.004150
Industrial (TEP),Transformer Autoencoder,Fault_3,9,XMEAS_19,0.004144
Industrial (TEP),Transformer Autoencoder,Fault_3,10,XMEAS_30,0.004114
Industrial (TEP),Transformer Autoencoder,Fault_3,11,XMEAS_13,0.004078
Industrial (TEP),Transformer Autoencoder,Fault_3,12,XMEAS_32,0.003958
Industrial (TEP),Transformer Autoencoder,Fault_3,13,XMEAS_41,0.003952
Industrial (TEP),Transformer Autoencoder,Fault_3,14,XMEAS_1,0.003913
Industrial (TEP),Transformer Autoencoder,Fault_3,15,XMEAS_27,0.003879
Industrial (TEP),Transformer Autoencoder,Fault_3,16,XMV_3,0.003859
Industrial (TEP),Transformer Autoencoder,Fault_3,17,XMV_6,0.003777
Industrial (TEP),Transformer Autoencoder,Fault_3,18,XMEAS_14,0.003613
Industrial (TEP),Transformer Autoencoder,Fault_3,19,XMV_9,0.003533
Industrial (TEP),Transformer Autoencoder,Fault_3,20,XMEAS_15,0.003486
Industrial (TEP),Transformer Autoencoder,Fault_3,21,XMEAS_35,0.003481
Industrial (TEP),Transformer Autoencoder,Fault_3,22,XMEAS_18,0.003427
Industrial (TEP),Transformer Autoencoder,Fault_3,23,XMV_4,0.003113
Industrial (TEP),Transformer Autoencoder,Fault_3,24,XMEAS_40,0.003047
Industrial (TEP),Transformer Autoencoder,Fault_3,25,XMEAS_3,0.002849
Industrial (TEP),Transformer Autoencoder,Fault_3,26,XMEAS_2,0.002805
Industrial (TEP),Transformer Autoencoder,Fault_3,27,XMEAS_34,0.002780
Industrial (TEP),Transformer Autoencoder,Fault_3,28,XMV_7,0.002742
Industrial (TEP),Transformer Autoencoder,Fault_3,29,XMEAS_29,0.002720
Industrial (TEP),Transformer Autoencoder,Fault_3,30,XMEAS_6,0.002688
Industrial (TEP),Transformer Autoencoder,Fault_3,31,XMEAS_17,0.002587
Industrial (TEP),Transformer Autoencoder,Fault_3,32,XMEAS_28,0.002566
Industrial (TEP),Transformer Autoencoder,Fault_3,33,XMEAS_31,0.002546
Industrial (TEP),Transformer Autoencoder,Fault_3,34,XMEAS_22,0.002545
Industrial (TEP),Transformer Autoencoder,Fault_3,35,XMEAS_26,0.002439
Industrial (TEP),Transformer Autoencoder,Fault_3,36,XMEAS_33,0.002431
Industrial (TEP),Transformer Autoencoder,Fault_3,37,XMEAS_5,0.002411
Industrial (TEP),Transformer Autoencoder,Fault_3,38,XMEAS_11,0.002395
Industrial (TEP),Transformer Autoencoder,Fault_3,39,XMEAS_39,0.002390
Industrial (TEP),Transformer Autoencoder,Fault_3,40,XMV_1,0.002382
Industrial (TEP),Transformer Autoencoder,Fault_3,41,XMEAS_24,0.002373
Industrial (TEP),Transformer Autoencoder,Fault_3,42,XMEAS_25,0.002359
Industrial (TEP),Transformer Autoencoder,Fault_3,43,XMV_11,0.002262
Industrial (TEP),Transformer Autoencoder,Fault_3,44,XMEAS_23,0.002199
Industrial (TEP),Transformer Autoencoder,Fault_3,45,XMEAS_36,0.002101
Industrial (TEP),Transformer Autoencoder,Fault_3,46,XMEAS_8,0.002071
Industrial (TEP),Transformer Autoencoder,Fault_3,47,XMV_2,0.002050
Industrial (TEP),Transformer Autoencoder,Fault_3,48,XMV_8,0.001898
Industrial (TEP),Transformer Autoencoder,Fault_3,49,XMV_10,0.001889
Industrial (TEP),Transformer Autoencoder,Fault_3,50,XMEAS_37,0.001835
Industrial (TEP),Transformer Autoencoder,Fault_3,51,XMEAS_21,0.001712
Industrial (TEP),Transformer Autoencoder,Fault_3,52,XMEAS_12,0.001529
Industrial (TEP),Transformer Autoencoder,Fault_4,1,XMV_10,0.135208
Industrial (TEP),Transformer Autoencoder,Fault_4,2,XMEAS_18,0.007472
Industrial (TEP),Transformer Autoencoder,Fault_4,3,XMEAS_20,0.007169
Industrial (TEP),Transformer Autoencoder,Fault_4,4,XMV_9,0.006979
Industrial (TEP),Transformer Autoencoder,Fault_4,5,XMEAS_19,0.006821
Industrial (TEP),Transformer Autoencoder,Fault_4,6,XMEAS_9,0.006028
Industrial (TEP),Transformer Autoencoder,Fault_4,7,XMEAS_38,0.005290
Industrial (TEP),Transformer Autoencoder,Fault_4,8,XMEAS_39,0.004684
Industrial (TEP),Transformer Autoencoder,Fault_4,9,XMEAS_35,0.004536
Industrial (TEP),Transformer Autoencoder,Fault_4,10,XMEAS_32,0.004337
Industrial (TEP),Transformer Autoencoder,Fault_4,11,XMEAS_41,0.004240
Industrial (TEP),Transformer Autoencoder,Fault_4,12,XMV_3,0.004047
Industrial (TEP),Transformer Autoencoder,Fault_4,13,XMV_5,0.004042
Industrial (TEP),Transformer Autoencoder,Fault_4,14,XMEAS_16,0.004019
Industrial (TEP),Transformer Autoencoder,Fault_4,15,XMEAS_30,0.003995
Industrial (TEP),Transformer Autoencoder,Fault_4,16,XMEAS_36,0.003936
Industrial (TEP),Transformer Autoencoder,Fault_4,17,XMEAS_40,0.003864
Industrial (TEP),Transformer Autoencoder,Fault_4,18,XMEAS_34,0.003826
Industrial (TEP),Transformer Autoencoder,Fault_4,19,XMEAS_13,0.003783
Industrial (TEP),Transformer Autoencoder,Fault_4,20,XMEAS_4,0.003638
Industrial (TEP),Transformer Autoencoder,Fault_4,21,XMEAS_25,0.003547
Industrial (TEP),Transformer Autoencoder,Fault_4,22,XMEAS_33,0.003518
Industrial (TEP),Transformer Autoencoder,Fault_4,23,XMEAS_27,0.003449
Industrial (TEP),Transformer Autoencoder,Fault_4,24,XMEAS_31,0.003404
Industrial (TEP),Transformer Autoencoder,Fault_4,25,XMEAS_23,0.003393
Industrial (TEP),Transformer Autoencoder,Fault_4,26,XMEAS_28,0.003391
Industrial (TEP),Transformer Autoencoder,Fault_4,27,XMEAS_10,0.003362
Industrial (TEP),Transformer Autoencoder,Fault_4,28,XMV_11,0.003335
Industrial (TEP),Transformer Autoencoder,Fault_4,29,XMEAS_3,0.003316
Industrial (TEP),Transformer Autoencoder,Fault_4,30,XMEAS_24,0.003286
Industrial (TEP),Transformer Autoencoder,Fault_4,31,XMV_1,0.003222
Industrial (TEP),Transformer Autoencoder,Fault_4,32,XMV_6,0.003175
Industrial (TEP),Transformer Autoencoder,Fault_4,33,XMEAS_26,0.003102
Industrial (TEP),Transformer Autoencoder,Fault_4,34,XMEAS_29,0.003086
Industrial (TEP),Transformer Autoencoder,Fault_4,35,XMEAS_14,0.003057
Industrial (TEP),Transformer Autoencoder,Fault_4,36,XMEAS_6,0.003015
Industrial (TEP),Transformer Autoencoder,Fault_4,37,XMV_4,0.003007
Industrial (TEP),Transformer Autoencoder,Fault_4,38,XMEAS_7,0.002998
Industrial (TEP),Transformer Autoencoder,Fault_4,39,XMEAS_1,0.002983
Industrial (TEP),Transformer Autoencoder,Fault_4,40,XMV_2,0.002931
Industrial (TEP),Transformer Autoencoder,Fault_4,41,XMV_7,0.002908
Industrial (TEP),Transformer Autoencoder,Fault_4,42,XMEAS_2,0.002866
Industrial (TEP),Transformer Autoencoder,Fault_4,43,XMEAS_5,0.002810
Industrial (TEP),Transformer Autoencoder,Fault_4,44,XMEAS_11,0.002801
Industrial (TEP),Transformer Autoencoder,Fault_4,45,XMEAS_8,0.002717
Industrial (TEP),Transformer Autoencoder,Fault_4,46,XMEAS_15,0.002607
Industrial (TEP),Transformer Autoencoder,Fault_4,47,XMEAS_22,0.002595
Industrial (TEP),Transformer Autoencoder,Fault_4,48,XMV_8,0.002373
Industrial (TEP),Transformer Autoencoder,Fault_4,49,XMEAS_12,0.002338
Industrial (TEP),Transformer Autoencoder,Fault_4,50,XMEAS_17,0.002188
Industrial (TEP),Transformer Autoencoder,Fault_4,51,XMEAS_37,0.001944
Industrial (TEP),Transformer Autoencoder,Fault_4,52,XMEAS_21,0.001894
Industrial (TEP),Transformer Autoencoder,Fault_5,1,XMEAS_19,0.115658
Industrial (TEP),Transformer Autoencoder,Fault_5,2,XMEAS_18,0.114620
Industrial (TEP),Transformer Autoencoder,Fault_5,3,XMEAS_20,0.094772
Industrial (TEP),Transformer Autoencoder,Fault_5,4,XMV_9,0.092701
Industrial (TEP),Transformer Autoencoder,Fault_5,5,XMV_11,0.076048
Industrial (TEP),Transformer Autoencoder,Fault_5,6,XMEAS_38,0.059859
Industrial (TEP),Transformer Autoencoder,Fault_5,7,XMEAS_7,0.059327
Industrial (TEP),Transformer Autoencoder,Fault_5,8,XMEAS_16,0.054477
Industrial (TEP),Transformer Autoencoder,Fault_5,9,XMEAS_13,0.053380
Industrial (TEP),Transformer Autoencoder,Fault_5,10,XMV_5,0.052437
Industrial (TEP),Transformer Autoencoder,Fault_5,11,XMEAS_17,0.033457
Industrial (TEP),Transformer Autoencoder,Fault_5,12,XMEAS_11,0.031881
Industrial (TEP),Transformer Autoencoder,Fault_5,13,XMEAS_31,0.027999
Industrial (TEP),Transformer Autoencoder,Fault_5,14,XMEAS_35,0.022973
Industrial (TEP),Transformer Autoencoder,Fault_5,15,XMEAS_1,0.022308
Industrial (TEP),Transformer Autoencoder,Fault_5,16,XMEAS_4,0.022032
Industrial (TEP),Transformer Autoencoder,Fault_5,17,XMEAS_33,0.021244
Industrial (TEP),Transformer Autoencoder,Fault_5,18,XMEAS_25,0.020480
Industrial (TEP),Transformer Autoencoder,Fault_5,19,XMEAS_29,0.019181
Industrial (TEP),Transformer Autoencoder,Fault_5,20,XMV_3,0.018353
Industrial (TEP),Transformer Autoencoder,Fault_5,21,XMV_2,0.015544
Industrial (TEP),Transformer Autoencoder,Fault_5,22,XMEAS_3,0.015289
Industrial (TEP),Transformer Autoencoder,Fault_5,23,XMEAS_27,0.013966
Industrial (TEP),Transformer Autoencoder,Fault_5,24,XMEAS_30,0.012829
Industrial (TEP),Transformer Autoencoder,Fault_5,25,XMEAS_34,0.012429
Industrial (TEP),Transformer Autoencoder,Fault_5,26,XMEAS_23,0.012421
Industrial (TEP),Transformer Autoencoder,Fault_5,27,XMV_6,0.011449
Industrial (TEP),Transformer Autoencoder,Fault_5,28,XMEAS_21,0.011055
Industrial (TEP),Transformer Autoencoder,Fault_5,29,XMEAS_22,0.010249
Industrial (TEP),Transformer Autoencoder,Fault_5,30,XMEAS_10,0.009996
Industrial (TEP),Transformer Autoencoder,Fault_5,31,XMV_4,0.009558
Industrial (TEP),Transformer Autoencoder,Fault_5,32,XMEAS_36,0.009241
Industrial (TEP),Transformer Autoencoder,Fault_5,33,XMEAS_8,0.008753
Industrial (TEP),Transformer Autoencoder,Fault_5,34,XMEAS_32,0.007809
Industrial (TEP),Transformer Autoencoder,Fault_5,35,XMEAS_41,0.007440
Industrial (TEP),Transformer Autoencoder,Fault_5,36,XMEAS_9,0.006668
Industrial (TEP),Transformer Autoencoder,Fault_5,37,XMEAS_28,0.006590
Industrial (TEP),Transformer Autoencoder,Fault_5,38,XMEAS_15,0.006574
Industrial (TEP),Transformer Autoencoder,Fault_5,39,XMEAS_14,0.006309
Industrial (TEP),Transformer Autoencoder,Fault_5,40,XMEAS_24,0.006282
Industrial (TEP),Transformer Autoencoder,Fault_5,41,XMEAS_6,0.006085
Industrial (TEP),Transformer Autoencoder,Fault_5,42,XMEAS_40,0.005593
Industrial (TEP),Transformer Autoencoder,Fault_5,43,XMEAS_2,0.005467
Industrial (TEP),Transformer Autoencoder,Fault_5,44,XMEAS_39,0.005237
Industrial (TEP),Transformer Autoencoder,Fault_5,45,XMV_10,0.004996
Industrial (TEP),Transformer Autoencoder,Fault_5,46,XMEAS_26,0.004717
Industrial (TEP),Transformer Autoencoder,Fault_5,47,XMV_7,0.004621
Industrial (TEP),Transformer Autoencoder,Fault_5,48,XMV_1,0.004586
Industrial (TEP),Transformer Autoencoder,Fault_5,49,XMV_8,0.004554
Industrial (TEP),Transformer Autoencoder,Fault_5,50,XMEAS_5,0.004453
Industrial (TEP),Transformer Autoencoder,Fault_5,51,XMEAS_12,0.003876
Industrial (TEP),Transformer Autoencoder,Fault_5,52,XMEAS_37,0.003284
Industrial (TEP),Transformer Autoencoder,Fault_6,1,XMV_10,153.677412
Industrial (TEP),Transformer Autoencoder,Fault_6,2,XMEAS_16,67.802106
Industrial (TEP),Transformer Autoencoder,Fault_6,3,XMV_5,51.123072
Industrial (TEP),Transformer Autoencoder,Fault_6,4,XMEAS_7,39.298000
Industrial (TEP),Transformer Autoencoder,Fault_6,5,XMEAS_13,34.066953
Industrial (TEP),Transformer Autoencoder,Fault_6,6,XMEAS_31,28.865449
Industrial (TEP),Transformer Autoencoder,Fault_6,7,XMEAS_29,24.021415
Industrial (TEP),Transformer Autoencoder,Fault_6,8,XMEAS_11,18.442406
Industrial (TEP),Transformer Autoencoder,Fault_6,9,XMV_11,17.173234
Industrial (TEP),Transformer Autoencoder,Fault_6,10,XMEAS_25,15.723221
Industrial (TEP),Transformer Autoencoder,Fault_6,11,XMV_2,14.528397
Industrial (TEP),Transformer Autoencoder,Fault_6,12,XMEAS_19,14.436352
Industrial (TEP),Transformer Autoencoder,Fault_6,13,XMEAS_20,13.791994
Industrial (TEP),Transformer Autoencoder,Fault_6,14,XMV_3,13.501243
Industrial (TEP),Transformer Autoencoder,Fault_6,15,XMEAS_23,13.061775
Industrial (TEP),Transformer Autoencoder,Fault_6,16,XMV_9,10.386949
Industrial (TEP),Transformer Autoencoder,Fault_6,17,XMV_6,9.934316
Industrial (TEP),Transformer Autoencoder,Fault_6,18,XMEAS_35,9.001644
Industrial (TEP),Transformer Autoencoder,Fault_6,19,XMV_4,5.300558
Industrial (TEP),Transformer Autoencoder,Fault_6,20,XMEAS_22,3.468775
Industrial (TEP),Transformer Autoencoder,Fault_6,21,XMEAS_36,3.368562
Industrial (TEP),Transformer Autoencoder,Fault_6,22,XMEAS_38,3.226391
Industrial (TEP),Transformer Autoencoder,Fault_6,23,XMEAS_34,2.865581
Industrial (TEP),Transformer Autoencoder,Fault_6,24,XMEAS_10,2.106265
Industrial (TEP),Transformer Autoencoder,Fault_6,25,XMEAS_1,1.906758
Industrial (TEP),Transformer Autoencoder,Fault_6,26,XMEAS_21,1.086886
Industrial (TEP),Transformer Autoencoder,Fault_6,27,XMEAS_28,0.743188
Industrial (TEP),Transformer Autoencoder,Fault_6,28,XMEAS_3,0.349446
Industrial (TEP),Transformer Autoencoder,Fault_6,29,XMEAS_18,0.335071
Industrial (TEP),Transformer Autoencoder,Fault_6,30,XMV_1,0.247590
Industrial (TEP),Transformer Autoencoder,Fault_6,31,XMEAS_30,0.185906
Industrial (TEP),Transformer Autoencoder,Fault_6,32,XMEAS_41,0.130314
Industrial (TEP),Transformer Autoencoder,Fault_6,33,XMEAS_4,0.107662
Industrial (TEP),Transformer Autoencoder,Fault_6,34,XMEAS_40,0.055748
Industrial (TEP),Transformer Autoencoder,Fault_6,35,XMEAS_24,0.047604
Industrial (TEP),Transformer Autoencoder,Fault_6,36,XMEAS_17,0.041742
Industrial (TEP),Transformer Autoencoder,Fault_6,37,XMEAS_9,0.040140
Industrial (TEP),Transformer Autoencoder,Fault_6,38,XMEAS_32,0.036581
Industrial (TEP),Transformer Autoencoder,Fault_6,39,XMEAS_33,0.035421
Industrial (TEP),Transformer Autoencoder,Fault_6,40,XMV_8,0.031882
Industrial (TEP),Transformer Autoencoder,Fault_6,41,XMEAS_27,0.029670
Industrial (TEP),Transformer Autoencoder,Fault_6,42,XMEAS_39,0.028516
Industrial (TEP),Transformer Autoencoder,Fault_6,43,XMEAS_15,0.025820
Industrial (TEP),Transformer Autoencoder,Fault_6,44,XMEAS_26,0.022412
Industrial (TEP),Transformer Autoencoder,Fault_6,45,XMEAS_37,0.021283
Industrial (TEP),Transformer Autoencoder,Fault_6,46,XMEAS_6,0.018743
Industrial (TEP),Transformer Autoencoder,Fault_6,47,XMEAS_2,0.018654
Industrial (TEP),Transformer Autoencoder,Fault_6,48,XMV_7,0.016936
Industrial (TEP),Transformer Autoencoder,Fault_6,49,XMEAS_5,0.015134
Industrial (TEP),Transformer Autoencoder,Fault_6,50,XMEAS_8,0.014636
Industrial (TEP),Transformer Autoencoder,Fault_6,51,XMEAS_12,0.014502
Industrial (TEP),Transformer Autoencoder,Fault_6,52,XMEAS_14,0.006720
Industrial (TEP),Transformer Autoencoder,Fault_7,1,XMV_4,1.333495
Industrial (TEP),Transformer Autoencoder,Fault_7,2,XMEAS_20,0.506554
Industrial (TEP),Transformer Autoencoder,Fault_7,3,XMV_9,0.444261
Industrial (TEP),Transformer Autoencoder,Fault_7,4,XMEAS_18,0.416110
Industrial (TEP),Transformer Autoencoder,Fault_7,5,XMEAS_19,0.387246
Industrial (TEP),Transformer Autoencoder,Fault_7,6,XMEAS_7,0.375089
Industrial (TEP),Transformer Autoencoder,Fault_7,7,XMEAS_13,0.355207
Industrial (TEP),Transformer Autoencoder,Fault_7,8,XMV_5,0.346936
Industrial (TEP),Transformer Autoencoder,Fault_7,9,XMEAS_38,0.326253
Industrial (TEP),Transformer Autoencoder,Fault_7,10,XMEAS_16,0.298325
Industrial (TEP),Transformer Autoencoder,Fault_7,11,XMEAS_11,0.178623
Industrial (TEP),Transformer Autoencoder,Fault_7,12,XMEAS_33,0.132190
Industrial (TEP),Transformer Autoencoder,Fault_7,13,XMEAS_31,0.124088
Industrial (TEP),Transformer Autoencoder,Fault_7,14,XMEAS_4,0.115501
Industrial (TEP),Transformer Autoencoder,Fault_7,15,XMEAS_29,0.094672
Industrial (TEP),Transformer Autoencoder,Fault_7,16,XMEAS_35,0.088796
Industrial (TEP),Transformer Autoencoder,Fault_7,17,XMEAS_1,0.087716
Industrial (TEP),Transformer Autoencoder,Fault_7,18,XMEAS_25,0.084661
Industrial (TEP),Transformer Autoencoder,Fault_7,19,XMEAS_8,0.081274
Industrial (TEP),Transformer Autoencoder,Fault_7,20,XMV_3,0.075205
Industrial (TEP),Transformer Autoencoder,Fault_7,21,XMV_2,0.067086
Industrial (TEP),Transformer Autoencoder,Fault_7,22,XMEAS_21,0.064737
Industrial (TEP),Transformer Autoencoder,Fault_7,23,XMEAS_3,0.055674
Industrial (TEP),Transformer Autoencoder,Fault_7,24,XMEAS_27,0.053341
Industrial (TEP),Transformer Autoencoder,Fault_7,25,XMEAS_23,0.052073
Industrial (TEP),Transformer Autoencoder,Fault_7,26,XMEAS_34,0.043374
Industrial (TEP),Transformer Autoencoder,Fault_7,27,XMEAS_30,0.040504
Industrial (TEP),Transformer Autoencoder,Fault_7,28,XMV_6,0.038189
Industrial (TEP),Transformer Autoencoder,Fault_7,29,XMEAS_36,0.031352
Industrial (TEP),Transformer Autoencoder,Fault_7,30,XMEAS_10,0.027645
Industrial (TEP),Transformer Autoencoder,Fault_7,31,XMEAS_28,0.023626
Industrial (TEP),Transformer Autoencoder,Fault_7,32,XMV_10,0.021250
Industrial (TEP),Transformer Autoencoder,Fault_7,33,XMEAS_22,0.019400
Industrial (TEP),Transformer Autoencoder,Fault_7,34,XMEAS_24,0.018446
Industrial (TEP),Transformer Autoencoder,Fault_7,35,XMEAS_32,0.017018
Industrial (TEP),Transformer Autoencoder,Fault_7,36,XMEAS_2,0.016581
Industrial (TEP),Transformer Autoencoder,Fault_7,37,XMEAS_39,0.016126
Industrial (TEP),Transformer Autoencoder,Fault_7,38,XMEAS_9,0.015784
Industrial (TEP),Transformer Autoencoder,Fault_7,39,XMEAS_41,0.015269
Industrial (TEP),Transformer Autoencoder,Fault_7,40,XMEAS_14,0.014172
Industrial (TEP),Transformer Autoencoder,Fault_7,41,XMEAS_6,0.013729
Industrial (TEP),Transformer Autoencoder,Fault_7,42,XMEAS_40,0.012193
Industrial (TEP),Transformer Autoencoder,Fault_7,43,XMEAS_15,0.012134
Industrial (TEP),Transformer Autoencoder,Fault_7,44,XMV_1,0.012061
Industrial (TEP),Transformer Autoencoder,Fault_7,45,XMEAS_26,0.012053
Industrial (TEP),Transformer Autoencoder,Fault_7,46,XMV_11,0.011714
Industrial (TEP),Transformer Autoencoder,Fault_7,47,XMEAS_17,0.010258
Industrial (TEP),Transformer Autoencoder,Fault_7,48,XMV_8,0.010014
Industrial (TEP),Transformer Autoencoder,Fault_7,49,XMV_7,0.009242
Industrial (TEP),Transformer Autoencoder,Fault_7,50,XMEAS_5,0.008299
Industrial (TEP),Transformer Autoencoder,Fault_7,51,XMEAS_12,0.007832
Industrial (TEP),Transformer Autoencoder,Fault_7,52,XMEAS_37,0.006632
Industrial (TEP),Transformer Autoencoder,Fault_8,1,XMEAS_20,2.372889
Industrial (TEP),Transformer Autoencoder,Fault_8,2,XMEAS_16,1.799664
Industrial (TEP),Transformer Autoencoder,Fault_8,3,XMV_9,1.411980
Industrial (TEP),Transformer Autoencoder,Fault_8,4,XMEAS_34,1.410839
Industrial (TEP),Transformer Autoencoder,Fault_8,5,XMEAS_7,1.341807
Industrial (TEP),Transformer Autoencoder,Fault_8,6,XMV_5,1.328017
Industrial (TEP),Transformer Autoencoder,Fault_8,7,XMEAS_13,1.275676
Industrial (TEP),Transformer Autoencoder,Fault_8,8,XMEAS_31,1.253628
Industrial (TEP),Transformer Autoencoder,Fault_8,9,XMEAS_29,1.243653
Industrial (TEP),Transformer Autoencoder,Fault_8,10,XMEAS_19,1.184675
Industrial (TEP),Transformer Autoencoder,Fault_8,11,XMEAS_18,1.041027
Industrial (TEP),Transformer Autoencoder,Fault_8,12,XMEAS_38,0.968658
Industrial (TEP),Transformer Autoencoder,Fault_8,13,XMEAS_28,0.837886
Industrial (TEP),Transformer Autoencoder,Fault_8,14,XMEAS_25,0.751759
Industrial (TEP),Transformer Autoencoder,Fault_8,15,XMV_6,0.683737
Industrial (TEP),Transformer Autoencoder,Fault_8,16,XMEAS_1,0.677106
Industrial (TEP),Transformer Autoencoder,Fault_8,17,XMEAS_10,0.674504
Industrial (TEP),Transformer Autoencoder,Fault_8,18,XMV_3,0.656620
Industrial (TEP),Transformer Autoencoder,Fault_8,19,XMEAS_23,0.582388
Industrial (TEP),Transformer Autoencoder,Fault_8,20,XMEAS_11,0.580890
Industrial (TEP),Transformer Autoencoder,Fault_8,21,XMEAS_4,0.457783
Industrial (TEP),Transformer Autoencoder,Fault_8,22,XMEAS_33,0.344071
Industrial (TEP),Transformer Autoencoder,Fault_8,23,XMEAS_35,0.335238
Industrial (TEP),Transformer Autoencoder,Fault_8,24,XMEAS_30,0.269693
Industrial (TEP),Transformer Autoencoder,Fault_8,25,XMV_2,0.219281
Industrial (TEP),Transformer Autoencoder,Fault_8,26,XMEAS_21,0.217610
Industrial (TEP),Transformer Autoencoder,Fault_8,27,XMEAS_27,0.172971
Industrial (TEP),Transformer Autoencoder,Fault_8,28,XMEAS_8,0.165092
Industrial (TEP),Transformer Autoencoder,Fault_8,29,XMEAS_3,0.155358
Industrial (TEP),Transformer Autoencoder,Fault_8,30,XMEAS_22,0.121618
Industrial (TEP),Transformer Autoencoder,Fault_8,31,XMV_4,0.113165
Industrial (TEP),Transformer Autoencoder,Fault_8,32,XMEAS_24,0.110291
Industrial (TEP),Transformer Autoencoder,Fault_8,33,XMEAS_36,0.109614
Industrial (TEP),Transformer Autoencoder,Fault_8,34,XMEAS_39,0.071485
Industrial (TEP),Transformer Autoencoder,Fault_8,35,XMV_10,0.060863
Industrial (TEP),Transformer Autoencoder,Fault_8,36,XMEAS_32,0.038667
Industrial (TEP),Transformer Autoencoder,Fault_8,37,XMEAS_41,0.033107
Industrial (TEP),Transformer Autoencoder,Fault_8,38,XMEAS_9,0.029941
Industrial (TEP),Transformer Autoencoder,Fault_8,39,XMEAS_2,0.029749
Industrial (TEP),Transformer Autoencoder,Fault_8,40,XMEAS_6,0.028821
Industrial (TEP),Transformer Autoencoder,Fault_8,41,XMEAS_40,0.026264
Industrial (TEP),Transformer Autoencoder,Fault_8,42,XMV_1,0.024366
Industrial (TEP),Transformer Autoencoder,Fault_8,43,XMEAS_26,0.023465
Industrial (TEP),Transformer Autoencoder,Fault_8,44,XMEAS_17,0.022491
Industrial (TEP),Transformer Autoencoder,Fault_8,45,XMV_11,0.022157
Industrial (TEP),Transformer Autoencoder,Fault_8,46,XMEAS_15,0.020585
Industrial (TEP),Transformer Autoencoder,Fault_8,47,XMEAS_14,0.017924
Industrial (TEP),Transformer Autoencoder,Fault_8,48,XMV_8,0.016843
Industrial (TEP),Transformer Autoencoder,Fault_8,49,XMV_7,0.014826
Industrial (TEP),Transformer Autoencoder,Fault_8,50,XMEAS_5,0.014303
Industrial (TEP),Transformer Autoencoder,Fault_8,51,XMEAS_12,0.013027
Industrial (TEP),Transformer Autoencoder,Fault_8,52,XMEAS_37,0.013013
Industrial (TEP),Transformer Autoencoder,Fault_9,1,XMEAS_20,0.006081
Industrial (TEP),Transformer Autoencoder,Fault_9,2,XMV_5,0.005744
Industrial (TEP),Transformer Autoencoder,Fault_9,3,XMEAS_7,0.005262
Industrial (TEP),Transformer Autoencoder,Fault_9,4,XMEAS_16,0.004919
Industrial (TEP),Transformer Autoencoder,Fault_9,5,XMEAS_38,0.004571
Industrial (TEP),Transformer Autoencoder,Fault_9,6,XMEAS_4,0.004566
Industrial (TEP),Transformer Autoencoder,Fault_9,7,XMEAS_9,0.004417
Industrial (TEP),Transformer Autoencoder,Fault_9,8,XMEAS_19,0.004415
Industrial (TEP),Transformer Autoencoder,Fault_9,9,XMEAS_13,0.004162
Industrial (TEP),Transformer Autoencoder,Fault_9,10,XMEAS_10,0.004139
Industrial (TEP),Transformer Autoencoder,Fault_9,11,XMEAS_30,0.004092
Industrial (TEP),Transformer Autoencoder,Fault_9,12,XMEAS_27,0.003932
Industrial (TEP),Transformer Autoencoder,Fault_9,13,XMEAS_41,0.003929
Industrial (TEP),Transformer Autoencoder,Fault_9,14,XMEAS_32,0.003919
Industrial (TEP),Transformer Autoencoder,Fault_9,15,XMEAS_1,0.003900
Industrial (TEP),Transformer Autoencoder,Fault_9,16,XMV_3,0.003882
Industrial (TEP),Transformer Autoencoder,Fault_9,17,XMV_6,0.003798
Industrial (TEP),Transformer Autoencoder,Fault_9,18,XMV_9,0.003773
Industrial (TEP),Transformer Autoencoder,Fault_9,19,XMEAS_18,0.003634
Industrial (TEP),Transformer Autoencoder,Fault_9,20,XMEAS_14,0.003602
Industrial (TEP),Transformer Autoencoder,Fault_9,21,XMEAS_35,0.003516
Industrial (TEP),Transformer Autoencoder,Fault_9,22,XMEAS_15,0.003446
Industrial (TEP),Transformer Autoencoder,Fault_9,23,XMV_4,0.003138
Industrial (TEP),Transformer Autoencoder,Fault_9,24,XMEAS_40,0.003049
Industrial (TEP),Transformer Autoencoder,Fault_9,25,XMEAS_3,0.002870
Industrial (TEP),Transformer Autoencoder,Fault_9,26,XMEAS_34,0.002798
Industrial (TEP),Transformer Autoencoder,Fault_9,27,XMEAS_2,0.002736
Industrial (TEP),Transformer Autoencoder,Fault_9,28,XMEAS_29,0.002723
Industrial (TEP),Transformer Autoencoder,Fault_9,29,XMEAS_6,0.002700
Industrial (TEP),Transformer Autoencoder,Fault_9,30,XMV_7,0.002697
Industrial (TEP),Transformer Autoencoder,Fault_9,31,XMEAS_28,0.002590
Industrial (TEP),Transformer Autoencoder,Fault_9,32,XMEAS_31,0.002568
Industrial (TEP),Transformer Autoencoder,Fault_9,33,XMEAS_22,0.002562
Industrial (TEP),Transformer Autoencoder,Fault_9,34,XMEAS_17,0.002526
Industrial (TEP),Transformer Autoencoder,Fault_9,35,XMEAS_33,0.002503
Industrial (TEP),Transformer Autoencoder,Fault_9,36,XMEAS_11,0.002460
Industrial (TEP),Transformer Autoencoder,Fault_9,37,XMV_1,0.002453
Industrial (TEP),Transformer Autoencoder,Fault_9,38,XMEAS_26,0.002450
Industrial (TEP),Transformer Autoencoder,Fault_9,39,XMEAS_24,0.002410
Industrial (TEP),Transformer Autoencoder,Fault_9,40,XMEAS_5,0.002400
Industrial (TEP),Transformer Autoencoder,Fault_9,41,XMEAS_25,0.002373
Industrial (TEP),Transformer Autoencoder,Fault_9,42,XMEAS_39,0.002349
Industrial (TEP),Transformer Autoencoder,Fault_9,43,XMV_11,0.002242
Industrial (TEP),Transformer Autoencoder,Fault_9,44,XMEAS_23,0.002195
Industrial (TEP),Transformer Autoencoder,Fault_9,45,XMEAS_36,0.002126
Industrial (TEP),Transformer Autoencoder,Fault_9,46,XMEAS_8,0.002099
Industrial (TEP),Transformer Autoencoder,Fault_9,47,XMV_2,0.002068
Industrial (TEP),Transformer Autoencoder,Fault_9,48,XMV_8,0.001904
Industrial (TEP),Transformer Autoencoder,Fault_9,49,XMV_10,0.001875
Industrial (TEP),Transformer Autoencoder,Fault_9,50,XMEAS_37,0.001829
Industrial (TEP),Transformer Autoencoder,Fault_9,51,XMEAS_21,0.001642
Industrial (TEP),Transformer Autoencoder,Fault_9,52,XMEAS_12,0.001496
Industrial (TEP),Transformer Autoencoder,Fault_10,1,XMEAS_18,0.071333
Industrial (TEP),Transformer Autoencoder,Fault_10,2,XMV_9,0.015685
Industrial (TEP),Transformer Autoencoder,Fault_10,3,XMEAS_19,0.013985
Industrial (TEP),Transformer Autoencoder,Fault_10,4,XMEAS_20,0.013090
Industrial (TEP),Transformer Autoencoder,Fault_10,5,XMEAS_38,0.011060
Industrial (TEP),Transformer Autoencoder,Fault_10,6,XMEAS_7,0.010316
Industrial (TEP),Transformer Autoencoder,Fault_10,7,XMEAS_16,0.008862
Industrial (TEP),Transformer Autoencoder,Fault_10,8,XMEAS_13,0.007133
Industrial (TEP),Transformer Autoencoder,Fault_10,9,XMV_5,0.007056
Industrial (TEP),Transformer Autoencoder,Fault_10,10,XMEAS_1,0.005425
Industrial (TEP),Transformer Autoencoder,Fault_10,11,XMEAS_31,0.005077
Industrial (TEP),Transformer Autoencoder,Fault_10,12,XMEAS_4,0.005076
Industrial (TEP),Transformer Autoencoder,Fault_10,13,XMEAS_35,0.004956
Industrial (TEP),Transformer Autoencoder,Fault_10,14,XMV_3,0.004904
Industrial (TEP),Transformer Autoencoder,Fault_10,15,XMEAS_30,0.004792
Industrial (TEP),Transformer Autoencoder,Fault_10,16,XMEAS_27,0.004567
Industrial (TEP),Transformer Autoencoder,Fault_10,17,XMEAS_32,0.004536
Industrial (TEP),Transformer Autoencoder,Fault_10,18,XMEAS_11,0.004423
Industrial (TEP),Transformer Autoencoder,Fault_10,19,XMEAS_41,0.004413
Industrial (TEP),Transformer Autoencoder,Fault_10,20,XMEAS_9,0.004269
Industrial (TEP),Transformer Autoencoder,Fault_10,21,XMEAS_10,0.004252
Industrial (TEP),Transformer Autoencoder,Fault_10,22,XMEAS_33,0.004180
Industrial (TEP),Transformer Autoencoder,Fault_10,23,XMEAS_15,0.004162
Industrial (TEP),Transformer Autoencoder,Fault_10,24,XMEAS_29,0.004158
Industrial (TEP),Transformer Autoencoder,Fault_10,25,XMEAS_3,0.004094
Industrial (TEP),Transformer Autoencoder,Fault_10,26,XMEAS_40,0.004040
Industrial (TEP),Transformer Autoencoder,Fault_10,27,XMEAS_25,0.003984
Industrial (TEP),Transformer Autoencoder,Fault_10,28,XMEAS_17,0.003943
Industrial (TEP),Transformer Autoencoder,Fault_10,29,XMEAS_39,0.003923
Industrial (TEP),Transformer Autoencoder,Fault_10,30,XMV_11,0.003866
Industrial (TEP),Transformer Autoencoder,Fault_10,31,XMV_4,0.003807
Industrial (TEP),Transformer Autoencoder,Fault_10,32,XMV_6,0.003682
Industrial (TEP),Transformer Autoencoder,Fault_10,33,XMEAS_34,0.003552
Industrial (TEP),Transformer Autoencoder,Fault_10,34,XMEAS_23,0.003548
Industrial (TEP),Transformer Autoencoder,Fault_10,35,XMV_2,0.003426
Industrial (TEP),Transformer Autoencoder,Fault_10,36,XMEAS_14,0.003336
Industrial (TEP),Transformer Autoencoder,Fault_10,37,XMEAS_28,0.003316
Industrial (TEP),Transformer Autoencoder,Fault_10,38,XMV_1,0.003242
Industrial (TEP),Transformer Autoencoder,Fault_10,39,XMEAS_6,0.003161
Industrial (TEP),Transformer Autoencoder,Fault_10,40,XMEAS_24,0.003144
Industrial (TEP),Transformer Autoencoder,Fault_10,41,XMV_8,0.003118
Industrial (TEP),Transformer Autoencoder,Fault_10,42,XMEAS_22,0.003015
Industrial (TEP),Transformer Autoencoder,Fault_10,43,XMV_7,0.003004
Industrial (TEP),Transformer Autoencoder,Fault_10,44,XMEAS_26,0.002988
Industrial (TEP),Transformer Autoencoder,Fault_10,45,XMEAS_36,0.002967
Industrial (TEP),Transformer Autoencoder,Fault_10,46,XMEAS_8,0.002853
Industrial (TEP),Transformer Autoencoder,Fault_10,47,XMEAS_2,0.002746
Industrial (TEP),Transformer Autoencoder,Fault_10,48,XMEAS_5,0.002724
Industrial (TEP),Transformer Autoencoder,Fault_10,49,XMEAS_21,0.002612
Industrial (TEP),Transformer Autoencoder,Fault_10,50,XMV_10,0.002335
Industrial (TEP),Transformer Autoencoder,Fault_10,51,XMEAS_12,0.002145
Industrial (TEP),Transformer Autoencoder,Fault_10,52,XMEAS_37,0.002015
Industrial (TEP),Transformer Autoencoder,Fault_11,1,XMV_10,0.131867
Industrial (TEP),Transformer Autoencoder,Fault_11,2,XMEAS_9,0.058140
Industrial (TEP),Transformer Autoencoder,Fault_11,3,XMEAS_20,0.007487
Industrial (TEP),Transformer Autoencoder,Fault_11,4,XMEAS_19,0.006098
Industrial (TEP),Transformer Autoencoder,Fault_11,5,XMV_9,0.005990
Industrial (TEP),Transformer Autoencoder,Fault_11,6,XMEAS_18,0.005815
Industrial (TEP),Transformer Autoencoder,Fault_11,7,XMV_5,0.005720
Industrial (TEP),Transformer Autoencoder,Fault_11,8,XMEAS_38,0.004811
Industrial (TEP),Transformer Autoencoder,Fault_11,9,XMEAS_16,0.004696
Industrial (TEP),Transformer Autoencoder,Fault_11,10,XMEAS_35,0.004687
Industrial (TEP),Transformer Autoencoder,Fault_11,11,XMEAS_4,0.004562
Industrial (TEP),Transformer Autoencoder,Fault_11,12,XMEAS_32,0.004538
Industrial (TEP),Transformer Autoencoder,Fault_11,13,XMEAS_30,0.004493
Industrial (TEP),Transformer Autoencoder,Fault_11,14,XMEAS_41,0.004420
Industrial (TEP),Transformer Autoencoder,Fault_11,15,XMEAS_39,0.004286
Industrial (TEP),Transformer Autoencoder,Fault_11,16,XMEAS_34,0.004079
Industrial (TEP),Transformer Autoencoder,Fault_11,17,XMEAS_36,0.004051
Industrial (TEP),Transformer Autoencoder,Fault_11,18,XMEAS_7,0.004030
Industrial (TEP),Transformer Autoencoder,Fault_11,19,XMEAS_10,0.004024
Industrial (TEP),Transformer Autoencoder,Fault_11,20,XMEAS_13,0.003983
Industrial (TEP),Transformer Autoencoder,Fault_11,21,XMV_3,0.003937
Industrial (TEP),Transformer Autoencoder,Fault_11,22,XMEAS_40,0.003853
Industrial (TEP),Transformer Autoencoder,Fault_11,23,XMEAS_31,0.003808
Industrial (TEP),Transformer Autoencoder,Fault_11,24,XMEAS_27,0.003745
Industrial (TEP),Transformer Autoencoder,Fault_11,25,XMEAS_3,0.003666
Industrial (TEP),Transformer Autoencoder,Fault_11,26,XMEAS_33,0.003626
Industrial (TEP),Transformer Autoencoder,Fault_11,27,XMEAS_25,0.003618
Industrial (TEP),Transformer Autoencoder,Fault_11,28,XMV_4,0.003576
Industrial (TEP),Transformer Autoencoder,Fault_11,29,XMV_6,0.003559
Industrial (TEP),Transformer Autoencoder,Fault_11,30,XMEAS_1,0.003530
Industrial (TEP),Transformer Autoencoder,Fault_11,31,XMV_1,0.003524
Industrial (TEP),Transformer Autoencoder,Fault_11,32,XMEAS_14,0.003492
Industrial (TEP),Transformer Autoencoder,Fault_11,33,XMEAS_11,0.003487
Industrial (TEP),Transformer Autoencoder,Fault_11,34,XMEAS_21,0.003470
Industrial (TEP),Transformer Autoencoder,Fault_11,35,XMEAS_24,0.003465
Industrial (TEP),Transformer Autoencoder,Fault_11,36,XMEAS_28,0.003439
Industrial (TEP),Transformer Autoencoder,Fault_11,37,XMEAS_29,0.003359
Industrial (TEP),Transformer Autoencoder,Fault_11,38,XMEAS_23,0.003353
Industrial (TEP),Transformer Autoencoder,Fault_11,39,XMEAS_22,0.003269
Industrial (TEP),Transformer Autoencoder,Fault_11,40,XMEAS_8,0.003257
Industrial (TEP),Transformer Autoencoder,Fault_11,41,XMEAS_6,0.003249
Industrial (TEP),Transformer Autoencoder,Fault_11,42,XMEAS_2,0.003220
Industrial (TEP),Transformer Autoencoder,Fault_11,43,XMEAS_26,0.003176
Industrial (TEP),Transformer Autoencoder,Fault_11,44,XMV_7,0.003139
Industrial (TEP),Transformer Autoencoder,Fault_11,45,XMEAS_15,0.003114
Industrial (TEP),Transformer Autoencoder,Fault_11,46,XMEAS_5,0.003012
Industrial (TEP),Transformer Autoencoder,Fault_11,47,XMV_11,0.003003
Industrial (TEP),Transformer Autoencoder,Fault_11,48,XMV_2,0.002957
Industrial (TEP),Transformer Autoencoder,Fault_11,49,XMEAS_17,0.002657
Industrial (TEP),Transformer Autoencoder,Fault_11,50,XMV_8,0.002262
Industrial (TEP),Transformer Autoencoder,Fault_11,51,XMEAS_12,0.002187
Industrial (TEP),Transformer Autoencoder,Fault_11,52,XMEAS_37,0.002048
Industrial (TEP),Transformer Autoencoder,Fault_12,1,XMEAS_20,3.559268
Industrial (TEP),Transformer Autoencoder,Fault_12,2,XMV_5,1.960098
Industrial (TEP),Transformer Autoencoder,Fault_12,3,XMEAS_13,1.901916
Industrial (TEP),Transformer Autoencoder,Fault_12,4,XMEAS_7,1.671036
Industrial (TEP),Transformer Autoencoder,Fault_12,5,XMEAS_16,1.485818
Industrial (TEP),Transformer Autoencoder,Fault_12,6,XMEAS_38,1.139780
Industrial (TEP),Transformer Autoencoder,Fault_12,7,XMEAS_11,1.105614
Industrial (TEP),Transformer Autoencoder,Fault_12,8,XMV_9,0.949540
Industrial (TEP),Transformer Autoencoder,Fault_12,9,XMEAS_19,0.917274
Industrial (TEP),Transformer Autoencoder,Fault_12,10,XMEAS_33,0.721807
Industrial (TEP),Transformer Autoencoder,Fault_12,11,XMEAS_4,0.705113
Industrial (TEP),Transformer Autoencoder,Fault_12,12,XMEAS_21,0.697768
Industrial (TEP),Transformer Autoencoder,Fault_12,13,XMEAS_18,0.558811
Industrial (TEP),Transformer Autoencoder,Fault_12,14,XMEAS_29,0.491342
Industrial (TEP),Transformer Autoencoder,Fault_12,15,XMEAS_35,0.468324
Industrial (TEP),Transformer Autoencoder,Fault_12,16,XMEAS_31,0.423444
Industrial (TEP),Transformer Autoencoder,Fault_12,17,XMV_2,0.418101
Industrial (TEP),Transformer Autoencoder,Fault_12,18,XMEAS_22,0.406383
Industrial (TEP),Transformer Autoencoder,Fault_12,19,XMEAS_8,0.364987
Industrial (TEP),Transformer Autoencoder,Fault_12,20,XMEAS_27,0.356477
Industrial (TEP),Transformer Autoencoder,Fault_12,21,XMEAS_1,0.354793
Industrial (TEP),Transformer Autoencoder,Fault_12,22,XMEAS_25,0.354324
Industrial (TEP),Transformer Autoencoder,Fault_12,23,XMV_3,0.336753
Industrial (TEP),Transformer Autoencoder,Fault_12,24,XMEAS_3,0.281060
Industrial (TEP),Transformer Autoencoder,Fault_12,25,XMEAS_23,0.235287
Industrial (TEP),Transformer Autoencoder,Fault_12,26,XMV_4,0.201415
Industrial (TEP),Transformer Autoencoder,Fault_12,27,XMV_10,0.157743
Industrial (TEP),Transformer Autoencoder,Fault_12,28,XMEAS_36,0.149963
Industrial (TEP),Transformer Autoencoder,Fault_12,29,XMEAS_30,0.138789
Industrial (TEP),Transformer Autoencoder,Fault_12,30,XMV_6,0.127442
Industrial (TEP),Transformer Autoencoder,Fault_12,31,XMEAS_34,0.125346
Industrial (TEP),Transformer Autoencoder,Fault_12,32,XMEAS_9,0.090934
Industrial (TEP),Transformer Autoencoder,Fault_12,33,XMEAS_10,0.076200
Industrial (TEP),Transformer Autoencoder,Fault_12,34,XMEAS_28,0.071982
Industrial (TEP),Transformer Autoencoder,Fault_12,35,XMEAS_32,0.071154
Industrial (TEP),Transformer Autoencoder,Fault_12,36,XMEAS_6,0.060383
Industrial (TEP),Transformer Autoencoder,Fault_12,37,XMEAS_24,0.053724
Industrial (TEP),Transformer Autoencoder,Fault_12,38,XMEAS_2,0.044681
Industrial (TEP),Transformer Autoencoder,Fault_12,39,XMV_11,0.043449
Industrial (TEP),Transformer Autoencoder,Fault_12,40,XMV_1,0.041918
Industrial (TEP),Transformer Autoencoder,Fault_12,41,XMEAS_40,0.034934
Industrial (TEP),Transformer Autoencoder,Fault_12,42,XMEAS_41,0.034929
Industrial (TEP),Transformer Autoencoder,Fault_12,43,XMEAS_39,0.034844
Industrial (TEP),Transformer Autoencoder,Fault_12,44,XMEAS_17,0.034462
Industrial (TEP),Transformer Autoencoder,Fault_12,45,XMEAS_26,0.033112
Industrial (TEP),Transformer Autoencoder,Fault_12,46,XMEAS_14,0.025234
Industrial (TEP),Transformer Autoencoder,Fault_12,47,XMV_8,0.023691
Industrial (TEP),Transformer Autoencoder,Fault_12,48,XMEAS_15,0.022533
Industrial (TEP),Transformer Autoencoder,Fault_12,49,XMEAS_12,0.016317
Industrial (TEP),Transformer Autoencoder,Fault_12,50,XMEAS_5,0.015883
Industrial (TEP),Transformer Autoencoder,Fault_12,51,XMV_7,0.015331
Industrial (TEP),Transformer Autoencoder,Fault_12,52,XMEAS_37,0.012771
Industrial (TEP),Transformer Autoencoder,Fault_13,1,XMV_9,3.208138
Industrial (TEP),Transformer Autoencoder,Fault_13,2,XMEAS_19,3.180932
Industrial (TEP),Transformer Autoencoder,Fault_13,3,XMEAS_16,2.374064
Industrial (TEP),Transformer Autoencoder,Fault_13,4,XMEAS_18,2.348256
Industrial (TEP),Transformer Autoencoder,Fault_13,5,XMEAS_7,2.044887
Industrial (TEP),Transformer Autoencoder,Fault_13,6,XMEAS_13,1.901469
Industrial (TEP),Transformer Autoencoder,Fault_13,7,XMEAS_38,1.698339
Industrial (TEP),Transformer Autoencoder,Fault_13,8,XMEAS_20,1.036726
Industrial (TEP),Transformer Autoencoder,Fault_13,9,XMEAS_11,0.755730
Industrial (TEP),Transformer Autoencoder,Fault_13,10,XMV_5,0.698468
Industrial (TEP),Transformer Autoencoder,Fault_13,11,XMEAS_35,0.573231
Industrial (TEP),Transformer Autoencoder,Fault_13,12,XMEAS_33,0.374162
Industrial (TEP),Transformer Autoencoder,Fault_13,13,XMEAS_34,0.272216
Industrial (TEP),Transformer Autoencoder,Fault_13,14,XMEAS_36,0.271654
Industrial (TEP),Transformer Autoencoder,Fault_13,15,XMV_6,0.238943
Industrial (TEP),Transformer Autoencoder,Fault_13,16,XMEAS_4,0.232484
Industrial (TEP),Transformer Autoencoder,Fault_13,17,XMEAS_10,0.228424
Industrial (TEP),Transformer Autoencoder,Fault_13,18,XMEAS_30,0.209587
Industrial (TEP),Transformer Autoencoder,Fault_13,19,XMEAS_27,0.198153
Industrial (TEP),Transformer Autoencoder,Fault_13,20,XMV_2,0.194236
Industrial (TEP),Transformer Autoencoder,Fault_13,21,XMEAS_31,0.189660
Industrial (TEP),Transformer Autoencoder,Fault_13,22,XMEAS_22,0.189246
Industrial (TEP),Transformer Autoencoder,Fault_13,23,XMEAS_21,0.181226
Industrial (TEP),Transformer Autoencoder,Fault_13,24,XMEAS_29,0.164364
Industrial (TEP),Transformer Autoencoder,Fault_13,25,XMEAS_3,0.161286
Industrial (TEP),Transformer Autoencoder,Fault_13,26,XMEAS_1,0.144049
Industrial (TEP),Transformer Autoencoder,Fault_13,27,XMEAS_25,0.133684
Industrial (TEP),Transformer Autoencoder,Fault_13,28,XMV_3,0.131220
Industrial (TEP),Transformer Autoencoder,Fault_13,29,XMEAS_28,0.113713
Industrial (TEP),Transformer Autoencoder,Fault_13,30,XMEAS_23,0.088562
Industrial (TEP),Transformer Autoencoder,Fault_13,31,XMEAS_8,0.086218
Industrial (TEP),Transformer Autoencoder,Fault_13,32,XMEAS_24,0.055041
Industrial (TEP),Transformer Autoencoder,Fault_13,33,XMV_10,0.051920
Industrial (TEP),Transformer Autoencoder,Fault_13,34,XMEAS_32,0.050004
Industrial (TEP),Transformer Autoencoder,Fault_13,35,XMV_4,0.049463
Industrial (TEP),Transformer Autoencoder,Fault_13,36,XMEAS_41,0.048355
Industrial (TEP),Transformer Autoencoder,Fault_13,37,XMEAS_40,0.047697
Industrial (TEP),Transformer Autoencoder,Fault_13,38,XMEAS_2,0.038447
Industrial (TEP),Transformer Autoencoder,Fault_13,39,XMEAS_39,0.035037
Industrial (TEP),Transformer Autoencoder,Fault_13,40,XMV_1,0.034713
Industrial (TEP),Transformer Autoencoder,Fault_13,41,XMV_11,0.024690
Industrial (TEP),Transformer Autoencoder,Fault_13,42,XMEAS_26,0.024057
Industrial (TEP),Transformer Autoencoder,Fault_13,43,XMEAS_6,0.023944
Industrial (TEP),Transformer Autoencoder,Fault_13,44,XMEAS_9,0.023382
Industrial (TEP),Transformer Autoencoder,Fault_13,45,XMEAS_17,0.022861
Industrial (TEP),Transformer Autoencoder,Fault_13,46,XMEAS_15,0.020227
Industrial (TEP),Transformer Autoencoder,Fault_13,47,XMV_8,0.019325
Industrial (TEP),Transformer Autoencoder,Fault_13,48,XMEAS_12,0.017103
Industrial (TEP),Transformer Autoencoder,Fault_13,49,XMV_7,0.015521
Industrial (TEP),Transformer Autoencoder,Fault_13,50,XMEAS_14,0.015017
Industrial (TEP),Transformer Autoencoder,Fault_13,51,XMEAS_5,0.013831
Industrial (TEP),Transformer Autoencoder,Fault_13,52,XMEAS_37,0.012361
Industrial (TEP),Transformer Autoencoder,Fault_14,1,XMEAS_9,1.727509
Industrial (TEP),Transformer Autoencoder,Fault_14,2,XMV_10,1.586187
Industrial (TEP),Transformer Autoencoder,Fault_14,3,XMEAS_21,1.255719
Industrial (TEP),Transformer Autoencoder,Fault_14,4,XMEAS_20,0.026234
Industrial (TEP),Transformer Autoencoder,Fault_14,5,XMEAS_19,0.020981
Industrial (TEP),Transformer Autoencoder,Fault_14,6,XMV_1,0.020261
Industrial (TEP),Transformer Autoencoder,Fault_14,7,XMV_9,0.019848
Industrial (TEP),Transformer Autoencoder,Fault_14,8,XMEAS_39,0.018693
Industrial (TEP),Transformer Autoencoder,Fault_14,9,XMV_5,0.018506
Industrial (TEP),Transformer Autoencoder,Fault_14,10,XMEAS_18,0.017789
Industrial (TEP),Transformer Autoencoder,Fault_14,11,XMEAS_2,0.017501
Industrial (TEP),Transformer Autoencoder,Fault_14,12,XMEAS_28,0.016806
Industrial (TEP),Transformer Autoencoder,Fault_14,13,XMEAS_22,0.016557
Industrial (TEP),Transformer Autoencoder,Fault_14,14,XMEAS_7,0.015973
Industrial (TEP),Transformer Autoencoder,Fault_14,15,XMEAS_31,0.015595
Industrial (TEP),Transformer Autoencoder,Fault_14,16,XMEAS_35,0.015056
Industrial (TEP),Transformer Autoencoder,Fault_14,17,XMEAS_16,0.014848
Industrial (TEP),Transformer Autoencoder,Fault_14,18,XMEAS_25,0.014596
Industrial (TEP),Transformer Autoencoder,Fault_14,19,XMEAS_6,0.014585
Industrial (TEP),Transformer Autoencoder,Fault_14,20,XMEAS_34,0.014031
Industrial (TEP),Transformer Autoencoder,Fault_14,21,XMEAS_30,0.013972
Industrial (TEP),Transformer Autoencoder,Fault_14,22,XMV_3,0.013809
Industrial (TEP),Transformer Autoencoder,Fault_14,23,XMEAS_38,0.013576
Industrial (TEP),Transformer Autoencoder,Fault_14,24,XMEAS_13,0.013558
Industrial (TEP),Transformer Autoencoder,Fault_14,25,XMEAS_32,0.013368
Industrial (TEP),Transformer Autoencoder,Fault_14,26,XMEAS_4,0.013270
Industrial (TEP),Transformer Autoencoder,Fault_14,27,XMEAS_40,0.013264
Industrial (TEP),Transformer Autoencoder,Fault_14,28,XMEAS_11,0.013194
Industrial (TEP),Transformer Autoencoder,Fault_14,29,XMEAS_24,0.013146
Industrial (TEP),Transformer Autoencoder,Fault_14,30,XMEAS_33,0.012981
Industrial (TEP),Transformer Autoencoder,Fault_14,31,XMEAS_27,0.012715
Industrial (TEP),Transformer Autoencoder,Fault_14,32,XMEAS_23,0.012706
Industrial (TEP),Transformer Autoencoder,Fault_14,33,XMEAS_5,0.012507
Industrial (TEP),Transformer Autoencoder,Fault_14,34,XMV_6,0.012233
Industrial (TEP),Transformer Autoencoder,Fault_14,35,XMEAS_10,0.012139
Industrial (TEP),Transformer Autoencoder,Fault_14,36,XMEAS_8,0.012126
Industrial (TEP),Transformer Autoencoder,Fault_14,37,XMEAS_41,0.012021
Industrial (TEP),Transformer Autoencoder,Fault_14,38,XMEAS_14,0.012014
Industrial (TEP),Transformer Autoencoder,Fault_14,39,XMV_4,0.012008
Industrial (TEP),Transformer Autoencoder,Fault_14,40,XMV_2,0.011874
Industrial (TEP),Transformer Autoencoder,Fault_14,41,XMEAS_29,0.011521
Industrial (TEP),Transformer Autoencoder,Fault_14,42,XMEAS_26,0.011393
Industrial (TEP),Transformer Autoencoder,Fault_14,43,XMEAS_3,0.011331
Industrial (TEP),Transformer Autoencoder,Fault_14,44,XMEAS_36,0.011223
Industrial (TEP),Transformer Autoencoder,Fault_14,45,XMEAS_1,0.010889
Industrial (TEP),Transformer Autoencoder,Fault_14,46,XMV_11,0.010777
Industrial (TEP),Transformer Autoencoder,Fault_14,47,XMEAS_15,0.010466
Industrial (TEP),Transformer Autoencoder,Fault_14,48,XMEAS_12,0.009942
Industrial (TEP),Transformer Autoencoder,Fault_14,49,XMV_7,0.009638
Industrial (TEP),Transformer Autoencoder,Fault_14,50,XMEAS_17,0.009536
Industrial (TEP),Transformer Autoencoder,Fault_14,51,XMV_8,0.008924
Industrial (TEP),Transformer Autoencoder,Fault_14,52,XMEAS_37,0.006145
Industrial (TEP),Transformer Autoencoder,Fault_15,1,XMEAS_20,0.006061
Industrial (TEP),Transformer Autoencoder,Fault_15,2,XMV_5,0.005596
Industrial (TEP),Transformer Autoencoder,Fault_15,3,XMEAS_7,0.005189
Industrial (TEP),Transformer Autoencoder,Fault_15,4,XMEAS_16,0.005062
Industrial (TEP),Transformer Autoencoder,Fault_15,5,XMEAS_9,0.004483
Industrial (TEP),Transformer Autoencoder,Fault_15,6,XMEAS_38,0.004454
Industrial (TEP),Transformer Autoencoder,Fault_15,7,XMEAS_4,0.004414
Industrial (TEP),Transformer Autoencoder,Fault_15,8,XMEAS_13,0.004184
Industrial (TEP),Transformer Autoencoder,Fault_15,9,XMEAS_10,0.004150
Industrial (TEP),Transformer Autoencoder,Fault_15,10,XMEAS_30,0.004142
Industrial (TEP),Transformer Autoencoder,Fault_15,11,XMEAS_19,0.004038
Industrial (TEP),Transformer Autoencoder,Fault_15,12,XMEAS_32,0.003991
Industrial (TEP),Transformer Autoencoder,Fault_15,13,XMV_3,0.003942
Industrial (TEP),Transformer Autoencoder,Fault_15,14,XMEAS_1,0.003932
Industrial (TEP),Transformer Autoencoder,Fault_15,15,XMEAS_41,0.003914
Industrial (TEP),Transformer Autoencoder,Fault_15,16,XMEAS_27,0.003878
Industrial (TEP),Transformer Autoencoder,Fault_15,17,XMV_6,0.003783
Industrial (TEP),Transformer Autoencoder,Fault_15,18,XMEAS_14,0.003621
Industrial (TEP),Transformer Autoencoder,Fault_15,19,XMEAS_35,0.003471
Industrial (TEP),Transformer Autoencoder,Fault_15,20,XMV_9,0.003465
Industrial (TEP),Transformer Autoencoder,Fault_15,21,XMEAS_15,0.003449
Industrial (TEP),Transformer Autoencoder,Fault_15,22,XMEAS_18,0.003405
Industrial (TEP),Transformer Autoencoder,Fault_15,23,XMV_4,0.003137
Industrial (TEP),Transformer Autoencoder,Fault_15,24,XMEAS_40,0.003065
Industrial (TEP),Transformer Autoencoder,Fault_15,25,XMEAS_3,0.002898
Industrial (TEP),Transformer Autoencoder,Fault_15,26,XMEAS_22,0.002821
Industrial (TEP),Transformer Autoencoder,Fault_15,27,XMEAS_34,0.002769
Industrial (TEP),Transformer Autoencoder,Fault_15,28,XMEAS_2,0.002753
Industrial (TEP),Transformer Autoencoder,Fault_15,29,XMEAS_29,0.002718
Industrial (TEP),Transformer Autoencoder,Fault_15,30,XMV_7,0.002697
Industrial (TEP),Transformer Autoencoder,Fault_15,31,XMEAS_6,0.002695
Industrial (TEP),Transformer Autoencoder,Fault_15,32,XMEAS_17,0.002659
Industrial (TEP),Transformer Autoencoder,Fault_15,33,XMEAS_11,0.002608
Industrial (TEP),Transformer Autoencoder,Fault_15,34,XMEAS_28,0.002582
Industrial (TEP),Transformer Autoencoder,Fault_15,35,XMEAS_31,0.002546
Industrial (TEP),Transformer Autoencoder,Fault_15,36,XMEAS_33,0.002470
Industrial (TEP),Transformer Autoencoder,Fault_15,37,XMEAS_26,0.002457
Industrial (TEP),Transformer Autoencoder,Fault_15,38,XMV_1,0.002415
Industrial (TEP),Transformer Autoencoder,Fault_15,39,XMEAS_5,0.002402
Industrial (TEP),Transformer Autoencoder,Fault_15,40,XMEAS_25,0.002395
Industrial (TEP),Transformer Autoencoder,Fault_15,41,XMV_11,0.002377
Industrial (TEP),Transformer Autoencoder,Fault_15,42,XMEAS_24,0.002370
Industrial (TEP),Transformer Autoencoder,Fault_15,43,XMEAS_39,0.002353
Industrial (TEP),Transformer Autoencoder,Fault_15,44,XMEAS_23,0.002205
Industrial (TEP),Transformer Autoencoder,Fault_15,45,XMEAS_36,0.002120
Industrial (TEP),Transformer Autoencoder,Fault_15,46,XMEAS_8,0.002096
Industrial (TEP),Transformer Autoencoder,Fault_15,47,XMV_2,0.002061
Industrial (TEP),Transformer Autoencoder,Fault_15,48,XMV_10,0.001904
Industrial (TEP),Transformer Autoencoder,Fault_15,49,XMV_8,0.001882
Industrial (TEP),Transformer Autoencoder,Fault_15,50,XMEAS_37,0.001824
Industrial (TEP),Transformer Autoencoder,Fault_15,51,XMEAS_21,0.001537
Industrial (TEP),Transformer Autoencoder,Fault_15,52,XMEAS_12,0.001512
Industrial (TEP),Transformer Autoencoder,Fault_16,1,XMEAS_18,0.059544
Industrial (TEP),Transformer Autoencoder,Fault_16,2,XMEAS_19,0.054901
Industrial (TEP),Transformer Autoencoder,Fault_16,3,XMV_9,0.051075
Industrial (TEP),Transformer Autoencoder,Fault_16,4,XMEAS_20,0.011106
Industrial (TEP),Transformer Autoencoder,Fault_16,5,XMEAS_7,0.010993
Industrial (TEP),Transformer Autoencoder,Fault_16,6,XMEAS_38,0.009218
Industrial (TEP),Transformer Autoencoder,Fault_16,7,XMEAS_16,0.008475
Industrial (TEP),Transformer Autoencoder,Fault_16,8,XMV_5,0.006480
Industrial (TEP),Transformer Autoencoder,Fault_16,9,XMEAS_13,0.005825
Industrial (TEP),Transformer Autoencoder,Fault_16,10,XMEAS_1,0.005380
Industrial (TEP),Transformer Autoencoder,Fault_16,11,XMEAS_4,0.005348
Industrial (TEP),Transformer Autoencoder,Fault_16,12,XMV_3,0.005222
Industrial (TEP),Transformer Autoencoder,Fault_16,13,XMEAS_35,0.004490
Industrial (TEP),Transformer Autoencoder,Fault_16,14,XMEAS_32,0.004389
Industrial (TEP),Transformer Autoencoder,Fault_16,15,XMEAS_41,0.004319
Industrial (TEP),Transformer Autoencoder,Fault_16,16,XMEAS_30,0.004262
Industrial (TEP),Transformer Autoencoder,Fault_16,17,XMEAS_15,0.004213
Industrial (TEP),Transformer Autoencoder,Fault_16,18,XMEAS_11,0.004116
Industrial (TEP),Transformer Autoencoder,Fault_16,19,XMEAS_27,0.004111
Industrial (TEP),Transformer Autoencoder,Fault_16,20,XMEAS_9,0.003997
Industrial (TEP),Transformer Autoencoder,Fault_16,21,XMEAS_40,0.003816
Industrial (TEP),Transformer Autoencoder,Fault_16,22,XMEAS_33,0.003758
Industrial (TEP),Transformer Autoencoder,Fault_16,23,XMEAS_23,0.003749
Industrial (TEP),Transformer Autoencoder,Fault_16,24,XMV_4,0.003706
Industrial (TEP),Transformer Autoencoder,Fault_16,25,XMEAS_10,0.003673
Industrial (TEP),Transformer Autoencoder,Fault_16,26,XMV_11,0.003649
Industrial (TEP),Transformer Autoencoder,Fault_16,27,XMEAS_29,0.003536
Industrial (TEP),Transformer Autoencoder,Fault_16,28,XMEAS_31,0.003496
Industrial (TEP),Transformer Autoencoder,Fault_16,29,XMV_8,0.003426
Industrial (TEP),Transformer Autoencoder,Fault_16,30,XMEAS_17,0.003349
Industrial (TEP),Transformer Autoencoder,Fault_16,31,XMEAS_39,0.003335
Industrial (TEP),Transformer Autoencoder,Fault_16,32,XMEAS_3,0.003324
Industrial (TEP),Transformer Autoencoder,Fault_16,33,XMV_6,0.003305
Industrial (TEP),Transformer Autoencoder,Fault_16,34,XMEAS_25,0.003283
Industrial (TEP),Transformer Autoencoder,Fault_16,35,XMEAS_34,0.003250
Industrial (TEP),Transformer Autoencoder,Fault_16,36,XMEAS_6,0.003145
Industrial (TEP),Transformer Autoencoder,Fault_16,37,XMEAS_14,0.003089
Industrial (TEP),Transformer Autoencoder,Fault_16,38,XMEAS_28,0.003060
Industrial (TEP),Transformer Autoencoder,Fault_16,39,XMEAS_24,0.003010
Industrial (TEP),Transformer Autoencoder,Fault_16,40,XMEAS_36,0.002980
Industrial (TEP),Transformer Autoencoder,Fault_16,41,XMV_7,0.002932
Industrial (TEP),Transformer Autoencoder,Fault_16,42,XMV_2,0.002880
Industrial (TEP),Transformer Autoencoder,Fault_16,43,XMV_1,0.002821
Industrial (TEP),Transformer Autoencoder,Fault_16,44,XMEAS_2,0.002697
Industrial (TEP),Transformer Autoencoder,Fault_16,45,XMEAS_22,0.002650
Industrial (TEP),Transformer Autoencoder,Fault_16,46,XMEAS_8,0.002577
Industrial (TEP),Transformer Autoencoder,Fault_16,47,XMEAS_5,0.002466
Industrial (TEP),Transformer Autoencoder,Fault_16,48,XMEAS_26,0.002433
Industrial (TEP),Transformer Autoencoder,Fault_16,49,XMV_10,0.002069
Industrial (TEP),Transformer Autoencoder,Fault_16,50,XMEAS_21,0.002068
Industrial (TEP),Transformer Autoencoder,Fault_16,51,XMEAS_37,0.002027
Industrial (TEP),Transformer Autoencoder,Fault_16,52,XMEAS_12,0.001745
Industrial (TEP),Transformer Autoencoder,Fault_17,1,XMEAS_21,29.360739
Industrial (TEP),Transformer Autoencoder,Fault_17,2,XMEAS_9,0.925760
Industrial (TEP),Transformer Autoencoder,Fault_17,3,XMV_10,0.904610
Industrial (TEP),Transformer Autoencoder,Fault_17,4,XMV_1,0.027348
Industrial (TEP),Transformer Autoencoder,Fault_17,5,XMEAS_39,0.024491
Industrial (TEP),Transformer Autoencoder,Fault_17,6,XMEAS_2,0.024069
Industrial (TEP),Transformer Autoencoder,Fault_17,7,XMEAS_11,0.022863
Industrial (TEP),Transformer Autoencoder,Fault_17,8,XMEAS_20,0.021647
Industrial (TEP),Transformer Autoencoder,Fault_17,9,XMEAS_38,0.021505
Industrial (TEP),Transformer Autoencoder,Fault_17,10,XMV_9,0.021224
Industrial (TEP),Transformer Autoencoder,Fault_17,11,XMEAS_36,0.020506
Industrial (TEP),Transformer Autoencoder,Fault_17,12,XMEAS_17,0.019821
Industrial (TEP),Transformer Autoencoder,Fault_17,13,XMEAS_19,0.019580
Industrial (TEP),Transformer Autoencoder,Fault_17,14,XMEAS_25,0.019164
Industrial (TEP),Transformer Autoencoder,Fault_17,15,XMEAS_16,0.018275
Industrial (TEP),Transformer Autoencoder,Fault_17,16,XMEAS_22,0.017870
Industrial (TEP),Transformer Autoencoder,Fault_17,17,XMEAS_6,0.017680
Industrial (TEP),Transformer Autoencoder,Fault_17,18,XMV_3,0.017613
Industrial (TEP),Transformer Autoencoder,Fault_17,19,XMEAS_4,0.017357
Industrial (TEP),Transformer Autoencoder,Fault_17,20,XMEAS_23,0.016875
Industrial (TEP),Transformer Autoencoder,Fault_17,21,XMV_5,0.016294
Industrial (TEP),Transformer Autoencoder,Fault_17,22,XMEAS_7,0.016195
Industrial (TEP),Transformer Autoencoder,Fault_17,23,XMEAS_18,0.016179
Industrial (TEP),Transformer Autoencoder,Fault_17,24,XMEAS_10,0.015110
Industrial (TEP),Transformer Autoencoder,Fault_17,25,XMV_8,0.014953
Industrial (TEP),Transformer Autoencoder,Fault_17,26,XMEAS_30,0.014937
Industrial (TEP),Transformer Autoencoder,Fault_17,27,XMEAS_34,0.014831
Industrial (TEP),Transformer Autoencoder,Fault_17,28,XMEAS_33,0.014566
Industrial (TEP),Transformer Autoencoder,Fault_17,29,XMV_2,0.014547
Industrial (TEP),Transformer Autoencoder,Fault_17,30,XMV_6,0.014508
Industrial (TEP),Transformer Autoencoder,Fault_17,31,XMEAS_35,0.014164
Industrial (TEP),Transformer Autoencoder,Fault_17,32,XMEAS_26,0.014084
Industrial (TEP),Transformer Autoencoder,Fault_17,33,XMEAS_8,0.013807
Industrial (TEP),Transformer Autoencoder,Fault_17,34,XMEAS_28,0.013762
Industrial (TEP),Transformer Autoencoder,Fault_17,35,XMEAS_40,0.013278
Industrial (TEP),Transformer Autoencoder,Fault_17,36,XMEAS_41,0.013258
Industrial (TEP),Transformer Autoencoder,Fault_17,37,XMV_11,0.013208
Industrial (TEP),Transformer Autoencoder,Fault_17,38,XMEAS_3,0.012840
Industrial (TEP),Transformer Autoencoder,Fault_17,39,XMEAS_15,0.012603
Industrial (TEP),Transformer Autoencoder,Fault_17,40,XMV_4,0.012485
Industrial (TEP),Transformer Autoencoder,Fault_17,41,XMEAS_27,0.012461
Industrial (TEP),Transformer Autoencoder,Fault_17,42,XMEAS_29,0.012455
Industrial (TEP),Transformer Autoencoder,Fault_17,43,XMEAS_32,0.012450
Industrial (TEP),Transformer Autoencoder,Fault_17,44,XMEAS_14,0.011728
Industrial (TEP),Transformer Autoencoder,Fault_17,45,XMEAS_1,0.011417
Industrial (TEP),Transformer Autoencoder,Fault_17,46,XMEAS_24,0.010993
Industrial (TEP),Transformer Autoencoder,Fault_17,47,XMV_7,0.010680
Industrial (TEP),Transformer Autoencoder,Fault_17,48,XMEAS_31,0.010643
Industrial (TEP),Transformer Autoencoder,Fault_17,49,XMEAS_13,0.009970
Industrial (TEP),Transformer Autoencoder,Fault_17,50,XMEAS_12,0.009642
Industrial (TEP),Transformer Autoencoder,Fault_17,51,XMEAS_5,0.008593
Industrial (TEP),Transformer Autoencoder,Fault_17,52,XMEAS_37,0.008096
Industrial (TEP),Transformer Autoencoder,Fault_18,1,XMV_2,113.527532
Industrial (TEP),Transformer Autoencoder,Fault_18,2,XMV_10,51.775914
Industrial (TEP),Transformer Autoencoder,Fault_18,3,XMV_1,43.218686
Industrial (TEP),Transformer Autoencoder,Fault_18,4,XMV_5,41.009948
Industrial (TEP),Transformer Autoencoder,Fault_18,5,XMEAS_13,31.120514
Industrial (TEP),Transformer Autoencoder,Fault_18,6,XMEAS_7,29.257444
Industrial (TEP),Transformer Autoencoder,Fault_18,7,XMEAS_20,24.901152
Industrial (TEP),Transformer Autoencoder,Fault_18,8,XMEAS_16,23.410173
Industrial (TEP),Transformer Autoencoder,Fault_18,9,XMV_4,11.182145
Industrial (TEP),Transformer Autoencoder,Fault_18,10,XMEAS_4,10.681061
Industrial (TEP),Transformer Autoencoder,Fault_18,11,XMEAS_29,9.612436
Industrial (TEP),Transformer Autoencoder,Fault_18,12,XMEAS_33,9.215350
Industrial (TEP),Transformer Autoencoder,Fault_18,13,XMEAS_19,8.957325
Industrial (TEP),Transformer Autoencoder,Fault_18,14,XMV_6,8.721563
Industrial (TEP),Transformer Autoencoder,Fault_18,15,XMEAS_11,7.989588
Industrial (TEP),Transformer Autoencoder,Fault_18,16,XMV_9,7.225608
Industrial (TEP),Transformer Autoencoder,Fault_18,17,XMEAS_38,7.144184
Industrial (TEP),Transformer Autoencoder,Fault_18,18,XMEAS_23,5.209780
Industrial (TEP),Transformer Autoencoder,Fault_18,19,XMEAS_27,5.038049
Industrial (TEP),Transformer Autoencoder,Fault_18,20,XMEAS_21,4.721331
Industrial (TEP),Transformer Autoencoder,Fault_18,21,XMEAS_35,4.490708
Industrial (TEP),Transformer Autoencoder,Fault_18,22,XMEAS_8,2.756993
Industrial (TEP),Transformer Autoencoder,Fault_18,23,XMEAS_22,2.111001
Industrial (TEP),Transformer Autoencoder,Fault_18,24,XMEAS_30,2.073256
Industrial (TEP),Transformer Autoencoder,Fault_18,25,XMV_11,1.850396
Industrial (TEP),Transformer Autoencoder,Fault_18,26,XMEAS_18,1.679647
Industrial (TEP),Transformer Autoencoder,Fault_18,27,XMEAS_25,1.419679
Industrial (TEP),Transformer Autoencoder,Fault_18,28,XMEAS_24,1.298997
Industrial (TEP),Transformer Autoencoder,Fault_18,29,XMEAS_1,1.176926
Industrial (TEP),Transformer Autoencoder,Fault_18,30,XMEAS_31,1.146217
Industrial (TEP),Transformer Autoencoder,Fault_18,31,XMEAS_36,1.138828
Industrial (TEP),Transformer Autoencoder,Fault_18,32,XMV_3,1.075017
Industrial (TEP),Transformer Autoencoder,Fault_18,33,XMEAS_34,0.798711
Industrial (TEP),Transformer Autoencoder,Fault_18,34,XMEAS_28,0.545932
Industrial (TEP),Transformer Autoencoder,Fault_18,35,XMEAS_6,0.512789
Industrial (TEP),Transformer Autoencoder,Fault_18,36,XMEAS_32,0.486880
Industrial (TEP),Transformer Autoencoder,Fault_18,37,XMEAS_26,0.389542
Industrial (TEP),Transformer Autoencoder,Fault_18,38,XMEAS_3,0.369621
Industrial (TEP),Transformer Autoencoder,Fault_18,39,XMEAS_40,0.241833
Industrial (TEP),Transformer Autoencoder,Fault_18,40,XMEAS_41,0.128101
Industrial (TEP),Transformer Autoencoder,Fault_18,41,XMEAS_10,0.127666
Industrial (TEP),Transformer Autoencoder,Fault_18,42,XMEAS_39,0.121204
Industrial (TEP),Transformer Autoencoder,Fault_18,43,XMEAS_2,0.080446
Industrial (TEP),Transformer Autoencoder,Fault_18,44,XMEAS_9,0.069977
Industrial (TEP),Transformer Autoencoder,Fault_18,45,XMEAS_17,0.060747
Industrial (TEP),Transformer Autoencoder,Fault_18,46,XMEAS_37,0.033892
Industrial (TEP),Transformer Autoencoder,Fault_18,47,XMEAS_14,0.033220
Industrial (TEP),Transformer Autoencoder,Fault_18,48,XMV_8,0.027503
Industrial (TEP),Transformer Autoencoder,Fault_18,49,XMEAS_5,0.023606
Industrial (TEP),Transformer Autoencoder,Fault_18,50,XMEAS_15,0.019700
Industrial (TEP),Transformer Autoencoder,Fault_18,51,XMEAS_12,0.019137
Industrial (TEP),Transformer Autoencoder,Fault_18,52,XMV_7,0.016661
Industrial (TEP),Transformer Autoencoder,Fault_19,1,XMV_5,0.009752
Industrial (TEP),Transformer Autoencoder,Fault_19,2,XMEAS_13,0.008737
Industrial (TEP),Transformer Autoencoder,Fault_19,3,XMEAS_16,0.007576
Industrial (TEP),Transformer Autoencoder,Fault_19,4,XMEAS_5,0.006915
Industrial (TEP),Transformer Autoencoder,Fault_19,5,XMV_9,0.006647
Industrial (TEP),Transformer Autoencoder,Fault_19,6,XMEAS_20,0.006613
Industrial (TEP),Transformer Autoencoder,Fault_19,7,XMEAS_9,0.005064
Industrial (TEP),Transformer Autoencoder,Fault_19,8,XMEAS_19,0.004554
Industrial (TEP),Transformer Autoencoder,Fault_19,9,XMEAS_18,0.004340
Industrial (TEP),Transformer Autoencoder,Fault_19,10,XMEAS_7,0.004178
Industrial (TEP),Transformer Autoencoder,Fault_19,11,XMEAS_38,0.003595
Industrial (TEP),Transformer Autoencoder,Fault_19,12,XMEAS_10,0.003439
Industrial (TEP),Transformer Autoencoder,Fault_19,13,XMV_3,0.003419
Industrial (TEP),Transformer Autoencoder,Fault_19,14,XMEAS_30,0.003415
Industrial (TEP),Transformer Autoencoder,Fault_19,15,XMEAS_32,0.003408
Industrial (TEP),Transformer Autoencoder,Fault_19,16,XMEAS_4,0.003403
Industrial (TEP),Transformer Autoencoder,Fault_19,17,XMEAS_1,0.003354
Industrial (TEP),Transformer Autoencoder,Fault_19,18,XMEAS_41,0.003318
Industrial (TEP),Transformer Autoencoder,Fault_19,19,XMEAS_27,0.003226
Industrial (TEP),Transformer Autoencoder,Fault_19,20,XMEAS_35,0.003208
Industrial (TEP),Transformer Autoencoder,Fault_19,21,XMV_6,0.003036
Industrial (TEP),Transformer Autoencoder,Fault_19,22,XMEAS_15,0.003017
Industrial (TEP),Transformer Autoencoder,Fault_19,23,XMEAS_14,0.002913
Industrial (TEP),Transformer Autoencoder,Fault_19,24,XMEAS_6,0.002869
Industrial (TEP),Transformer Autoencoder,Fault_19,25,XMEAS_40,0.002798
Industrial (TEP),Transformer Autoencoder,Fault_19,26,XMV_4,0.002742
Industrial (TEP),Transformer Autoencoder,Fault_19,27,XMEAS_3,0.002740
Industrial (TEP),Transformer Autoencoder,Fault_19,28,XMEAS_34,0.002496
Industrial (TEP),Transformer Autoencoder,Fault_19,29,XMV_10,0.002422
Industrial (TEP),Transformer Autoencoder,Fault_19,30,XMV_7,0.002390
Industrial (TEP),Transformer Autoencoder,Fault_19,31,XMEAS_29,0.002369
Industrial (TEP),Transformer Autoencoder,Fault_19,32,XMEAS_2,0.002351
Industrial (TEP),Transformer Autoencoder,Fault_19,33,XMV_1,0.002350
Industrial (TEP),Transformer Autoencoder,Fault_19,34,XMEAS_33,0.002342
Industrial (TEP),Transformer Autoencoder,Fault_19,35,XMEAS_28,0.002319
Industrial (TEP),Transformer Autoencoder,Fault_19,36,XMEAS_22,0.002311
Industrial (TEP),Transformer Autoencoder,Fault_19,37,XMEAS_11,0.002249
Industrial (TEP),Transformer Autoencoder,Fault_19,38,XMEAS_24,0.002235
Industrial (TEP),Transformer Autoencoder,Fault_19,39,XMEAS_25,0.002229
Industrial (TEP),Transformer Autoencoder,Fault_19,40,XMV_11,0.002219
Industrial (TEP),Transformer Autoencoder,Fault_19,41,XMEAS_39,0.002218
Industrial (TEP),Transformer Autoencoder,Fault_19,42,XMEAS_31,0.002212
Industrial (TEP),Transformer Autoencoder,Fault_19,43,XMEAS_17,0.002210
Industrial (TEP),Transformer Autoencoder,Fault_19,44,XMEAS_36,0.002177
Industrial (TEP),Transformer Autoencoder,Fault_19,45,XMEAS_26,0.002141
Industrial (TEP),Transformer Autoencoder,Fault_19,46,XMEAS_23,0.002063
Industrial (TEP),Transformer Autoencoder,Fault_19,47,XMEAS_8,0.001892
Industrial (TEP),Transformer Autoencoder,Fault_19,48,XMV_2,0.001879
Industrial (TEP),Transformer Autoencoder,Fault_19,49,XMV_8,0.001873
Industrial (TEP),Transformer Autoencoder,Fault_19,50,XMEAS_21,0.001865
Industrial (TEP),Transformer Autoencoder,Fault_19,51,XMEAS_37,0.001644
Industrial (TEP),Transformer Autoencoder,Fault_19,52,XMEAS_12,0.001413
Industrial (TEP),Transformer Autoencoder,Fault_20,1,XMV_5,0.533434
Industrial (TEP),Transformer Autoencoder,Fault_20,2,XMEAS_20,0.321330
Industrial (TEP),Transformer Autoencoder,Fault_20,3,XMEAS_13,0.151077
Industrial (TEP),Transformer Autoencoder,Fault_20,4,XMEAS_11,0.029109
Industrial (TEP),Transformer Autoencoder,Fault_20,5,XMEAS_7,0.027663
Industrial (TEP),Transformer Autoencoder,Fault_20,6,XMEAS_27,0.007914
Industrial (TEP),Transformer Autoencoder,Fault_20,7,XMEAS_22,0.007889
Industrial (TEP),Transformer Autoencoder,Fault_20,8,XMEAS_38,0.007847
Industrial (TEP),Transformer Autoencoder,Fault_20,9,XMEAS_35,0.007419
Industrial (TEP),Transformer Autoencoder,Fault_20,10,XMEAS_33,0.007136
Industrial (TEP),Transformer Autoencoder,Fault_20,11,XMEAS_9,0.006651
Industrial (TEP),Transformer Autoencoder,Fault_20,12,XMEAS_41,0.006613
Industrial (TEP),Transformer Autoencoder,Fault_20,13,XMEAS_21,0.006316
Industrial (TEP),Transformer Autoencoder,Fault_20,14,XMEAS_4,0.006059
Industrial (TEP),Transformer Autoencoder,Fault_20,15,XMEAS_16,0.006056
Industrial (TEP),Transformer Autoencoder,Fault_20,16,XMV_11,0.005957
Industrial (TEP),Transformer Autoencoder,Fault_20,17,XMEAS_31,0.005954
Industrial (TEP),Transformer Autoencoder,Fault_20,18,XMEAS_39,0.005825
Industrial (TEP),Transformer Autoencoder,Fault_20,19,XMEAS_40,0.005804
Industrial (TEP),Transformer Autoencoder,Fault_20,20,XMEAS_32,0.005730
Industrial (TEP),Transformer Autoencoder,Fault_20,21,XMEAS_3,0.005498
Industrial (TEP),Transformer Autoencoder,Fault_20,22,XMEAS_6,0.005470
Industrial (TEP),Transformer Autoencoder,Fault_20,23,XMEAS_18,0.005452
Industrial (TEP),Transformer Autoencoder,Fault_20,24,XMEAS_29,0.005407
Industrial (TEP),Transformer Autoencoder,Fault_20,25,XMEAS_30,0.005383
Industrial (TEP),Transformer Autoencoder,Fault_20,26,XMV_4,0.005319
Industrial (TEP),Transformer Autoencoder,Fault_20,27,XMEAS_14,0.005200
Industrial (TEP),Transformer Autoencoder,Fault_20,28,XMV_6,0.005172
Industrial (TEP),Transformer Autoencoder,Fault_20,29,XMEAS_10,0.005144
Industrial (TEP),Transformer Autoencoder,Fault_20,30,XMEAS_17,0.005101
Industrial (TEP),Transformer Autoencoder,Fault_20,31,XMEAS_26,0.005100
Industrial (TEP),Transformer Autoencoder,Fault_20,32,XMV_2,0.005068
Industrial (TEP),Transformer Autoencoder,Fault_20,33,XMEAS_34,0.005038
Industrial (TEP),Transformer Autoencoder,Fault_20,34,XMEAS_2,0.004958
Industrial (TEP),Transformer Autoencoder,Fault_20,35,XMEAS_15,0.004923
Industrial (TEP),Transformer Autoencoder,Fault_20,36,XMEAS_24,0.004921
Industrial (TEP),Transformer Autoencoder,Fault_20,37,XMEAS_1,0.004914
Industrial (TEP),Transformer Autoencoder,Fault_20,38,XMV_1,0.004882
Industrial (TEP),Transformer Autoencoder,Fault_20,39,XMV_3,0.004823
Industrial (TEP),Transformer Autoencoder,Fault_20,40,XMEAS_25,0.004794
Industrial (TEP),Transformer Autoencoder,Fault_20,41,XMV_9,0.004565
Industrial (TEP),Transformer Autoencoder,Fault_20,42,XMEAS_23,0.004415
Industrial (TEP),Transformer Autoencoder,Fault_20,43,XMEAS_28,0.004404
Industrial (TEP),Transformer Autoencoder,Fault_20,44,XMEAS_36,0.004343
Industrial (TEP),Transformer Autoencoder,Fault_20,45,XMV_10,0.004245
Industrial (TEP),Transformer Autoencoder,Fault_20,46,XMV_8,0.004015
Industrial (TEP),Transformer Autoencoder,Fault_20,47,XMEAS_8,0.004013
Industrial (TEP),Transformer Autoencoder,Fault_20,48,XMV_7,0.003985
Industrial (TEP),Transformer Autoencoder,Fault_20,49,XMEAS_19,0.003980
Industrial (TEP),Transformer Autoencoder,Fault_20,50,XMEAS_5,0.003548
Industrial (TEP),Transformer Autoencoder,Fault_20,51,XMEAS_37,0.003503
Industrial (TEP),Transformer Autoencoder,Fault_20,52,XMEAS_12,0.003312
