Dataset,Model Variant,Fault Name,Rank,Variable,Score,Share (%),Cumulative Share (%)
Robotics (Pepper),LSTM Autoencoder,JointControl,1,RShoulderPitch,0.295323,11.1019,11.102
Robotics (Pepper),LSTM Autoencoder,JointControl,2,SonarB,0.115911,4.3574,15.459
Robotics (Pepper),LSTM Autoencoder,JointControl,3,LShoulderPitch,0.066175,2.4877,17.947
Robotics (Pepper),LSTM Autoencoder,JointControl,4,RShoulderRoll,0.056845,2.1369,20.084
Robotics (Pepper),LSTM Autoencoder,JointControl,5,HipRoll,0.056381,2.1195,22.203
Robotics (Pepper),LSTM Autoencoder,JointControl,6,LaserVeR01X,0.047957,1.8028,24.006
Robotics (Pepper),LSTM Autoencoder,JointControl,7,LedEarR3,0.042619,1.6021,25.608
Robotics (Pepper),LSTM Autoencoder,JointControl,8,RWristYaw,0.03886,1.4608,27.069
Robotics (Pepper),LSTM Autoencoder,JointControl,9,LedEarL3,0.036527,1.3731,28.442
Robotics (Pepper),LSTM Autoencoder,JointControl,10,AccelerometerX,0.034157,1.284,29.726
Robotics (Pepper),LSTM Autoencoder,JointControl,11,RElbowYawStiff,0.027428,1.0311,30.757
Robotics (Pepper),LSTM Autoencoder,JointControl,12,InfraRedL,0.026806,1.0077,31.765
Robotics (Pepper),LSTM Autoencoder,JointControl,13,LaserF03Y,0.026581,0.9992,32.764
Robotics (Pepper),LSTM Autoencoder,JointControl,14,RShoulderPitchStiff,0.026545,0.9979,33.762
Robotics (Pepper),LSTM Autoencoder,JointControl,15,LaserF03X,0.025914,0.9742,34.736
Robotics (Pepper),LSTM Autoencoder,JointControl,16,LaserF07X,0.025724,0.967,35.703
Robotics (Pepper),LSTM Autoencoder,JointControl,17,RElbowRollStiff,0.024127,0.907,36.61
Robotics (Pepper),LSTM Autoencoder,JointControl,18,LHandStiff,0.02398,0.9015,37.512
Robotics (Pepper),LSTM Autoencoder,JointControl,19,RShoulderRollStiff,0.023697,0.8908,38.403
Robotics (Pepper),LSTM Autoencoder,JointControl,20,LedEarL8,0.023029,0.8657,39.268
Robotics (Pepper),LSTM Autoencoder,JointControl,21,LWristYawStiff,0.021482,0.8076,40.076
Robotics (Pepper),LSTM Autoencoder,JointControl,22,LedEarR5,0.021179,0.7962,40.872
Robotics (Pepper),LSTM Autoencoder,JointControl,23,LaserF07Y,0.021105,0.7934,41.666
Robotics (Pepper),LSTM Autoencoder,JointControl,24,LShoulderPitchStiff,0.020733,0.7794,42.445
Robotics (Pepper),LSTM Autoencoder,JointControl,25,LedEarR8,0.020434,0.7682,43.213
Robotics (Pepper),LSTM Autoencoder,JointControl,26,LElbowYawStiff,0.020235,0.7607,43.974
Robotics (Pepper),LSTM Autoencoder,JointControl,27,LShoulderRoll,0.020151,0.7575,44.731
Robotics (Pepper),LSTM Autoencoder,JointControl,28,LedEarL5,0.019748,0.7424,45.474
Robotics (Pepper),LSTM Autoencoder,JointControl,29,LedEarL7,0.01954,0.7346,46.208
Robotics (Pepper),LSTM Autoencoder,JointControl,30,LedEarR2,0.019028,0.7153,46.924
Robotics (Pepper),LSTM Autoencoder,JointControl,31,RElbowRoll,0.018942,0.7121,47.636
Robotics (Pepper),LSTM Autoencoder,JointControl,32,LedEarL10,0.018677,0.7021,48.338
Robotics (Pepper),LSTM Autoencoder,JointControl,33,LedEarL9,0.018502,0.6955,49.033
Robotics (Pepper),LSTM Autoencoder,JointControl,34,LedEarR7,0.018441,0.6932,49.727
Robotics (Pepper),LSTM Autoencoder,JointControl,35,LedEarL4,0.018199,0.6841,50.411
Robotics (Pepper),LSTM Autoencoder,JointControl,36,LedEarR4,0.018184,0.6836,51.094
Robotics (Pepper),LSTM Autoencoder,JointControl,37,LedEarR10,0.018105,0.6806,51.775
Robotics (Pepper),LSTM Autoencoder,JointControl,38,LElbowRollStiff,0.018081,0.6797,52.455
Robotics (Pepper),LSTM Autoencoder,JointControl,39,LedEarR6,0.017993,0.6764,53.131
Robotics (Pepper),LSTM Autoencoder,JointControl,40,LedEarR9,0.017892,0.6726,53.804
Robotics (Pepper),LSTM Autoencoder,JointControl,41,LedEarL1,0.017759,0.6676,54.471
Robotics (Pepper),LSTM Autoencoder,JointControl,42,LaserF05X,0.017541,0.6594,55.131
Robotics (Pepper),LSTM Autoencoder,JointControl,43,LedEarL6,0.017082,0.6422,55.773
Robotics (Pepper),LSTM Autoencoder,JointControl,44,LaserF11Y,0.016961,0.6376,56.41
Robotics (Pepper),LSTM Autoencoder,JointControl,45,LedEarR1,0.016832,0.6328,57.043
Robotics (Pepper),LSTM Autoencoder,JointControl,46,RElbowYaw,0.016783,0.6309,57.674
Robotics (Pepper),LSTM Autoencoder,JointControl,47,HeadYaw,0.016167,0.6078,58.282
Robotics (Pepper),LSTM Autoencoder,JointControl,48,LaserF05Y,0.015826,0.5949,58.877
Robotics (Pepper),LSTM Autoencoder,JointControl,49,LedEarL2,0.015773,0.5929,59.47
Robotics (Pepper),LSTM Autoencoder,JointControl,50,LShoulderRollStiff,0.014545,0.5468,60.016
Robotics (Pepper),LSTM Autoencoder,JointControl,51,LaserF11X,0.0145,0.5451,60.561
Robotics (Pepper),LSTM Autoencoder,JointControl,52,Rhand,0.014459,0.5435,61.105
Robotics (Pepper),LSTM Autoencoder,JointControl,53,RWristYawStiff,0.014311,0.538,61.643
Robotics (Pepper),LSTM Autoencoder,JointControl,54,LaserF06X,0.013972,0.5252,62.168
Robotics (Pepper),LSTM Autoencoder,JointControl,55,LHand,0.013967,0.5251,62.693
Robotics (Pepper),LSTM Autoencoder,JointControl,56,LaserVeR01Y,0.013586,0.5107,63.204
Robotics (Pepper),LSTM Autoencoder,JointControl,57,LaserF06Y,0.013447,0.5055,63.71
Robotics (Pepper),LSTM Autoencoder,JointControl,58,GyroscopeZ,0.013077,0.4916,64.201
Robotics (Pepper),LSTM Autoencoder,JointControl,59,AccelerometerY,0.012782,0.4805,64.682
Robotics (Pepper),LSTM Autoencoder,JointControl,60,WheelFRSpeed,0.012554,0.4719,65.154
Robotics (Pepper),LSTM Autoencoder,JointControl,61,WheelFLSpeed,0.012493,0.4696,65.623
Robotics (Pepper),LSTM Autoencoder,JointControl,62,WheelBSpeed,0.012431,0.4673,66.091
Robotics (Pepper),LSTM Autoencoder,JointControl,63,LaserF14X,0.011939,0.4488,66.539
Robotics (Pepper),LSTM Autoencoder,JointControl,64,RhandStiff,0.011793,0.4433,66.983
Robotics (Pepper),LSTM Autoencoder,JointControl,65,LaserF14Y,0.011479,0.4315,67.414
Robotics (Pepper),LSTM Autoencoder,JointControl,66,HipRollStiff,0.011353,0.4268,67.841
Robotics (Pepper),LSTM Autoencoder,JointControl,67,AccelerometerZ,0.01122,0.4218,68.263
Robotics (Pepper),LSTM Autoencoder,JointControl,68,HeadPicthTemp,0.010873,0.4087,68.672
Robotics (Pepper),LSTM Autoencoder,JointControl,69,LElbowYawTemp,0.010792,0.4057,69.077
Robotics (Pepper),LSTM Autoencoder,JointControl,70,LaserF01Y,0.010531,0.3959,69.473
Robotics (Pepper),LSTM Autoencoder,JointControl,71,AnglesX,0.010269,0.386,69.859
Robotics (Pepper),LSTM Autoencoder,JointControl,72,LaserL15Y,0.009771,0.3673,70.226
Robotics (Pepper),LSTM Autoencoder,JointControl,73,KneePicthStiff,0.009422,0.3542,70.581
Robotics (Pepper),LSTM Autoencoder,JointControl,74,HeadYawStiff,0.009291,0.3493,70.93
Robotics (Pepper),LSTM Autoencoder,JointControl,75,LElbowRoll,0.009214,0.3464,71.276
Robotics (Pepper),LSTM Autoencoder,JointControl,76,LaserL15X,0.009142,0.3437,71.62
Robotics (Pepper),LSTM Autoencoder,JointControl,77,LaserF15Y,0.009067,0.3408,71.961
Robotics (Pepper),LSTM Autoencoder,JointControl,78,LaserF15X,0.00891,0.3349,72.296
Robotics (Pepper),LSTM Autoencoder,JointControl,79,LaserF08X,0.008634,0.3246,72.62
Robotics (Pepper),LSTM Autoencoder,JointControl,80,LShoulderPitchTemp,0.008606,0.3235,72.944
Robotics (Pepper),LSTM Autoencoder,JointControl,81,HeadPicthStiff,0.008519,0.3202,73.264
Robotics (Pepper),LSTM Autoencoder,JointControl,82,LElbowRollTemp,0.008474,0.3186,73.583
Robotics (Pepper),LSTM Autoencoder,JointControl,83,HipPicthStiff,0.00839,0.3154,73.898
Robotics (Pepper),LSTM Autoencoder,JointControl,84,LaserShovel03Y,0.00838,0.315,74.213
Robotics (Pepper),LSTM Autoencoder,JointControl,85,LaserF02Y,0.008253,0.3102,74.523
Robotics (Pepper),LSTM Autoencoder,JointControl,86,AnglesY,0.00824,0.3098,74.833
Robotics (Pepper),LSTM Autoencoder,JointControl,87,LaserF01X,0.008177,0.3074,75.14
Robotics (Pepper),LSTM Autoencoder,JointControl,88,LaserShovel01X,0.008129,0.3056,75.446
Robotics (Pepper),LSTM Autoencoder,JointControl,89,LaserShovel02Y,0.008073,0.3035,75.75
Robotics (Pepper),LSTM Autoencoder,JointControl,90,LaserF02X,0.008016,0.3013,76.051
Robotics (Pepper),LSTM Autoencoder,JointControl,91,LaserF02Y.1,0.007962,0.2993,76.35
Robotics (Pepper),LSTM Autoencoder,JointControl,92,LaserShovel03X,0.007882,0.2963,76.647
Robotics (Pepper),LSTM Autoencoder,JointControl,93,InfraRedR,0.00784,0.2947,76.941
Robotics (Pepper),LSTM Autoencoder,JointControl,94,LaserF04X,0.007683,0.2888,77.23
Robotics (Pepper),LSTM Autoencoder,JointControl,95,LElbowYaw,0.007666,0.2882,77.518
Robotics (Pepper),LSTM Autoencoder,JointControl,96,LaserF10X,0.007641,0.2872,77.805
Robotics (Pepper),LSTM Autoencoder,JointControl,97,GyroscopeY,0.007611,0.2861,78.092
Robotics (Pepper),LSTM Autoencoder,JointControl,98,LaserF08Y,0.007579,0.2849,78.377
Robotics (Pepper),LSTM Autoencoder,JointControl,99,LaserF04X.1,0.007557,0.2841,78.661
Robotics (Pepper),LSTM Autoencoder,JointControl,100,LaserF02X.1,0.007484,0.2813,78.942
Robotics (Pepper),LSTM Autoencoder,JointControl,101,LaserF04Y.1,0.007474,0.281,79.223
Robotics (Pepper),LSTM Autoencoder,JointControl,102,LaserF10Y,0.007388,0.2777,79.501
Robotics (Pepper),LSTM Autoencoder,JointControl,103,LaserF05X.1,0.007335,0.2757,79.776
Robotics (Pepper),LSTM Autoencoder,JointControl,104,LaserR13X,0.007307,0.2747,80.051
Robotics (Pepper),LSTM Autoencoder,JointControl,105,KneePicthTemp,0.007285,0.2739,80.325
Robotics (Pepper),LSTM Autoencoder,JointControl,106,LaserR04Y,0.007228,0.2717,80.597
Robotics (Pepper),LSTM Autoencoder,JointControl,107,WheelFLTemp,0.007215,0.2712,80.868
Robotics (Pepper),LSTM Autoencoder,JointControl,108,LaserShovel02X,0.007204,0.2708,81.139
Robotics (Pepper),LSTM Autoencoder,JointControl,109,LaserShovel01Y,0.007165,0.2693,81.408
Robotics (Pepper),LSTM Autoencoder,JointControl,110,LaserR01X,0.007114,0.2674,81.675
Robotics (Pepper),LSTM Autoencoder,JointControl,111,LaserR01Y,0.00705,0.265,81.94
Robotics (Pepper),LSTM Autoencoder,JointControl,112,AnglesZ,0.00704,0.2647,82.205
Robotics (Pepper),LSTM Autoencoder,JointControl,113,RElbowYawTemp,0.007021,0.2639,82.469
Robotics (Pepper),LSTM Autoencoder,JointControl,114,LaserF06Y.1,0.006956,0.2615,82.731
Robotics (Pepper),LSTM Autoencoder,JointControl,115,LaserR14X,0.00693,0.2605,82.991
Robotics (Pepper),LSTM Autoencoder,JointControl,116,LaserF03X.1,0.006539,0.2458,83.237
Robotics (Pepper),LSTM Autoencoder,JointControl,117,LaserF03Y.1,0.006518,0.245,83.482
Robotics (Pepper),LSTM Autoencoder,JointControl,118,LaserF01X.1,0.006434,0.2419,83.724
Robotics (Pepper),LSTM Autoencoder,JointControl,119,LaserR04X,0.006413,0.2411,83.965
Robotics (Pepper),LSTM Autoencoder,JointControl,120,LaserF06X.1,0.006329,0.2379,84.203
Robotics (Pepper),LSTM Autoencoder,JointControl,121,SonarF,0.006326,0.2378,84.441
Robotics (Pepper),LSTM Autoencoder,JointControl,122,TabletTouchY,0.006247,0.2348,84.675
Robotics (Pepper),LSTM Autoencoder,JointControl,123,LaserF04Y,0.006146,0.231,84.906
Robotics (Pepper),LSTM Autoencoder,JointControl,124,LWristYaw,0.006145,0.231,85.137
Robotics (Pepper),LSTM Autoencoder,JointControl,125,GyroscopeX,0.006077,0.2284,85.366
Robotics (Pepper),LSTM Autoencoder,JointControl,126,LaserF05Y.1,0.006002,0.2256,85.592
Robotics (Pepper),LSTM Autoencoder,JointControl,127,LaserF09X.1,0.005986,0.225,85.817
Robotics (Pepper),LSTM Autoencoder,JointControl,128,HeadYawTemp,0.005973,0.2245,86.041
Robotics (Pepper),LSTM Autoencoder,JointControl,129,LShoulderRollTemp,0.005871,0.2207,86.262
Robotics (Pepper),LSTM Autoencoder,JointControl,130,LaserF07Y.1,0.005843,0.2197,86.481
Robotics (Pepper),LSTM Autoencoder,JointControl,131,LaserF01Y.1,0.005835,0.2194,86.701
Robotics (Pepper),LSTM Autoencoder,JointControl,132,LaserR14Y,0.005821,0.2188,86.92
Robotics (Pepper),LSTM Autoencoder,JointControl,133,LaserR15X,0.005801,0.2181,87.138
Robotics (Pepper),LSTM Autoencoder,JointControl,134,HipPicthTemp,0.005762,0.2166,87.354
Robotics (Pepper),LSTM Autoencoder,JointControl,135,WheelFRTemp,0.005691,0.2139,87.568
Robotics (Pepper),LSTM Autoencoder,JointControl,136,LaserF07X.1,0.005625,0.2115,87.78
Robotics (Pepper),LSTM Autoencoder,JointControl,137,LaserL14Y,0.005585,0.21,87.99
Robotics (Pepper),LSTM Autoencoder,JointControl,138,LaserR05Y,0.005551,0.2087,88.198
Robotics (Pepper),LSTM Autoencoder,JointControl,139,WheelFRStiff,0.005549,0.2086,88.407
Robotics (Pepper),LSTM Autoencoder,JointControl,140,LaserR13Y,0.005543,0.2084,88.615
Robotics (Pepper),LSTM Autoencoder,JointControl,141,LaserF08X.1,0.00551,0.2071,88.822
Robotics (Pepper),LSTM Autoencoder,JointControl,142,LaserF12Y,0.005308,0.1995,89.022
Robotics (Pepper),LSTM Autoencoder,JointControl,143,RShoulderPitchTemp,0.005173,0.1945,89.216
Robotics (Pepper),LSTM Autoencoder,JointControl,144,WheelBTemp,0.005169,0.1943,89.411
Robotics (Pepper),LSTM Autoencoder,JointControl,145,LaserR06Y,0.005153,0.1937,89.605
Robotics (Pepper),LSTM Autoencoder,JointControl,146,LaserR02Y,0.005076,0.1908,89.795
Robotics (Pepper),LSTM Autoencoder,JointControl,147,LaserR15Y,0.00502,0.1887,89.984
Robotics (Pepper),LSTM Autoencoder,JointControl,148,LaserF09X,0.005015,0.1885,90.173
Robotics (Pepper),LSTM Autoencoder,JointControl,149,LaserL13Y,0.004994,0.1877,90.36
Robotics (Pepper),LSTM Autoencoder,JointControl,150,RShoulderRollTemp,0.004935,0.1855,90.546
Robotics (Pepper),LSTM Autoencoder,JointControl,151,LaserR03Y,0.004913,0.1847,90.731
Robotics (Pepper),LSTM Autoencoder,JointControl,152,LaserF09Y,0.004887,0.1837,90.914
Robotics (Pepper),LSTM Autoencoder,JointControl,153,LaserVeL01Y,0.004881,0.1835,91.098
Robotics (Pepper),LSTM Autoencoder,JointControl,154,LaserL11Y,0.004877,0.1833,91.281
Robotics (Pepper),LSTM Autoencoder,JointControl,155,TabletTouchX,0.004875,0.1833,91.464
Robotics (Pepper),LSTM Autoencoder,JointControl,156,LaserF09Y.1,0.004789,0.18,91.644
Robotics (Pepper),LSTM Autoencoder,JointControl,157,LaserR03X,0.004788,0.18,91.824
Robotics (Pepper),LSTM Autoencoder,JointControl,158,LaserR08X,0.004754,0.1787,92.003
Robotics (Pepper),LSTM Autoencoder,JointControl,159,LaserR06X,0.004714,0.1772,92.18
Robotics (Pepper),LSTM Autoencoder,JointControl,160,LaserL11X,0.00469,0.1763,92.357
Robotics (Pepper),LSTM Autoencoder,JointControl,161,WheelFLStiff,0.004643,0.1745,92.531
Robotics (Pepper),LSTM Autoencoder,JointControl,162,LaserF12X,0.004632,0.1741,92.705
Robotics (Pepper),LSTM Autoencoder,JointControl,163,LaserR05X,0.004605,0.1731,92.878
Robotics (Pepper),LSTM Autoencoder,JointControl,164,LaserVeL01X,0.004551,0.1711,93.049
Robotics (Pepper),LSTM Autoencoder,JointControl,165,LaserL12X,0.004447,0.1672,93.217
Robotics (Pepper),LSTM Autoencoder,JointControl,166,LaserF08Y.1,0.004383,0.1648,93.381
Robotics (Pepper),LSTM Autoencoder,JointControl,167,LWristYawTemp,0.004341,0.1632,93.545
Robotics (Pepper),LSTM Autoencoder,JointControl,168,LaserR09X,0.004339,0.1631,93.708
Robotics (Pepper),LSTM Autoencoder,JointControl,169,LaserL10Y,0.004265,0.1603,93.868
Robotics (Pepper),LSTM Autoencoder,JointControl,170,LaserF13Y,0.004215,0.1585,94.026
Robotics (Pepper),LSTM Autoencoder,JointControl,171,RWristYawTemp,0.004188,0.1574,94.184
Robotics (Pepper),LSTM Autoencoder,JointControl,172,LaserL13X,0.004158,0.1563,94.34
Robotics (Pepper),LSTM Autoencoder,JointControl,173,LaserR02X,0.004127,0.1551,94.495
Robotics (Pepper),LSTM Autoencoder,JointControl,174,WheelBStiff,0.004074,0.1532,94.649
Robotics (Pepper),LSTM Autoencoder,JointControl,175,RElbowRollTemp,0.004038,0.1518,94.8
Robotics (Pepper),LSTM Autoencoder,JointControl,176,LaserL10X,0.004002,0.1504,94.951
Robotics (Pepper),LSTM Autoencoder,JointControl,177,HeadPicth,0.004002,0.1504,95.101
Robotics (Pepper),LSTM Autoencoder,JointControl,178,LaserL14X,0.00399,0.15,95.251
Robotics (Pepper),LSTM Autoencoder,JointControl,179,RhandTemp,0.003976,0.1495,95.401
Robotics (Pepper),LSTM Autoencoder,JointControl,180,LaserR07Y,0.003871,0.1455,95.546
Robotics (Pepper),LSTM Autoencoder,JointControl,181,LaserR12Y,0.003792,0.1426,95.689
Robotics (Pepper),LSTM Autoencoder,JointControl,182,LaserF13X,0.003775,0.1419,95.831
Robotics (Pepper),LSTM Autoencoder,JointControl,183,LaserR08Y,0.003673,0.1381,95.969
Robotics (Pepper),LSTM Autoencoder,JointControl,184,LaserR11X,0.003656,0.1374,96.106
Robotics (Pepper),LSTM Autoencoder,JointControl,185,LaserR10Y,0.003629,0.1364,96.243
Robotics (Pepper),LSTM Autoencoder,JointControl,186,LHandTemp,0.003601,0.1354,96.378
Robotics (Pepper),LSTM Autoencoder,JointControl,187,LaserR12X,0.0036,0.1353,96.513
Robotics (Pepper),LSTM Autoencoder,JointControl,188,LaserR09Y,0.003537,0.133,96.646
Robotics (Pepper),LSTM Autoencoder,JointControl,189,LaserR11Y,0.003489,0.1312,96.777
Robotics (Pepper),LSTM Autoencoder,JointControl,190,HipRollTemp,0.003433,0.1291,96.906
Robotics (Pepper),LSTM Autoencoder,JointControl,191,LaserR07X,0.003412,0.1283,97.035
Robotics (Pepper),LSTM Autoencoder,JointControl,192,LaserR10X,0.003395,0.1276,97.162
Robotics (Pepper),LSTM Autoencoder,JointControl,193,LedShoulderB,0.00329,0.1237,97.286
Robotics (Pepper),LSTM Autoencoder,JointControl,194,LaserL12Y,0.00324,0.1218,97.408
Robotics (Pepper),LSTM Autoencoder,JointControl,195,KneePicth,0.003093,0.1163,97.524
Robotics (Pepper),LSTM Autoencoder,JointControl,196,HipPicth,0.002339,0.0879,97.612
Robotics (Pepper),LSTM Autoencoder,JointControl,197,LedFaceGR1,0.00181,0.068,97.68
Robotics (Pepper),LSTM Autoencoder,JointControl,198,LedFaceRR8,0.001791,0.0673,97.747
Robotics (Pepper),LSTM Autoencoder,JointControl,199,LedFaceGR2,0.001779,0.0669,97.814
Robotics (Pepper),LSTM Autoencoder,JointControl,200,LedFaceRR7,0.001694,0.0637,97.878
Robotics (Pepper),LSTM Autoencoder,JointControl,201,LedFaceBL8,0.001637,0.0615,97.939
Robotics (Pepper),LSTM Autoencoder,JointControl,202,LedFaceRR2,0.001597,0.06,98.0
Robotics (Pepper),LSTM Autoencoder,JointControl,203,LedFaceGL1,0.00157,0.059,98.059
Robotics (Pepper),LSTM Autoencoder,JointControl,204,LedFaceGL7,0.001555,0.0585,98.117
Robotics (Pepper),LSTM Autoencoder,JointControl,205,LedFaceBL5,0.001548,0.0582,98.175
Robotics (Pepper),LSTM Autoencoder,JointControl,206,LedFaceRL3,0.001529,0.0575,98.233
Robotics (Pepper),LSTM Autoencoder,JointControl,207,LedFaceGR5,0.001486,0.0559,98.289
Robotics (Pepper),LSTM Autoencoder,JointControl,208,LedFaceRL7,0.001482,0.0557,98.344
Robotics (Pepper),LSTM Autoencoder,JointControl,209,LedFaceRL1,0.001461,0.0549,98.399
Robotics (Pepper),LSTM Autoencoder,JointControl,210,LedFaceRR3,0.001422,0.0535,98.453
Robotics (Pepper),LSTM Autoencoder,JointControl,211,LedFaceGL8,0.001419,0.0533,98.506
Robotics (Pepper),LSTM Autoencoder,JointControl,212,LedFaceRL2,0.001377,0.0518,98.558
Robotics (Pepper),LSTM Autoencoder,JointControl,213,LedFaceGR4,0.001371,0.0515,98.609
Robotics (Pepper),LSTM Autoencoder,JointControl,214,LedFaceBL6,0.001362,0.0512,98.66
Robotics (Pepper),LSTM Autoencoder,JointControl,215,LedFaceRL8,0.001338,0.0503,98.711
Robotics (Pepper),LSTM Autoencoder,JointControl,216,LedFaceBL7,0.001335,0.0502,98.761
Robotics (Pepper),LSTM Autoencoder,JointControl,217,LedFaceGR3,0.001328,0.0499,98.811
Robotics (Pepper),LSTM Autoencoder,JointControl,218,LedFaceBL1,0.001327,0.0499,98.861
Robotics (Pepper),LSTM Autoencoder,JointControl,219,LedFaceGL2,0.001312,0.0493,98.91
Robotics (Pepper),LSTM Autoencoder,JointControl,220,LedFaceGL4,0.001299,0.0488,98.959
Robotics (Pepper),LSTM Autoencoder,JointControl,221,LedFaceBR3,0.001286,0.0483,99.007
Robotics (Pepper),LSTM Autoencoder,JointControl,222,LedFaceBR4,0.001269,0.0477,99.055
Robotics (Pepper),LSTM Autoencoder,JointControl,223,LedFaceRL6,0.001269,0.0477,99.103
Robotics (Pepper),LSTM Autoencoder,JointControl,224,LedFaceRR1,0.001267,0.0476,99.15
Robotics (Pepper),LSTM Autoencoder,JointControl,225,LedFaceBR6,0.001258,0.0473,99.198
Robotics (Pepper),LSTM Autoencoder,JointControl,226,LedFaceGL5,0.001256,0.0472,99.245
Robotics (Pepper),LSTM Autoencoder,JointControl,227,LedFaceBR8,0.001242,0.0467,99.291
Robotics (Pepper),LSTM Autoencoder,JointControl,228,LedFaceGL6,0.001235,0.0464,99.338
Robotics (Pepper),LSTM Autoencoder,JointControl,229,LedFaceGR8,0.001231,0.0463,99.384
Robotics (Pepper),LSTM Autoencoder,JointControl,230,LedFaceBR1,0.001212,0.0456,99.43
Robotics (Pepper),LSTM Autoencoder,JointControl,231,LedFaceGR6,0.001204,0.0453,99.475
Robotics (Pepper),LSTM Autoencoder,JointControl,232,LedFaceRR5,0.001186,0.0446,99.52
Robotics (Pepper),LSTM Autoencoder,JointControl,233,LedFaceBL3,0.001185,0.0445,99.564
Robotics (Pepper),LSTM Autoencoder,JointControl,234,LedFaceRR6,0.001181,0.0444,99.609
Robotics (Pepper),LSTM Autoencoder,JointControl,235,LedFaceRR4,0.001174,0.0441,99.653
Robotics (Pepper),LSTM Autoencoder,JointControl,236,LedFaceBR2,0.001151,0.0433,99.696
Robotics (Pepper),LSTM Autoencoder,JointControl,237,LedFaceGL3,0.001142,0.0429,99.739
Robotics (Pepper),LSTM Autoencoder,JointControl,238,LedFaceGR7,0.001138,0.0428,99.782
Robotics (Pepper),LSTM Autoencoder,JointControl,239,LedFaceRL4,0.001133,0.0426,99.824
Robotics (Pepper),LSTM Autoencoder,JointControl,240,LedFaceBL2,0.001078,0.0405,99.865
Robotics (Pepper),LSTM Autoencoder,JointControl,241,LedFaceRL5,0.001036,0.0389,99.904
Robotics (Pepper),LSTM Autoencoder,JointControl,242,LedFaceBR5,0.000946,0.0356,99.939
Robotics (Pepper),LSTM Autoencoder,JointControl,243,LedFaceBL4,0.000911,0.0342,99.974
Robotics (Pepper),LSTM Autoencoder,JointControl,244,LedFaceBR7,0.000704,0.0265,100.0
Robotics (Pepper),LSTM Autoencoder,LedsControl,1,LedFaceBR5,0.209606,2.3384,2.338
Robotics (Pepper),LSTM Autoencoder,LedsControl,2,LedFaceBL4,0.194698,2.172,4.51
Robotics (Pepper),LSTM Autoencoder,LedsControl,3,LedFaceBR6,0.162657,1.8146,6.325
Robotics (Pepper),LSTM Autoencoder,LedsControl,4,LedFaceBL1,0.161417,1.8008,8.126
Robotics (Pepper),LSTM Autoencoder,LedsControl,5,LedEarR3,0.155456,1.7343,9.86
Robotics (Pepper),LSTM Autoencoder,LedsControl,6,LedFaceBR8,0.144022,1.6067,11.467
Robotics (Pepper),LSTM Autoencoder,LedsControl,7,LedEarL3,0.143877,1.6051,13.072
Robotics (Pepper),LSTM Autoencoder,LedsControl,8,LedFaceBR4,0.140909,1.572,14.644
Robotics (Pepper),LSTM Autoencoder,LedsControl,9,LedFaceBR7,0.136924,1.5275,16.171
Robotics (Pepper),LSTM Autoencoder,LedsControl,10,LedFaceBL2,0.135958,1.5167,17.688
Robotics (Pepper),LSTM Autoencoder,LedsControl,11,RShoulderPitch,0.123757,1.3806,19.069
Robotics (Pepper),LSTM Autoencoder,LedsControl,12,LedFaceBL3,0.120951,1.3493,20.418
Robotics (Pepper),LSTM Autoencoder,LedsControl,13,LedEarL8,0.105266,1.1743,21.592
Robotics (Pepper),LSTM Autoencoder,LedsControl,14,KneePicth,0.104868,1.1699,22.762
Robotics (Pepper),LSTM Autoencoder,LedsControl,15,LedFaceBL6,0.103688,1.1567,23.919
Robotics (Pepper),LSTM Autoencoder,LedsControl,16,LedFaceBR1,0.099225,1.107,25.026
Robotics (Pepper),LSTM Autoencoder,LedsControl,17,LedFaceGL1,0.098439,1.0982,26.124
Robotics (Pepper),LSTM Autoencoder,LedsControl,18,LedFaceBL5,0.097228,1.0847,27.209
Robotics (Pepper),LSTM Autoencoder,LedsControl,19,HipPicth,0.09528,1.0629,28.272
Robotics (Pepper),LSTM Autoencoder,LedsControl,20,LedFaceGR5,0.094499,1.0542,29.326
Robotics (Pepper),LSTM Autoencoder,LedsControl,21,LedEarR8,0.094051,1.0492,30.375
Robotics (Pepper),LSTM Autoencoder,LedsControl,22,LedFaceGL4,0.091716,1.0232,31.398
Robotics (Pepper),LSTM Autoencoder,LedsControl,23,LedFaceGR1,0.090008,1.0041,32.403
Robotics (Pepper),LSTM Autoencoder,LedsControl,24,LedFaceRR6,0.089771,1.0015,33.404
Robotics (Pepper),LSTM Autoencoder,LedsControl,25,LedEarL7,0.08949,0.9983,34.402
Robotics (Pepper),LSTM Autoencoder,LedsControl,26,LedEarL4,0.089262,0.9958,35.398
Robotics (Pepper),LSTM Autoencoder,LedsControl,27,LedFaceBR3,0.08925,0.9957,36.394
Robotics (Pepper),LSTM Autoencoder,LedsControl,28,LedFaceBL7,0.087949,0.9812,37.375
Robotics (Pepper),LSTM Autoencoder,LedsControl,29,LedFaceRL6,0.087686,0.9782,38.353
Robotics (Pepper),LSTM Autoencoder,LedsControl,30,LedEarL2,0.086591,0.966,39.319
Robotics (Pepper),LSTM Autoencoder,LedsControl,31,LedFaceBR2,0.085285,0.9514,40.271
Robotics (Pepper),LSTM Autoencoder,LedsControl,32,LedEarL9,0.083137,0.9275,41.198
Robotics (Pepper),LSTM Autoencoder,LedsControl,33,LedEarR4,0.081678,0.9112,42.109
Robotics (Pepper),LSTM Autoencoder,LedsControl,34,LedEarR1,0.081635,0.9107,43.02
Robotics (Pepper),LSTM Autoencoder,LedsControl,35,LedFaceGR7,0.081613,0.9105,43.931
Robotics (Pepper),LSTM Autoencoder,LedsControl,36,LedEarR7,0.081517,0.9094,44.84
Robotics (Pepper),LSTM Autoencoder,LedsControl,37,LedEarR2,0.081381,0.9079,45.748
Robotics (Pepper),LSTM Autoencoder,LedsControl,38,LedEarR9,0.080254,0.8953,46.643
Robotics (Pepper),LSTM Autoencoder,LedsControl,39,LedFaceGR2,0.078242,0.8729,47.516
Robotics (Pepper),LSTM Autoencoder,LedsControl,40,LedEarL5,0.077234,0.8616,48.378
Robotics (Pepper),LSTM Autoencoder,LedsControl,41,LedEarR10,0.077122,0.8604,49.238
Robotics (Pepper),LSTM Autoencoder,LedsControl,42,LedFaceGR4,0.076079,0.8487,50.087
Robotics (Pepper),LSTM Autoencoder,LedsControl,43,LedFaceGR8,0.075905,0.8468,50.934
Robotics (Pepper),LSTM Autoencoder,LedsControl,44,LedFaceGL3,0.075076,0.8375,51.771
Robotics (Pepper),LSTM Autoencoder,LedsControl,45,LedFaceRL1,0.074911,0.8357,52.607
Robotics (Pepper),LSTM Autoencoder,LedsControl,46,RElbowYaw,0.073501,0.82,53.427
Robotics (Pepper),LSTM Autoencoder,LedsControl,47,LedEarL6,0.0732,0.8166,54.243
Robotics (Pepper),LSTM Autoencoder,LedsControl,48,LedEarL10,0.072452,0.8083,55.052
Robotics (Pepper),LSTM Autoencoder,LedsControl,49,LedEarR6,0.071821,0.8012,55.853
Robotics (Pepper),LSTM Autoencoder,LedsControl,50,LedFaceGR3,0.070972,0.7918,56.645
Robotics (Pepper),LSTM Autoencoder,LedsControl,51,LedEarR5,0.070807,0.7899,57.435
Robotics (Pepper),LSTM Autoencoder,LedsControl,52,LedFaceGR6,0.06995,0.7804,58.215
Robotics (Pepper),LSTM Autoencoder,LedsControl,53,LedFaceRL5,0.069839,0.7791,58.994
Robotics (Pepper),LSTM Autoencoder,LedsControl,54,LedFaceBL8,0.069681,0.7774,59.771
Robotics (Pepper),LSTM Autoencoder,LedsControl,55,LedEarL1,0.068732,0.7668,60.538
Robotics (Pepper),LSTM Autoencoder,LedsControl,56,LedFaceGL8,0.067435,0.7523,61.291
Robotics (Pepper),LSTM Autoencoder,LedsControl,57,LedFaceGL5,0.066542,0.7423,62.033
Robotics (Pepper),LSTM Autoencoder,LedsControl,58,LedFaceRL2,0.066247,0.7391,62.772
Robotics (Pepper),LSTM Autoencoder,LedsControl,59,LedFaceRR5,0.06442,0.7187,63.491
Robotics (Pepper),LSTM Autoencoder,LedsControl,60,LedFaceGL2,0.064417,0.7186,64.209
Robotics (Pepper),LSTM Autoencoder,LedsControl,61,LedFaceRR7,0.064224,0.7165,64.926
Robotics (Pepper),LSTM Autoencoder,LedsControl,62,LedFaceRR2,0.061701,0.6883,65.614
Robotics (Pepper),LSTM Autoencoder,LedsControl,63,LedFaceRR1,0.061475,0.6858,66.3
Robotics (Pepper),LSTM Autoencoder,LedsControl,64,LedFaceRL3,0.061466,0.6857,66.986
Robotics (Pepper),LSTM Autoencoder,LedsControl,65,LedShoulderB,0.058595,0.6537,67.639
Robotics (Pepper),LSTM Autoencoder,LedsControl,66,LedFaceRR4,0.057118,0.6372,68.276
Robotics (Pepper),LSTM Autoencoder,LedsControl,67,LedFaceGL7,0.056788,0.6335,68.91
Robotics (Pepper),LSTM Autoencoder,LedsControl,68,LedFaceGL6,0.055603,0.6203,69.53
Robotics (Pepper),LSTM Autoencoder,LedsControl,69,LShoulderPitch,0.054624,0.6094,70.14
Robotics (Pepper),LSTM Autoencoder,LedsControl,70,TabletTouchY,0.053152,0.593,70.733
Robotics (Pepper),LSTM Autoencoder,LedsControl,71,LedFaceRL4,0.052234,0.5827,71.315
Robotics (Pepper),LSTM Autoencoder,LedsControl,72,TabletTouchX,0.051867,0.5786,71.894
Robotics (Pepper),LSTM Autoencoder,LedsControl,73,LedFaceRL8,0.051391,0.5733,72.467
Robotics (Pepper),LSTM Autoencoder,LedsControl,74,LedFaceRR8,0.049732,0.5548,73.022
Robotics (Pepper),LSTM Autoencoder,LedsControl,75,LedFaceRL7,0.049645,0.5538,73.576
Robotics (Pepper),LSTM Autoencoder,LedsControl,76,RWristYaw,0.042081,0.4695,74.045
Robotics (Pepper),LSTM Autoencoder,LedsControl,77,RShoulderRollStiff,0.039231,0.4377,74.483
Robotics (Pepper),LSTM Autoencoder,LedsControl,78,LedFaceRR3,0.037375,0.417,74.9
Robotics (Pepper),LSTM Autoencoder,LedsControl,79,HipRoll,0.034453,0.3844,75.284
Robotics (Pepper),LSTM Autoencoder,LedsControl,80,RShoulderPitchStiff,0.032499,0.3626,75.647
Robotics (Pepper),LSTM Autoencoder,LedsControl,81,LElbowYaw,0.032104,0.3582,76.005
Robotics (Pepper),LSTM Autoencoder,LedsControl,82,RElbowRoll,0.030261,0.3376,76.343
Robotics (Pepper),LSTM Autoencoder,LedsControl,83,LaserR13Y,0.02717,0.3031,76.646
Robotics (Pepper),LSTM Autoencoder,LedsControl,84,RElbowYawStiff,0.026355,0.294,76.94
Robotics (Pepper),LSTM Autoencoder,LedsControl,85,LHandStiff,0.025462,0.2841,77.224
Robotics (Pepper),LSTM Autoencoder,LedsControl,86,LaserF10Y,0.025451,0.2839,77.508
Robotics (Pepper),LSTM Autoencoder,LedsControl,87,LShoulderRollStiff,0.025013,0.279,77.787
Robotics (Pepper),LSTM Autoencoder,LedsControl,88,RShoulderRoll,0.024964,0.2785,78.065
Robotics (Pepper),LSTM Autoencoder,LedsControl,89,LaserR13X,0.024448,0.2727,78.338
Robotics (Pepper),LSTM Autoencoder,LedsControl,90,WheelBSpeed,0.023718,0.2646,78.603
Robotics (Pepper),LSTM Autoencoder,LedsControl,91,HeadPicth,0.023569,0.2629,78.866
Robotics (Pepper),LSTM Autoencoder,LedsControl,92,LaserF05X,0.022721,0.2535,79.119
Robotics (Pepper),LSTM Autoencoder,LedsControl,93,RWristYawStiff,0.022429,0.2502,79.369
Robotics (Pepper),LSTM Autoencoder,LedsControl,94,RElbowRollStiff,0.020982,0.2341,79.603
Robotics (Pepper),LSTM Autoencoder,LedsControl,95,LaserF05Y,0.020969,0.2339,79.837
Robotics (Pepper),LSTM Autoencoder,LedsControl,96,WheelFLSpeed,0.020865,0.2328,80.07
Robotics (Pepper),LSTM Autoencoder,LedsControl,97,LWristYawStiff,0.020777,0.2318,80.302
Robotics (Pepper),LSTM Autoencoder,LedsControl,98,LaserVeR01X,0.020343,0.2269,80.529
Robotics (Pepper),LSTM Autoencoder,LedsControl,99,WheelFRSpeed,0.020042,0.2236,80.752
Robotics (Pepper),LSTM Autoencoder,LedsControl,100,GyroscopeZ,0.01966,0.2193,80.972
Robotics (Pepper),LSTM Autoencoder,LedsControl,101,KneePicthStiff,0.019588,0.2185,81.19
Robotics (Pepper),LSTM Autoencoder,LedsControl,102,HipRollStiff,0.019312,0.2154,81.406
Robotics (Pepper),LSTM Autoencoder,LedsControl,103,LElbowYawStiff,0.018313,0.2043,81.61
Robotics (Pepper),LSTM Autoencoder,LedsControl,104,InfraRedR,0.018029,0.2011,81.811
Robotics (Pepper),LSTM Autoencoder,LedsControl,105,LElbowRoll,0.017637,0.1968,82.008
Robotics (Pepper),LSTM Autoencoder,LedsControl,106,LaserF10X,0.017385,0.1939,82.202
Robotics (Pepper),LSTM Autoencoder,LedsControl,107,AccelerometerX,0.017281,0.1928,82.395
Robotics (Pepper),LSTM Autoencoder,LedsControl,108,RhandStiff,0.017264,0.1926,82.587
Robotics (Pepper),LSTM Autoencoder,LedsControl,109,LElbowRollStiff,0.016479,0.1838,82.771
Robotics (Pepper),LSTM Autoencoder,LedsControl,110,WheelFLStiff,0.016303,0.1819,82.953
Robotics (Pepper),LSTM Autoencoder,LedsControl,111,HeadPicthStiff,0.016217,0.1809,83.134
Robotics (Pepper),LSTM Autoencoder,LedsControl,112,LaserF11X,0.016171,0.1804,83.314
Robotics (Pepper),LSTM Autoencoder,LedsControl,113,LElbowYawTemp,0.016149,0.1802,83.494
Robotics (Pepper),LSTM Autoencoder,LedsControl,114,LaserR01Y,0.01614,0.1801,83.674
Robotics (Pepper),LSTM Autoencoder,LedsControl,115,LShoulderPitchStiff,0.016084,0.1794,83.854
Robotics (Pepper),LSTM Autoencoder,LedsControl,116,LaserR03Y,0.01581,0.1764,84.03
Robotics (Pepper),LSTM Autoencoder,LedsControl,117,LaserF06X,0.015726,0.1754,84.206
Robotics (Pepper),LSTM Autoencoder,LedsControl,118,LaserL14X,0.015627,0.1743,84.38
Robotics (Pepper),LSTM Autoencoder,LedsControl,119,HipPicthStiff,0.015598,0.174,84.554
Robotics (Pepper),LSTM Autoencoder,LedsControl,120,Rhand,0.015513,0.1731,84.727
Robotics (Pepper),LSTM Autoencoder,LedsControl,121,LaserF03X,0.015319,0.1709,84.898
Robotics (Pepper),LSTM Autoencoder,LedsControl,122,LaserF12Y,0.015265,0.1703,85.068
Robotics (Pepper),LSTM Autoencoder,LedsControl,123,LaserVeR01Y,0.015122,0.1687,85.237
Robotics (Pepper),LSTM Autoencoder,LedsControl,124,GyroscopeX,0.01496,0.1669,85.404
Robotics (Pepper),LSTM Autoencoder,LedsControl,125,SonarB,0.014924,0.1665,85.57
Robotics (Pepper),LSTM Autoencoder,LedsControl,126,GyroscopeY,0.01485,0.1657,85.736
Robotics (Pepper),LSTM Autoencoder,LedsControl,127,LaserF11Y,0.014786,0.165,85.901
Robotics (Pepper),LSTM Autoencoder,LedsControl,128,LaserShovel01X,0.014609,0.163,86.064
Robotics (Pepper),LSTM Autoencoder,LedsControl,129,LaserF06Y.1,0.014391,0.1605,86.225
Robotics (Pepper),LSTM Autoencoder,LedsControl,130,LaserL14Y,0.014336,0.1599,86.384
Robotics (Pepper),LSTM Autoencoder,LedsControl,131,AnglesX,0.014292,0.1594,86.544
Robotics (Pepper),LSTM Autoencoder,LedsControl,132,LaserF04Y,0.014071,0.157,86.701
Robotics (Pepper),LSTM Autoencoder,LedsControl,133,SonarF,0.014063,0.1569,86.858
Robotics (Pepper),LSTM Autoencoder,LedsControl,134,LaserR01X,0.013959,0.1557,87.014
Robotics (Pepper),LSTM Autoencoder,LedsControl,135,LaserR04X,0.013896,0.155,87.169
Robotics (Pepper),LSTM Autoencoder,LedsControl,136,LaserF01Y,0.013783,0.1538,87.322
Robotics (Pepper),LSTM Autoencoder,LedsControl,137,InfraRedL,0.013728,0.1531,87.475
Robotics (Pepper),LSTM Autoencoder,LedsControl,138,WheelFLTemp,0.013626,0.152,87.627
Robotics (Pepper),LSTM Autoencoder,LedsControl,139,LaserR02Y,0.013541,0.1511,87.779
Robotics (Pepper),LSTM Autoencoder,LedsControl,140,LaserShovel02Y,0.013512,0.1507,87.929
Robotics (Pepper),LSTM Autoencoder,LedsControl,141,LaserR03X,0.013508,0.1507,88.08
Robotics (Pepper),LSTM Autoencoder,LedsControl,142,LaserF04X,0.013503,0.1506,88.231
Robotics (Pepper),LSTM Autoencoder,LedsControl,143,LaserShovel02X,0.013448,0.15,88.381
Robotics (Pepper),LSTM Autoencoder,LedsControl,144,LaserF01X,0.013444,0.15,88.531
Robotics (Pepper),LSTM Autoencoder,LedsControl,145,LaserF13Y,0.013441,0.1499,88.681
Robotics (Pepper),LSTM Autoencoder,LedsControl,146,LaserL15Y,0.013381,0.1493,88.83
Robotics (Pepper),LSTM Autoencoder,LedsControl,147,LaserF06Y,0.013301,0.1484,88.978
Robotics (Pepper),LSTM Autoencoder,LedsControl,148,HeadYawStiff,0.013017,0.1452,89.123
Robotics (Pepper),LSTM Autoencoder,LedsControl,149,LaserF04Y.1,0.012935,0.1443,89.268
Robotics (Pepper),LSTM Autoencoder,LedsControl,150,LaserF12X,0.012891,0.1438,89.412
Robotics (Pepper),LSTM Autoencoder,LedsControl,151,LaserR04Y,0.012858,0.1434,89.555
Robotics (Pepper),LSTM Autoencoder,LedsControl,152,LaserR06Y,0.012839,0.1432,89.698
Robotics (Pepper),LSTM Autoencoder,LedsControl,153,LaserF07X.1,0.012814,0.143,89.841
Robotics (Pepper),LSTM Autoencoder,LedsControl,154,HeadYaw,0.012764,0.1424,89.984
Robotics (Pepper),LSTM Autoencoder,LedsControl,155,WheelFRTemp,0.012764,0.1424,90.126
Robotics (Pepper),LSTM Autoencoder,LedsControl,156,LShoulderRoll,0.012599,0.1406,90.267
Robotics (Pepper),LSTM Autoencoder,LedsControl,157,AccelerometerZ,0.012577,0.1403,90.407
Robotics (Pepper),LSTM Autoencoder,LedsControl,158,LaserR09Y,0.012576,0.1403,90.547
Robotics (Pepper),LSTM Autoencoder,LedsControl,159,LaserR09X,0.012519,0.1397,90.687
Robotics (Pepper),LSTM Autoencoder,LedsControl,160,LaserF02Y,0.01243,0.1387,90.825
Robotics (Pepper),LSTM Autoencoder,LedsControl,161,LaserF08X,0.012246,0.1366,90.962
Robotics (Pepper),LSTM Autoencoder,LedsControl,162,LaserF09X,0.012195,0.136,91.098
Robotics (Pepper),LSTM Autoencoder,LedsControl,163,LaserF08X.1,0.012035,0.1343,91.232
Robotics (Pepper),LSTM Autoencoder,LedsControl,164,LaserF04X.1,0.012027,0.1342,91.367
Robotics (Pepper),LSTM Autoencoder,LedsControl,165,LaserR14Y,0.011982,0.1337,91.5
Robotics (Pepper),LSTM Autoencoder,LedsControl,166,LaserF06X.1,0.011933,0.1331,91.633
Robotics (Pepper),LSTM Autoencoder,LedsControl,167,LaserR02X,0.011896,0.1327,91.766
Robotics (Pepper),LSTM Autoencoder,LedsControl,168,LaserR05Y,0.011895,0.1327,91.899
Robotics (Pepper),LSTM Autoencoder,LedsControl,169,LHand,0.011865,0.1324,92.031
Robotics (Pepper),LSTM Autoencoder,LedsControl,170,LaserR12Y,0.011824,0.1319,92.163
Robotics (Pepper),LSTM Autoencoder,LedsControl,171,WheelBTemp,0.011816,0.1318,92.295
Robotics (Pepper),LSTM Autoencoder,LedsControl,172,LaserR08X,0.011621,0.1296,92.425
Robotics (Pepper),LSTM Autoencoder,LedsControl,173,LaserShovel03Y,0.011527,0.1286,92.553
Robotics (Pepper),LSTM Autoencoder,LedsControl,174,LaserF08Y.1,0.0115,0.1283,92.681
Robotics (Pepper),LSTM Autoencoder,LedsControl,175,LaserR14X,0.01143,0.1275,92.809
Robotics (Pepper),LSTM Autoencoder,LedsControl,176,LaserL15X,0.011356,0.1267,92.936
Robotics (Pepper),LSTM Autoencoder,LedsControl,177,LaserF13X,0.011352,0.1266,93.062
Robotics (Pepper),LSTM Autoencoder,LedsControl,178,LElbowRollTemp,0.011344,0.1266,93.189
Robotics (Pepper),LSTM Autoencoder,LedsControl,179,LaserF02X,0.011254,0.1255,93.314
Robotics (Pepper),LSTM Autoencoder,LedsControl,180,LaserF05Y.1,0.011018,0.1229,93.437
Robotics (Pepper),LSTM Autoencoder,LedsControl,181,LaserF08Y,0.010983,0.1225,93.56
Robotics (Pepper),LSTM Autoencoder,LedsControl,182,LaserF03Y,0.010978,0.1225,93.682
Robotics (Pepper),LSTM Autoencoder,LedsControl,183,LShoulderPitchTemp,0.010951,0.1222,93.804
Robotics (Pepper),LSTM Autoencoder,LedsControl,184,LaserR15X,0.010926,0.1219,93.926
Robotics (Pepper),LSTM Autoencoder,LedsControl,185,LaserR07Y,0.01092,0.1218,94.048
Robotics (Pepper),LSTM Autoencoder,LedsControl,186,LaserR10Y,0.010828,0.1208,94.169
Robotics (Pepper),LSTM Autoencoder,LedsControl,187,LaserL13X,0.010824,0.1208,94.29
Robotics (Pepper),LSTM Autoencoder,LedsControl,188,LaserShovel01Y,0.010824,0.1208,94.41
Robotics (Pepper),LSTM Autoencoder,LedsControl,189,LaserL11X,0.010813,0.1206,94.531
Robotics (Pepper),LSTM Autoencoder,LedsControl,190,AnglesY,0.010773,0.1202,94.651
Robotics (Pepper),LSTM Autoencoder,LedsControl,191,LaserF03Y.1,0.010728,0.1197,94.771
Robotics (Pepper),LSTM Autoencoder,LedsControl,192,LaserR12X,0.010538,0.1176,94.888
Robotics (Pepper),LSTM Autoencoder,LedsControl,193,LaserF05X.1,0.010511,0.1173,95.006
Robotics (Pepper),LSTM Autoencoder,LedsControl,194,LaserR05X,0.010399,0.116,95.122
Robotics (Pepper),LSTM Autoencoder,LedsControl,195,WheelBStiff,0.01037,0.1157,95.237
Robotics (Pepper),LSTM Autoencoder,LedsControl,196,RElbowYawTemp,0.010363,0.1156,95.353
Robotics (Pepper),LSTM Autoencoder,LedsControl,197,LShoulderRollTemp,0.010271,0.1146,95.468
Robotics (Pepper),LSTM Autoencoder,LedsControl,198,LaserF09Y,0.010186,0.1136,95.581
Robotics (Pepper),LSTM Autoencoder,LedsControl,199,LaserR15Y,0.010183,0.1136,95.695
Robotics (Pepper),LSTM Autoencoder,LedsControl,200,LaserVeL01X,0.010058,0.1122,95.807
Robotics (Pepper),LSTM Autoencoder,LedsControl,201,LWristYawTemp,0.010027,0.1119,95.919
Robotics (Pepper),LSTM Autoencoder,LedsControl,202,LaserL11Y,0.00994,0.1109,96.03
Robotics (Pepper),LSTM Autoencoder,LedsControl,203,LaserShovel03X,0.009881,0.1102,96.14
Robotics (Pepper),LSTM Autoencoder,LedsControl,204,LaserF09X.1,0.009834,0.1097,96.25
Robotics (Pepper),LSTM Autoencoder,LedsControl,205,LaserF07Y.1,0.009762,0.1089,96.359
Robotics (Pepper),LSTM Autoencoder,LedsControl,206,LaserR10X,0.009692,0.1081,96.467
Robotics (Pepper),LSTM Autoencoder,LedsControl,207,AccelerometerY,0.009683,0.108,96.575
Robotics (Pepper),LSTM Autoencoder,LedsControl,208,LaserR07X,0.009614,0.1073,96.682
Robotics (Pepper),LSTM Autoencoder,LedsControl,209,RWristYawTemp,0.00961,0.1072,96.789
Robotics (Pepper),LSTM Autoencoder,LedsControl,210,RShoulderPitchTemp,0.009467,0.1056,96.895
Robotics (Pepper),LSTM Autoencoder,LedsControl,211,HeadYawTemp,0.009344,0.1042,96.999
Robotics (Pepper),LSTM Autoencoder,LedsControl,212,LaserF14X,0.009328,0.1041,97.103
Robotics (Pepper),LSTM Autoencoder,LedsControl,213,LaserR06X,0.009321,0.104,97.207
Robotics (Pepper),LSTM Autoencoder,LedsControl,214,LaserF09Y.1,0.009315,0.1039,97.311
Robotics (Pepper),LSTM Autoencoder,LedsControl,215,LaserF01Y.1,0.009234,0.103,97.414
Robotics (Pepper),LSTM Autoencoder,LedsControl,216,LaserL12Y,0.00919,0.1025,97.517
Robotics (Pepper),LSTM Autoencoder,LedsControl,217,WheelFRStiff,0.009167,0.1023,97.619
Robotics (Pepper),LSTM Autoencoder,LedsControl,218,LaserF15X,0.009038,0.1008,97.72
Robotics (Pepper),LSTM Autoencoder,LedsControl,219,LaserF07Y,0.009031,0.1007,97.82
Robotics (Pepper),LSTM Autoencoder,LedsControl,220,LaserF01X.1,0.009028,0.1007,97.921
Robotics (Pepper),LSTM Autoencoder,LedsControl,221,LaserF03X.1,0.009026,0.1007,98.022
Robotics (Pepper),LSTM Autoencoder,LedsControl,222,LaserR08Y,0.008936,0.0997,98.122
Robotics (Pepper),LSTM Autoencoder,LedsControl,223,LaserL13Y,0.008707,0.0971,98.219
Robotics (Pepper),LSTM Autoencoder,LedsControl,224,LaserF07X,0.008688,0.0969,98.316
Robotics (Pepper),LSTM Autoencoder,LedsControl,225,LHandTemp,0.008469,0.0945,98.41
Robotics (Pepper),LSTM Autoencoder,LedsControl,226,HipRollTemp,0.00845,0.0943,98.504
Robotics (Pepper),LSTM Autoencoder,LedsControl,227,HeadPicthTemp,0.008401,0.0937,98.598
Robotics (Pepper),LSTM Autoencoder,LedsControl,228,RhandTemp,0.008268,0.0922,98.69
Robotics (Pepper),LSTM Autoencoder,LedsControl,229,LaserR11X,0.008221,0.0917,98.782
Robotics (Pepper),LSTM Autoencoder,LedsControl,230,LaserF02X.1,0.007942,0.0886,98.871
Robotics (Pepper),LSTM Autoencoder,LedsControl,231,LaserL12X,0.007894,0.0881,98.959
Robotics (Pepper),LSTM Autoencoder,LedsControl,232,AnglesZ,0.00785,0.0876,99.046
Robotics (Pepper),LSTM Autoencoder,LedsControl,233,LaserVeL01Y,0.007832,0.0874,99.134
Robotics (Pepper),LSTM Autoencoder,LedsControl,234,HipPicthTemp,0.007812,0.0872,99.221
Robotics (Pepper),LSTM Autoencoder,LedsControl,235,LaserL10Y,0.007773,0.0867,99.308
Robotics (Pepper),LSTM Autoencoder,LedsControl,236,LaserF02Y.1,0.007734,0.0863,99.394
Robotics (Pepper),LSTM Autoencoder,LedsControl,237,LaserR11Y,0.007565,0.0844,99.478
Robotics (Pepper),LSTM Autoencoder,LedsControl,238,LaserL10X,0.007451,0.0831,99.561
Robotics (Pepper),LSTM Autoencoder,LedsControl,239,LaserF15Y,0.007152,0.0798,99.641
Robotics (Pepper),LSTM Autoencoder,LedsControl,240,KneePicthTemp,0.006792,0.0758,99.717
Robotics (Pepper),LSTM Autoencoder,LedsControl,241,RShoulderRollTemp,0.006536,0.0729,99.79
Robotics (Pepper),LSTM Autoencoder,LedsControl,242,LWristYaw,0.006475,0.0722,99.862
Robotics (Pepper),LSTM Autoencoder,LedsControl,243,LaserF14Y,0.006413,0.0715,99.934
Robotics (Pepper),LSTM Autoencoder,LedsControl,244,RElbowRollTemp,0.005951,0.0664,100.0
Robotics (Pepper),LSTM Autoencoder,WheelsControl,1,WheelBSpeed,1.043327,13.5567,13.557
Robotics (Pepper),LSTM Autoencoder,WheelsControl,2,GyroscopeZ,0.980177,12.7362,26.293
Robotics (Pepper),LSTM Autoencoder,WheelsControl,3,WheelFRSpeed,0.919955,11.9536,38.247
Robotics (Pepper),LSTM Autoencoder,WheelsControl,4,WheelFLSpeed,0.911972,11.8499,50.096
Robotics (Pepper),LSTM Autoencoder,WheelsControl,5,WheelFLStiff,0.250575,3.2559,53.352
Robotics (Pepper),LSTM Autoencoder,WheelsControl,6,RElbowYawStiff,0.085086,1.1056,54.458
Robotics (Pepper),LSTM Autoencoder,WheelsControl,7,RShoulderPitchStiff,0.084029,1.0918,55.55
Robotics (Pepper),LSTM Autoencoder,WheelsControl,8,RElbowRollStiff,0.076876,0.9989,56.549
Robotics (Pepper),LSTM Autoencoder,WheelsControl,9,RShoulderRollStiff,0.070916,0.9215,57.47
Robotics (Pepper),LSTM Autoencoder,WheelsControl,10,LShoulderPitchStiff,0.069573,0.904,58.374
Robotics (Pepper),LSTM Autoencoder,WheelsControl,11,AccelerometerX,0.066168,0.8598,59.234
Robotics (Pepper),LSTM Autoencoder,WheelsControl,12,LElbowYawStiff,0.064937,0.8438,60.078
Robotics (Pepper),LSTM Autoencoder,WheelsControl,13,LedEarR3,0.064909,0.8434,60.921
Robotics (Pepper),LSTM Autoencoder,WheelsControl,14,LedEarL3,0.064167,0.8338,61.755
Robotics (Pepper),LSTM Autoencoder,WheelsControl,15,LaserR14X,0.060981,0.7924,62.547
Robotics (Pepper),LSTM Autoencoder,WheelsControl,16,LaserVeR01Y,0.057404,0.7459,63.293
Robotics (Pepper),LSTM Autoencoder,WheelsControl,17,LaserR14Y,0.057219,0.7435,64.037
Robotics (Pepper),LSTM Autoencoder,WheelsControl,18,AccelerometerY,0.055159,0.7167,64.753
Robotics (Pepper),LSTM Autoencoder,WheelsControl,19,LElbowRollStiff,0.053436,0.6943,65.448
Robotics (Pepper),LSTM Autoencoder,WheelsControl,20,LWristYawStiff,0.052101,0.677,66.125
Robotics (Pepper),LSTM Autoencoder,WheelsControl,21,LShoulderRollStiff,0.046662,0.6063,66.731
Robotics (Pepper),LSTM Autoencoder,WheelsControl,22,RWristYawStiff,0.046322,0.6019,67.333
Robotics (Pepper),LSTM Autoencoder,WheelsControl,23,LaserVeL01Y,0.039077,0.5078,67.841
Robotics (Pepper),LSTM Autoencoder,WheelsControl,24,RWristYaw,0.037646,0.4892,68.33
Robotics (Pepper),LSTM Autoencoder,WheelsControl,25,SonarB,0.036035,0.4682,68.798
Robotics (Pepper),LSTM Autoencoder,WheelsControl,26,RShoulderPitch,0.035435,0.4604,69.258
Robotics (Pepper),LSTM Autoencoder,WheelsControl,27,GyroscopeY,0.034167,0.444,69.702
Robotics (Pepper),LSTM Autoencoder,WheelsControl,28,LedEarR8,0.03361,0.4367,70.139
Robotics (Pepper),LSTM Autoencoder,WheelsControl,29,LedEarL10,0.032691,0.4248,70.564
Robotics (Pepper),LSTM Autoencoder,WheelsControl,30,LedEarL4,0.032382,0.4208,70.985
Robotics (Pepper),LSTM Autoencoder,WheelsControl,31,LedEarL9,0.031446,0.4086,71.393
Robotics (Pepper),LSTM Autoencoder,WheelsControl,32,LaserVeR01X,0.031375,0.4077,71.801
Robotics (Pepper),LSTM Autoencoder,WheelsControl,33,LaserF08Y.1,0.030956,0.4022,72.203
Robotics (Pepper),LSTM Autoencoder,WheelsControl,34,LedEarR9,0.030652,0.3983,72.601
Robotics (Pepper),LSTM Autoencoder,WheelsControl,35,LaserF06Y,0.030206,0.3925,72.994
Robotics (Pepper),LSTM Autoencoder,WheelsControl,36,LaserR13Y,0.029715,0.3861,73.38
Robotics (Pepper),LSTM Autoencoder,WheelsControl,37,LedEarR1,0.029674,0.3856,73.766
Robotics (Pepper),LSTM Autoencoder,WheelsControl,38,LedEarL8,0.029659,0.3854,74.151
Robotics (Pepper),LSTM Autoencoder,WheelsControl,39,LedEarR4,0.02933,0.3811,74.532
Robotics (Pepper),LSTM Autoencoder,WheelsControl,40,InfraRedL,0.028849,0.3749,74.907
Robotics (Pepper),LSTM Autoencoder,WheelsControl,41,LedEarR2,0.028752,0.3736,75.281
Robotics (Pepper),LSTM Autoencoder,WheelsControl,42,LedEarL6,0.028585,0.3714,75.652
Robotics (Pepper),LSTM Autoencoder,WheelsControl,43,LedEarL5,0.028287,0.3676,76.02
Robotics (Pepper),LSTM Autoencoder,WheelsControl,44,LaserF08X.1,0.027974,0.3635,76.383
Robotics (Pepper),LSTM Autoencoder,WheelsControl,45,GyroscopeX,0.027359,0.3555,76.739
Robotics (Pepper),LSTM Autoencoder,WheelsControl,46,LedEarR5,0.026966,0.3504,77.089
Robotics (Pepper),LSTM Autoencoder,WheelsControl,47,AccelerometerZ,0.026816,0.3484,77.437
Robotics (Pepper),LSTM Autoencoder,WheelsControl,48,HeadYawStiff,0.026793,0.3481,77.785
Robotics (Pepper),LSTM Autoencoder,WheelsControl,49,LedEarR7,0.026767,0.3478,78.133
Robotics (Pepper),LSTM Autoencoder,WheelsControl,50,LedEarR6,0.026214,0.3406,78.474
Robotics (Pepper),LSTM Autoencoder,WheelsControl,51,LedEarL7,0.026178,0.3401,78.814
Robotics (Pepper),LSTM Autoencoder,WheelsControl,52,LaserF06X,0.025367,0.3296,79.144
Robotics (Pepper),LSTM Autoencoder,WheelsControl,53,LedEarR10,0.025239,0.3279,79.472
Robotics (Pepper),LSTM Autoencoder,WheelsControl,54,LedEarL1,0.024711,0.3211,79.793
Robotics (Pepper),LSTM Autoencoder,WheelsControl,55,HeadYaw,0.02295,0.2982,80.091
Robotics (Pepper),LSTM Autoencoder,WheelsControl,56,AnglesY,0.022617,0.2939,80.385
Robotics (Pepper),LSTM Autoencoder,WheelsControl,57,LaserR13X,0.022422,0.2913,80.676
Robotics (Pepper),LSTM Autoencoder,WheelsControl,58,LaserF03Y,0.022367,0.2906,80.967
Robotics (Pepper),LSTM Autoencoder,WheelsControl,59,LaserF03X,0.022039,0.2864,81.253
Robotics (Pepper),LSTM Autoencoder,WheelsControl,60,LaserVeL01X,0.02196,0.2853,81.538
Robotics (Pepper),LSTM Autoencoder,WheelsControl,61,RShoulderRoll,0.021238,0.276,81.814
Robotics (Pepper),LSTM Autoencoder,WheelsControl,62,LaserF01X.1,0.019984,0.2597,82.074
Robotics (Pepper),LSTM Autoencoder,WheelsControl,63,LaserF06Y.1,0.019966,0.2594,82.334
Robotics (Pepper),LSTM Autoencoder,WheelsControl,64,LShoulderPitch,0.019817,0.2575,82.591
Robotics (Pepper),LSTM Autoencoder,WheelsControl,65,LedEarL2,0.019795,0.2572,82.848
Robotics (Pepper),LSTM Autoencoder,WheelsControl,66,AnglesX,0.019454,0.2528,83.101
Robotics (Pepper),LSTM Autoencoder,WheelsControl,67,RElbowYaw,0.018813,0.2445,83.345
Robotics (Pepper),LSTM Autoencoder,WheelsControl,68,LaserF06X.1,0.018547,0.241,83.586
Robotics (Pepper),LSTM Autoencoder,WheelsControl,69,LaserF05X,0.018291,0.2377,83.824
Robotics (Pepper),LSTM Autoencoder,WheelsControl,70,LaserF01Y.1,0.018261,0.2373,84.061
Robotics (Pepper),LSTM Autoencoder,WheelsControl,71,HeadPicthStiff,0.01742,0.2264,84.288
Robotics (Pepper),LSTM Autoencoder,WheelsControl,72,LaserF02X.1,0.017188,0.2233,84.511
Robotics (Pepper),LSTM Autoencoder,WheelsControl,73,LaserF02Y.1,0.017163,0.223,84.734
Robotics (Pepper),LSTM Autoencoder,WheelsControl,74,LaserF07X.1,0.016882,0.2194,84.953
Robotics (Pepper),LSTM Autoencoder,WheelsControl,75,LaserL14Y,0.015855,0.206,85.159
Robotics (Pepper),LSTM Autoencoder,WheelsControl,76,LaserF10Y,0.01555,0.2021,85.362
Robotics (Pepper),LSTM Autoencoder,WheelsControl,77,LaserF07Y.1,0.015203,0.1975,85.559
Robotics (Pepper),LSTM Autoencoder,WheelsControl,78,LaserL14X,0.015106,0.1963,85.755
Robotics (Pepper),LSTM Autoencoder,WheelsControl,79,LaserR10X,0.014864,0.1931,85.949
Robotics (Pepper),LSTM Autoencoder,WheelsControl,80,LaserF05Y,0.014767,0.1919,86.14
Robotics (Pepper),LSTM Autoencoder,WheelsControl,81,LaserF05X.1,0.014583,0.1895,86.33
Robotics (Pepper),LSTM Autoencoder,WheelsControl,82,LaserF05Y.1,0.014385,0.1869,86.517
Robotics (Pepper),LSTM Autoencoder,WheelsControl,83,KneePicthStiff,0.01436,0.1866,86.703
Robotics (Pepper),LSTM Autoencoder,WheelsControl,84,HipPicthStiff,0.01405,0.1826,86.886
Robotics (Pepper),LSTM Autoencoder,WheelsControl,85,LaserF10X,0.013938,0.1811,87.067
Robotics (Pepper),LSTM Autoencoder,WheelsControl,86,LaserR03X,0.013853,0.18,87.247
Robotics (Pepper),LSTM Autoencoder,WheelsControl,87,LaserR02X,0.013453,0.1748,87.422
Robotics (Pepper),LSTM Autoencoder,WheelsControl,88,AnglesZ,0.013251,0.1722,87.594
Robotics (Pepper),LSTM Autoencoder,WheelsControl,89,HipRollStiff,0.012815,0.1665,87.761
Robotics (Pepper),LSTM Autoencoder,WheelsControl,90,HipRoll,0.012744,0.1656,87.926
Robotics (Pepper),LSTM Autoencoder,WheelsControl,91,LaserF01Y,0.012717,0.1652,88.091
Robotics (Pepper),LSTM Autoencoder,WheelsControl,92,LaserR11X,0.01261,0.1639,88.255
Robotics (Pepper),LSTM Autoencoder,WheelsControl,93,LaserR15X,0.012563,0.1632,88.418
Robotics (Pepper),LSTM Autoencoder,WheelsControl,94,LaserF03X.1,0.012393,0.161,88.58
Robotics (Pepper),LSTM Autoencoder,WheelsControl,95,LaserF03Y.1,0.012368,0.1607,88.74
Robotics (Pepper),LSTM Autoencoder,WheelsControl,96,LaserR10Y,0.012351,0.1605,88.901
Robotics (Pepper),LSTM Autoencoder,WheelsControl,97,LElbowYawTemp,0.012334,0.1603,89.061
Robotics (Pepper),LSTM Autoencoder,WheelsControl,98,LaserF09Y,0.012288,0.1597,89.221
Robotics (Pepper),LSTM Autoencoder,WheelsControl,99,InfraRedR,0.011901,0.1546,89.375
Robotics (Pepper),LSTM Autoencoder,WheelsControl,100,LaserR02Y,0.011872,0.1543,89.53
Robotics (Pepper),LSTM Autoencoder,WheelsControl,101,WheelFLTemp,0.011475,0.1491,89.679
Robotics (Pepper),LSTM Autoencoder,WheelsControl,102,LaserF04Y.1,0.011267,0.1464,89.825
Robotics (Pepper),LSTM Autoencoder,WheelsControl,103,LaserR12Y,0.011199,0.1455,89.971
Robotics (Pepper),LSTM Autoencoder,WheelsControl,104,LaserF09X.1,0.010951,0.1423,90.113
Robotics (Pepper),LSTM Autoencoder,WheelsControl,105,LaserR09X,0.010895,0.1416,90.254
Robotics (Pepper),LSTM Autoencoder,WheelsControl,106,LaserShovel02Y,0.010811,0.1405,90.395
Robotics (Pepper),LSTM Autoencoder,WheelsControl,107,LaserL13Y,0.010763,0.1399,90.535
Robotics (Pepper),LSTM Autoencoder,WheelsControl,108,LaserF11X,0.010752,0.1397,90.674
Robotics (Pepper),LSTM Autoencoder,WheelsControl,109,LaserShovel03X,0.010692,0.1389,90.813
Robotics (Pepper),LSTM Autoencoder,WheelsControl,110,LaserR11Y,0.010673,0.1387,90.952
Robotics (Pepper),LSTM Autoencoder,WheelsControl,111,LaserL12X,0.01061,0.1379,91.09
Robotics (Pepper),LSTM Autoencoder,WheelsControl,112,LaserF09X,0.010593,0.1376,91.228
Robotics (Pepper),LSTM Autoencoder,WheelsControl,113,HeadPicth,0.010274,0.1335,91.361
Robotics (Pepper),LSTM Autoencoder,WheelsControl,114,LaserR03Y,0.010231,0.1329,91.494
Robotics (Pepper),LSTM Autoencoder,WheelsControl,115,LShoulderRollTemp,0.010197,0.1325,91.627
Robotics (Pepper),LSTM Autoencoder,WheelsControl,116,LaserShovel02X,0.01019,0.1324,91.759
Robotics (Pepper),LSTM Autoencoder,WheelsControl,117,LaserF04X.1,0.010125,0.1316,91.89
Robotics (Pepper),LSTM Autoencoder,WheelsControl,118,LaserF12X,0.010046,0.1305,92.021
Robotics (Pepper),LSTM Autoencoder,WheelsControl,119,LaserL13X,0.009929,0.129,92.15
Robotics (Pepper),LSTM Autoencoder,WheelsControl,120,HeadPicthTemp,0.009819,0.1276,92.278
Robotics (Pepper),LSTM Autoencoder,WheelsControl,121,LaserF11Y,0.009781,0.1271,92.405
Robotics (Pepper),LSTM Autoencoder,WheelsControl,122,LaserR09Y,0.009668,0.1256,92.53
Robotics (Pepper),LSTM Autoencoder,WheelsControl,123,LaserShovel01X,0.009372,0.1218,92.652
Robotics (Pepper),LSTM Autoencoder,WheelsControl,124,LaserF13X,0.009167,0.1191,92.771
Robotics (Pepper),LSTM Autoencoder,WheelsControl,125,LaserShovel03Y,0.009167,0.1191,92.89
Robotics (Pepper),LSTM Autoencoder,WheelsControl,126,LaserL12Y,0.009143,0.1188,93.009
Robotics (Pepper),LSTM Autoencoder,WheelsControl,127,LaserF02X,0.009114,0.1184,93.128
Robotics (Pepper),LSTM Autoencoder,WheelsControl,128,LaserR12X,0.00909,0.1181,93.246
Robotics (Pepper),LSTM Autoencoder,WheelsControl,129,LaserF12Y,0.009086,0.1181,93.364
Robotics (Pepper),LSTM Autoencoder,WheelsControl,130,LaserF08Y,0.008973,0.1166,93.48
Robotics (Pepper),LSTM Autoencoder,WheelsControl,131,LaserR15Y,0.008936,0.1161,93.596
Robotics (Pepper),LSTM Autoencoder,WheelsControl,132,LaserL10Y,0.008922,0.1159,93.712
Robotics (Pepper),LSTM Autoencoder,WheelsControl,133,LaserF09Y.1,0.008852,0.115,93.827
Robotics (Pepper),LSTM Autoencoder,WheelsControl,134,RElbowYawTemp,0.00884,0.1149,93.942
Robotics (Pepper),LSTM Autoencoder,WheelsControl,135,LaserR01Y,0.008835,0.1148,94.057
Robotics (Pepper),LSTM Autoencoder,WheelsControl,136,LaserR01X,0.008807,0.1144,94.171
Robotics (Pepper),LSTM Autoencoder,WheelsControl,137,RElbowRoll,0.008709,0.1132,94.285
Robotics (Pepper),LSTM Autoencoder,WheelsControl,138,LaserShovel01Y,0.008658,0.1125,94.397
Robotics (Pepper),LSTM Autoencoder,WheelsControl,139,LShoulderPitchTemp,0.008595,0.1117,94.509
Robotics (Pepper),LSTM Autoencoder,WheelsControl,140,LShoulderRoll,0.008504,0.1105,94.619
Robotics (Pepper),LSTM Autoencoder,WheelsControl,141,LaserF01X,0.008485,0.1103,94.73
Robotics (Pepper),LSTM Autoencoder,WheelsControl,142,LaserR04Y,0.008353,0.1085,94.838
Robotics (Pepper),LSTM Autoencoder,WheelsControl,143,LaserL15Y,0.008343,0.1084,94.947
Robotics (Pepper),LSTM Autoencoder,WheelsControl,144,LaserF02Y,0.008331,0.1083,95.055
Robotics (Pepper),LSTM Autoencoder,WheelsControl,145,LaserR08X,0.008319,0.1081,95.163
Robotics (Pepper),LSTM Autoencoder,WheelsControl,146,LaserR04X,0.008169,0.1061,95.269
Robotics (Pepper),LSTM Autoencoder,WheelsControl,147,LaserL15X,0.008087,0.1051,95.374
Robotics (Pepper),LSTM Autoencoder,WheelsControl,148,LaserF15X,0.007975,0.1036,95.478
Robotics (Pepper),LSTM Autoencoder,WheelsControl,149,LaserF08X,0.00796,0.1034,95.581
Robotics (Pepper),LSTM Autoencoder,WheelsControl,150,LaserL11Y,0.007876,0.1023,95.683
Robotics (Pepper),LSTM Autoencoder,WheelsControl,151,LaserR08Y,0.007736,0.1005,95.784
Robotics (Pepper),LSTM Autoencoder,WheelsControl,152,LElbowRollTemp,0.007594,0.0987,95.883
Robotics (Pepper),LSTM Autoencoder,WheelsControl,153,LaserF07X,0.007426,0.0965,95.979
Robotics (Pepper),LSTM Autoencoder,WheelsControl,154,LaserF04Y,0.007364,0.0957,96.075
Robotics (Pepper),LSTM Autoencoder,WheelsControl,155,LaserF07Y,0.007352,0.0955,96.17
Robotics (Pepper),LSTM Autoencoder,WheelsControl,156,LaserF04X,0.007179,0.0933,96.264
Robotics (Pepper),LSTM Autoencoder,WheelsControl,157,LElbowYaw,0.007128,0.0926,96.356
Robotics (Pepper),LSTM Autoencoder,WheelsControl,158,LHand,0.007118,0.0925,96.449
Robotics (Pepper),LSTM Autoencoder,WheelsControl,159,LaserR06X,0.007059,0.0917,96.54
Robotics (Pepper),LSTM Autoencoder,WheelsControl,160,LWristYawTemp,0.007052,0.0916,96.632
Robotics (Pepper),LSTM Autoencoder,WheelsControl,161,HeadYawTemp,0.007037,0.0914,96.724
Robotics (Pepper),LSTM Autoencoder,WheelsControl,162,WheelFRTemp,0.006982,0.0907,96.814
Robotics (Pepper),LSTM Autoencoder,WheelsControl,163,LElbowRoll,0.00691,0.0898,96.904
Robotics (Pepper),LSTM Autoencoder,WheelsControl,164,LaserR06Y,0.006896,0.0896,96.994
Robotics (Pepper),LSTM Autoencoder,WheelsControl,165,LaserR07Y,0.006888,0.0895,97.083
Robotics (Pepper),LSTM Autoencoder,WheelsControl,166,Rhand,0.006855,0.0891,97.172
Robotics (Pepper),LSTM Autoencoder,WheelsControl,167,LaserR05X,0.00681,0.0885,97.261
Robotics (Pepper),LSTM Autoencoder,WheelsControl,168,LaserL11X,0.00667,0.0867,97.347
Robotics (Pepper),LSTM Autoencoder,WheelsControl,169,LaserF14Y,0.006641,0.0863,97.434
Robotics (Pepper),LSTM Autoencoder,WheelsControl,170,SonarF,0.006631,0.0862,97.52
Robotics (Pepper),LSTM Autoencoder,WheelsControl,171,WheelBTemp,0.006517,0.0847,97.605
Robotics (Pepper),LSTM Autoencoder,WheelsControl,172,LaserF13Y,0.006338,0.0824,97.687
Robotics (Pepper),LSTM Autoencoder,WheelsControl,173,LaserL10X,0.006323,0.0822,97.769
Robotics (Pepper),LSTM Autoencoder,WheelsControl,174,LaserR07X,0.006165,0.0801,97.849
Robotics (Pepper),LSTM Autoencoder,WheelsControl,175,LaserR05Y,0.006134,0.0797,97.929
Robotics (Pepper),LSTM Autoencoder,WheelsControl,176,WheelBStiff,0.005979,0.0777,98.007
Robotics (Pepper),LSTM Autoencoder,WheelsControl,177,TabletTouchY,0.005939,0.0772,98.084
Robotics (Pepper),LSTM Autoencoder,WheelsControl,178,LHandTemp,0.005801,0.0754,98.159
Robotics (Pepper),LSTM Autoencoder,WheelsControl,179,RShoulderRollTemp,0.005774,0.075,98.234
Robotics (Pepper),LSTM Autoencoder,WheelsControl,180,WheelFRStiff,0.005636,0.0732,98.307
Robotics (Pepper),LSTM Autoencoder,WheelsControl,181,RhandTemp,0.005588,0.0726,98.38
Robotics (Pepper),LSTM Autoencoder,WheelsControl,182,LWristYaw,0.00557,0.0724,98.452
Robotics (Pepper),LSTM Autoencoder,WheelsControl,183,RWristYawTemp,0.005566,0.0723,98.525
Robotics (Pepper),LSTM Autoencoder,WheelsControl,184,HipPicthTemp,0.005429,0.0705,98.595
Robotics (Pepper),LSTM Autoencoder,WheelsControl,185,LaserF15Y,0.005419,0.0704,98.666
Robotics (Pepper),LSTM Autoencoder,WheelsControl,186,RShoulderPitchTemp,0.005233,0.068,98.734
Robotics (Pepper),LSTM Autoencoder,WheelsControl,187,KneePicthTemp,0.005195,0.0675,98.801
Robotics (Pepper),LSTM Autoencoder,WheelsControl,188,TabletTouchX,0.005164,0.0671,98.868
Robotics (Pepper),LSTM Autoencoder,WheelsControl,189,LaserF14X,0.00488,0.0634,98.932
Robotics (Pepper),LSTM Autoencoder,WheelsControl,190,RhandStiff,0.00468,0.0608,98.992
Robotics (Pepper),LSTM Autoencoder,WheelsControl,191,RElbowRollTemp,0.004404,0.0572,99.05
Robotics (Pepper),LSTM Autoencoder,WheelsControl,192,LHandStiff,0.004201,0.0546,99.104
Robotics (Pepper),LSTM Autoencoder,WheelsControl,193,HipRollTemp,0.003963,0.0515,99.156
Robotics (Pepper),LSTM Autoencoder,WheelsControl,194,KneePicth,0.002897,0.0376,99.193
Robotics (Pepper),LSTM Autoencoder,WheelsControl,195,HipPicth,0.002134,0.0277,99.221
Robotics (Pepper),LSTM Autoencoder,WheelsControl,196,LedFaceGL8,0.00171,0.0222,99.243
Robotics (Pepper),LSTM Autoencoder,WheelsControl,197,LedFaceRL1,0.00162,0.021,99.264
Robotics (Pepper),LSTM Autoencoder,WheelsControl,198,LedFaceRL6,0.001525,0.0198,99.284
Robotics (Pepper),LSTM Autoencoder,WheelsControl,199,LedFaceGR4,0.001512,0.0196,99.304
Robotics (Pepper),LSTM Autoencoder,WheelsControl,200,LedFaceGL6,0.001511,0.0196,99.323
Robotics (Pepper),LSTM Autoencoder,WheelsControl,201,LedFaceGL7,0.00151,0.0196,99.343
Robotics (Pepper),LSTM Autoencoder,WheelsControl,202,LedFaceRR8,0.001487,0.0193,99.362
Robotics (Pepper),LSTM Autoencoder,WheelsControl,203,LedFaceGR2,0.00148,0.0192,99.382
Robotics (Pepper),LSTM Autoencoder,WheelsControl,204,LedFaceBL5,0.001479,0.0192,99.401
Robotics (Pepper),LSTM Autoencoder,WheelsControl,205,LedFaceRL2,0.001466,0.019,99.42
Robotics (Pepper),LSTM Autoencoder,WheelsControl,206,LedFaceGR7,0.001423,0.0185,99.438
Robotics (Pepper),LSTM Autoencoder,WheelsControl,207,LedFaceRL7,0.001405,0.0183,99.457
Robotics (Pepper),LSTM Autoencoder,WheelsControl,208,LedFaceRL8,0.001396,0.0181,99.475
Robotics (Pepper),LSTM Autoencoder,WheelsControl,209,LedFaceRL3,0.001386,0.018,99.493
Robotics (Pepper),LSTM Autoencoder,WheelsControl,210,LedFaceRL4,0.001325,0.0172,99.51
Robotics (Pepper),LSTM Autoencoder,WheelsControl,211,LedFaceGL1,0.001314,0.0171,99.527
Robotics (Pepper),LSTM Autoencoder,WheelsControl,212,LedFaceBL8,0.001306,0.017,99.544
Robotics (Pepper),LSTM Autoencoder,WheelsControl,213,LedFaceRR4,0.001298,0.0169,99.561
Robotics (Pepper),LSTM Autoencoder,WheelsControl,214,LedFaceGL4,0.001292,0.0168,99.578
Robotics (Pepper),LSTM Autoencoder,WheelsControl,215,LedFaceBL7,0.00129,0.0168,99.594
Robotics (Pepper),LSTM Autoencoder,WheelsControl,216,LedFaceRR1,0.001289,0.0167,99.611
Robotics (Pepper),LSTM Autoencoder,WheelsControl,217,LedFaceGR1,0.001273,0.0165,99.628
Robotics (Pepper),LSTM Autoencoder,WheelsControl,218,LedFaceBR1,0.001269,0.0165,99.644
Robotics (Pepper),LSTM Autoencoder,WheelsControl,219,LedFaceBR4,0.001266,0.0165,99.661
Robotics (Pepper),LSTM Autoencoder,WheelsControl,220,LedFaceBR3,0.001257,0.0163,99.677
Robotics (Pepper),LSTM Autoencoder,WheelsControl,221,LedShoulderB,0.001254,0.0163,99.693
Robotics (Pepper),LSTM Autoencoder,WheelsControl,222,LedFaceRR2,0.001251,0.0163,99.71
Robotics (Pepper),LSTM Autoencoder,WheelsControl,223,LedFaceBL6,0.001244,0.0162,99.726
Robotics (Pepper),LSTM Autoencoder,WheelsControl,224,LedFaceRR7,0.001235,0.016,99.742
Robotics (Pepper),LSTM Autoencoder,WheelsControl,225,LedFaceGR6,0.001173,0.0152,99.757
Robotics (Pepper),LSTM Autoencoder,WheelsControl,226,LedFaceGR5,0.001168,0.0152,99.772
Robotics (Pepper),LSTM Autoencoder,WheelsControl,227,LedFaceRR3,0.001153,0.015,99.787
Robotics (Pepper),LSTM Autoencoder,WheelsControl,228,LedFaceRR6,0.001138,0.0148,99.802
Robotics (Pepper),LSTM Autoencoder,WheelsControl,229,LedFaceBR2,0.001133,0.0147,99.817
Robotics (Pepper),LSTM Autoencoder,WheelsControl,230,LedFaceRR5,0.001128,0.0147,99.831
Robotics (Pepper),LSTM Autoencoder,WheelsControl,231,LedFaceGL3,0.001117,0.0145,99.846
Robotics (Pepper),LSTM Autoencoder,WheelsControl,232,LedFaceGR3,0.001098,0.0143,99.86
Robotics (Pepper),LSTM Autoencoder,WheelsControl,233,LedFaceGR8,0.001093,0.0142,99.874
Robotics (Pepper),LSTM Autoencoder,WheelsControl,234,LedFaceRL5,0.001012,0.0131,99.888
Robotics (Pepper),LSTM Autoencoder,WheelsControl,235,LedFaceGL2,0.001011,0.0131,99.901
Robotics (Pepper),LSTM Autoencoder,WheelsControl,236,LedFaceGL5,0.000982,0.0128,99.913
Robotics (Pepper),LSTM Autoencoder,WheelsControl,237,LedFaceBL3,0.000943,0.0123,99.926
Robotics (Pepper),LSTM Autoencoder,WheelsControl,238,LedFaceBL4,0.000922,0.012,99.938
Robotics (Pepper),LSTM Autoencoder,WheelsControl,239,LedFaceBR5,0.00089,0.0116,99.949
Robotics (Pepper),LSTM Autoencoder,WheelsControl,240,LedFaceBL1,0.000868,0.0113,99.96
Robotics (Pepper),LSTM Autoencoder,WheelsControl,241,LedFaceBR8,0.000823,0.0107,99.971
Robotics (Pepper),LSTM Autoencoder,WheelsControl,242,LedFaceBR7,0.000797,0.0104,99.982
Robotics (Pepper),LSTM Autoencoder,WheelsControl,243,LedFaceBL2,0.000731,0.0095,99.991
Robotics (Pepper),LSTM Autoencoder,WheelsControl,244,LedFaceBR6,0.00069,0.009,100.0
Robotics (Pepper),TCN Autoencoder,JointControl,1,RShoulderPitch,0.292214,16.7185,16.719
Robotics (Pepper),TCN Autoencoder,JointControl,2,LShoulderPitch,0.070838,4.0529,20.771
Robotics (Pepper),TCN Autoencoder,JointControl,3,RShoulderRoll,0.052956,3.0298,23.801
Robotics (Pepper),TCN Autoencoder,JointControl,4,HipRoll,0.040215,2.3008,26.102
Robotics (Pepper),TCN Autoencoder,JointControl,5,LaserF03Y,0.040197,2.2998,28.402
Robotics (Pepper),TCN Autoencoder,JointControl,6,LaserF03X,0.03928,2.2473,30.649
Robotics (Pepper),TCN Autoencoder,JointControl,7,LaserVeR01X,0.039094,2.2367,32.886
Robotics (Pepper),TCN Autoencoder,JointControl,8,SonarB,0.037366,2.1378,35.024
Robotics (Pepper),TCN Autoencoder,JointControl,9,RWristYaw,0.031326,1.7923,36.816
Robotics (Pepper),TCN Autoencoder,JointControl,10,AccelerometerX,0.02551,1.4595,38.275
Robotics (Pepper),TCN Autoencoder,JointControl,11,LHandStiff,0.02368,1.3548,39.63
Robotics (Pepper),TCN Autoencoder,JointControl,12,LShoulderRoll,0.021134,1.2091,40.839
Robotics (Pepper),TCN Autoencoder,JointControl,13,LShoulderPitchStiff,0.018329,1.0487,41.888
Robotics (Pepper),TCN Autoencoder,JointControl,14,RShoulderRollStiff,0.017936,1.0262,42.914
Robotics (Pepper),TCN Autoencoder,JointControl,15,RElbowYawStiff,0.017893,1.0237,43.938
Robotics (Pepper),TCN Autoencoder,JointControl,16,RShoulderPitchStiff,0.017829,1.0201,44.958
Robotics (Pepper),TCN Autoencoder,JointControl,17,LElbowYawStiff,0.017534,1.0032,45.961
Robotics (Pepper),TCN Autoencoder,JointControl,18,RElbowRoll,0.017238,0.9862,46.947
Robotics (Pepper),TCN Autoencoder,JointControl,19,LaserF05Y,0.016062,0.919,47.866
Robotics (Pepper),TCN Autoencoder,JointControl,20,LaserF05X,0.015984,0.9145,48.781
Robotics (Pepper),TCN Autoencoder,JointControl,21,LedEarL3,0.015868,0.9079,49.689
Robotics (Pepper),TCN Autoencoder,JointControl,22,LaserF07X,0.015674,0.8968,50.586
Robotics (Pepper),TCN Autoencoder,JointControl,23,RElbowRollStiff,0.015663,0.8961,51.482
Robotics (Pepper),TCN Autoencoder,JointControl,24,LWristYawStiff,0.015351,0.8783,52.36
Robotics (Pepper),TCN Autoencoder,JointControl,25,LaserF07Y,0.014779,0.8456,53.206
Robotics (Pepper),TCN Autoencoder,JointControl,26,LShoulderRollStiff,0.014596,0.8351,54.041
Robotics (Pepper),TCN Autoencoder,JointControl,27,LedEarR3,0.014056,0.8042,54.845
Robotics (Pepper),TCN Autoencoder,JointControl,28,AccelerometerY,0.013769,0.7878,55.633
Robotics (Pepper),TCN Autoencoder,JointControl,29,LaserVeR01Y,0.013077,0.7482,56.381
Robotics (Pepper),TCN Autoencoder,JointControl,30,LElbowRollStiff,0.01296,0.7415,57.122
Robotics (Pepper),TCN Autoencoder,JointControl,31,InfraRedL,0.012954,0.7411,57.863
Robotics (Pepper),TCN Autoencoder,JointControl,32,Rhand,0.011782,0.6741,58.537
Robotics (Pepper),TCN Autoencoder,JointControl,33,LaserF11X,0.011712,0.6701,59.208
Robotics (Pepper),TCN Autoencoder,JointControl,34,RElbowYaw,0.011707,0.6698,59.877
Robotics (Pepper),TCN Autoencoder,JointControl,35,LaserF11Y,0.011684,0.6685,60.546
Robotics (Pepper),TCN Autoencoder,JointControl,36,LedEarR8,0.010756,0.6154,61.161
Robotics (Pepper),TCN Autoencoder,JointControl,37,LaserF06X,0.01046,0.5985,61.76
Robotics (Pepper),TCN Autoencoder,JointControl,38,HeadYaw,0.010318,0.5903,62.35
Robotics (Pepper),TCN Autoencoder,JointControl,39,LedEarL8,0.010274,0.5878,62.938
Robotics (Pepper),TCN Autoencoder,JointControl,40,LaserF14Y,0.009736,0.557,63.495
Robotics (Pepper),TCN Autoencoder,JointControl,41,LaserF06Y,0.00932,0.5332,64.028
Robotics (Pepper),TCN Autoencoder,JointControl,42,LaserF14X,0.009147,0.5233,64.551
Robotics (Pepper),TCN Autoencoder,JointControl,43,LedEarR4,0.009088,0.52,65.071
Robotics (Pepper),TCN Autoencoder,JointControl,44,LedEarL4,0.008862,0.507,65.578
Robotics (Pepper),TCN Autoencoder,JointControl,45,HipRollStiff,0.008695,0.4975,66.076
Robotics (Pepper),TCN Autoencoder,JointControl,46,LedEarR9,0.008627,0.4936,66.569
Robotics (Pepper),TCN Autoencoder,JointControl,47,LedEarR10,0.008401,0.4806,67.05
Robotics (Pepper),TCN Autoencoder,JointControl,48,RWristYawStiff,0.008235,0.4712,67.521
Robotics (Pepper),TCN Autoencoder,JointControl,49,LedEarR1,0.008116,0.4643,67.986
Robotics (Pepper),TCN Autoencoder,JointControl,50,LaserF08X,0.007978,0.4564,68.442
Robotics (Pepper),TCN Autoencoder,JointControl,51,RhandStiff,0.007936,0.454,68.896
Robotics (Pepper),TCN Autoencoder,JointControl,52,LHand,0.007915,0.4528,69.349
Robotics (Pepper),TCN Autoencoder,JointControl,53,AnglesX,0.007856,0.4495,69.798
Robotics (Pepper),TCN Autoencoder,JointControl,54,GyroscopeY,0.007854,0.4494,70.248
Robotics (Pepper),TCN Autoencoder,JointControl,55,LElbowRoll,0.007671,0.4389,70.687
Robotics (Pepper),TCN Autoencoder,JointControl,56,LedEarL5,0.007638,0.437,71.124
Robotics (Pepper),TCN Autoencoder,JointControl,57,LaserL15X,0.007605,0.4351,71.559
Robotics (Pepper),TCN Autoencoder,JointControl,58,LaserL15Y,0.007541,0.4314,71.99
Robotics (Pepper),TCN Autoencoder,JointControl,59,LedEarL1,0.007393,0.423,72.413
Robotics (Pepper),TCN Autoencoder,JointControl,60,LedEarL2,0.007247,0.4146,72.828
Robotics (Pepper),TCN Autoencoder,JointControl,61,HipPicthStiff,0.007215,0.4128,73.241
Robotics (Pepper),TCN Autoencoder,JointControl,62,LaserF08Y,0.007081,0.4051,73.646
Robotics (Pepper),TCN Autoencoder,JointControl,63,LedEarL9,0.007074,0.4047,74.05
Robotics (Pepper),TCN Autoencoder,JointControl,64,LedEarR2,0.006949,0.3976,74.448
Robotics (Pepper),TCN Autoencoder,JointControl,65,AccelerometerZ,0.006846,0.3917,74.84
Robotics (Pepper),TCN Autoencoder,JointControl,66,LedEarR6,0.006572,0.376,75.216
Robotics (Pepper),TCN Autoencoder,JointControl,67,LedEarR5,0.006463,0.3698,75.585
Robotics (Pepper),TCN Autoencoder,JointControl,68,LaserF15Y,0.006451,0.3691,75.955
Robotics (Pepper),TCN Autoencoder,JointControl,69,LedEarR7,0.006233,0.3566,76.311
Robotics (Pepper),TCN Autoencoder,JointControl,70,LaserR01X,0.006208,0.3552,76.666
Robotics (Pepper),TCN Autoencoder,JointControl,71,LedEarL6,0.006202,0.3548,77.021
Robotics (Pepper),TCN Autoencoder,JointControl,72,KneePicthStiff,0.006172,0.3531,77.374
Robotics (Pepper),TCN Autoencoder,JointControl,73,LaserF15X,0.00617,0.353,77.727
Robotics (Pepper),TCN Autoencoder,JointControl,74,LaserF04Y,0.006126,0.3505,78.078
Robotics (Pepper),TCN Autoencoder,JointControl,75,LaserR01Y,0.006098,0.3489,78.427
Robotics (Pepper),TCN Autoencoder,JointControl,76,LedEarL10,0.006034,0.3452,78.772
Robotics (Pepper),TCN Autoencoder,JointControl,77,LElbowYaw,0.00587,0.3358,79.108
Robotics (Pepper),TCN Autoencoder,JointControl,78,LaserF04X,0.005868,0.3357,79.443
Robotics (Pepper),TCN Autoencoder,JointControl,79,LElbowRollTemp,0.005855,0.335,79.778
Robotics (Pepper),TCN Autoencoder,JointControl,80,LedEarL7,0.005741,0.3285,80.107
Robotics (Pepper),TCN Autoencoder,JointControl,81,HeadPicthStiff,0.005651,0.3233,80.43
Robotics (Pepper),TCN Autoencoder,JointControl,82,LaserF02X,0.005525,0.3161,80.746
Robotics (Pepper),TCN Autoencoder,JointControl,83,AnglesZ,0.00537,0.3072,81.054
Robotics (Pepper),TCN Autoencoder,JointControl,84,LaserF01Y,0.005312,0.3039,81.357
Robotics (Pepper),TCN Autoencoder,JointControl,85,LaserF10Y,0.005112,0.2925,81.65
Robotics (Pepper),TCN Autoencoder,JointControl,86,LaserF01X,0.005099,0.2917,81.942
Robotics (Pepper),TCN Autoencoder,JointControl,87,LaserF10X,0.005047,0.2888,82.23
Robotics (Pepper),TCN Autoencoder,JointControl,88,HeadPicthTemp,0.004897,0.2802,82.511
Robotics (Pepper),TCN Autoencoder,JointControl,89,LaserF02Y,0.00479,0.2741,82.785
Robotics (Pepper),TCN Autoencoder,JointControl,90,LElbowYawTemp,0.004637,0.2653,83.05
Robotics (Pepper),TCN Autoencoder,JointControl,91,InfraRedR,0.004617,0.2642,83.314
Robotics (Pepper),TCN Autoencoder,JointControl,92,AnglesY,0.004584,0.2623,83.576
Robotics (Pepper),TCN Autoencoder,JointControl,93,HeadYawStiff,0.004505,0.2577,83.834
Robotics (Pepper),TCN Autoencoder,JointControl,94,HeadPicth,0.004419,0.2528,84.087
Robotics (Pepper),TCN Autoencoder,JointControl,95,LaserF09X.1,0.004415,0.2526,84.34
Robotics (Pepper),TCN Autoencoder,JointControl,96,LaserL11Y,0.004355,0.2492,84.589
Robotics (Pepper),TCN Autoencoder,JointControl,97,LaserR15Y,0.00415,0.2374,84.826
Robotics (Pepper),TCN Autoencoder,JointControl,98,GyroscopeX,0.003983,0.2279,85.054
Robotics (Pepper),TCN Autoencoder,JointControl,99,LaserL10X,0.003934,0.2251,85.279
Robotics (Pepper),TCN Autoencoder,JointControl,100,LaserL10Y,0.003924,0.2245,85.504
Robotics (Pepper),TCN Autoencoder,JointControl,101,LaserF06X.1,0.003872,0.2215,85.725
Robotics (Pepper),TCN Autoencoder,JointControl,102,LaserR15X,0.00382,0.2186,85.944
Robotics (Pepper),TCN Autoencoder,JointControl,103,LaserL11X,0.003741,0.214,86.158
Robotics (Pepper),TCN Autoencoder,JointControl,104,LShoulderPitchTemp,0.003738,0.2139,86.372
Robotics (Pepper),TCN Autoencoder,JointControl,105,LaserF08X.1,0.003711,0.2123,86.584
Robotics (Pepper),TCN Autoencoder,JointControl,106,LaserF09Y.1,0.003596,0.2057,86.79
Robotics (Pepper),TCN Autoencoder,JointControl,107,LaserR02X,0.003561,0.2037,86.993
Robotics (Pepper),TCN Autoencoder,JointControl,108,LaserVeL01Y,0.003342,0.1912,87.185
Robotics (Pepper),TCN Autoencoder,JointControl,109,LaserL14X,0.003324,0.1902,87.375
Robotics (Pepper),TCN Autoencoder,JointControl,110,LaserL12X,0.003323,0.1901,87.565
Robotics (Pepper),TCN Autoencoder,JointControl,111,LaserVeL01X,0.003298,0.1887,87.754
Robotics (Pepper),TCN Autoencoder,JointControl,112,LaserShovel01Y,0.003285,0.1879,87.941
Robotics (Pepper),TCN Autoencoder,JointControl,113,LaserShovel01X,0.003273,0.1873,88.129
Robotics (Pepper),TCN Autoencoder,JointControl,114,LaserL13X,0.00323,0.1848,88.314
Robotics (Pepper),TCN Autoencoder,JointControl,115,LaserF13Y,0.003097,0.1772,88.491
Robotics (Pepper),TCN Autoencoder,JointControl,116,LaserF07X.1,0.003083,0.1764,88.667
Robotics (Pepper),TCN Autoencoder,JointControl,117,LaserL13Y,0.003057,0.1749,88.842
Robotics (Pepper),TCN Autoencoder,JointControl,118,LaserF06Y.1,0.003042,0.174,89.016
Robotics (Pepper),TCN Autoencoder,JointControl,119,WheelFLTemp,0.003026,0.1731,89.189
Robotics (Pepper),TCN Autoencoder,JointControl,120,LShoulderRollTemp,0.002975,0.1702,89.359
Robotics (Pepper),TCN Autoencoder,JointControl,121,LaserL12Y,0.002965,0.1696,89.529
Robotics (Pepper),TCN Autoencoder,JointControl,122,LaserF05Y.1,0.002922,0.1672,89.696
Robotics (Pepper),TCN Autoencoder,JointControl,123,LaserF01X.1,0.002918,0.1669,89.863
Robotics (Pepper),TCN Autoencoder,JointControl,124,WheelBTemp,0.002916,0.1668,90.03
Robotics (Pepper),TCN Autoencoder,JointControl,125,LaserF13X,0.002889,0.1653,90.195
Robotics (Pepper),TCN Autoencoder,JointControl,126,LaserF05X.1,0.002877,0.1646,90.36
Robotics (Pepper),TCN Autoencoder,JointControl,127,SonarF,0.002868,0.1641,90.524
Robotics (Pepper),TCN Autoencoder,JointControl,128,LaserR06Y,0.002852,0.1632,90.687
Robotics (Pepper),TCN Autoencoder,JointControl,129,LaserF04X.1,0.002846,0.1628,90.85
Robotics (Pepper),TCN Autoencoder,JointControl,130,LaserShovel02X,0.002843,0.1627,91.013
Robotics (Pepper),TCN Autoencoder,JointControl,131,LaserShovel02Y,0.002824,0.1616,91.174
Robotics (Pepper),TCN Autoencoder,JointControl,132,RElbowYawTemp,0.002824,0.1616,91.336
Robotics (Pepper),TCN Autoencoder,JointControl,133,WheelFRTemp,0.002802,0.1603,91.496
Robotics (Pepper),TCN Autoencoder,JointControl,134,LaserF01Y.1,0.002755,0.1576,91.654
Robotics (Pepper),TCN Autoencoder,JointControl,135,LaserL14Y,0.002734,0.1564,91.81
Robotics (Pepper),TCN Autoencoder,JointControl,136,LaserF08Y.1,0.002728,0.1561,91.966
Robotics (Pepper),TCN Autoencoder,JointControl,137,LaserShovel03X,0.002708,0.1549,92.121
Robotics (Pepper),TCN Autoencoder,JointControl,138,LaserR04X,0.002668,0.1526,92.274
Robotics (Pepper),TCN Autoencoder,JointControl,139,LaserF07Y.1,0.002638,0.1509,92.425
Robotics (Pepper),TCN Autoencoder,JointControl,140,LaserShovel03Y,0.002633,0.1506,92.575
Robotics (Pepper),TCN Autoencoder,JointControl,141,LaserR07Y,0.002599,0.1487,92.724
Robotics (Pepper),TCN Autoencoder,JointControl,142,LaserF12Y,0.002571,0.1471,92.871
Robotics (Pepper),TCN Autoencoder,JointControl,143,LaserF04Y.1,0.002542,0.1454,93.017
Robotics (Pepper),TCN Autoencoder,JointControl,144,LaserF09X,0.002534,0.145,93.162
Robotics (Pepper),TCN Autoencoder,JointControl,145,LaserR02Y,0.002515,0.1439,93.305
Robotics (Pepper),TCN Autoencoder,JointControl,146,LaserR05X,0.002433,0.1392,93.445
Robotics (Pepper),TCN Autoencoder,JointControl,147,LaserR04Y,0.002428,0.1389,93.584
Robotics (Pepper),TCN Autoencoder,JointControl,148,HeadYawTemp,0.00242,0.1385,93.722
Robotics (Pepper),TCN Autoencoder,JointControl,149,KneePicthTemp,0.002413,0.1381,93.86
Robotics (Pepper),TCN Autoencoder,JointControl,150,LaserF02Y.1,0.002407,0.1377,93.998
Robotics (Pepper),TCN Autoencoder,JointControl,151,LaserF09Y,0.002404,0.1375,94.135
Robotics (Pepper),TCN Autoencoder,JointControl,152,LaserF03Y.1,0.0024,0.1373,94.273
Robotics (Pepper),TCN Autoencoder,JointControl,153,LaserR09Y,0.002379,0.1361,94.409
Robotics (Pepper),TCN Autoencoder,JointControl,154,LaserF03X.1,0.002359,0.135,94.544
Robotics (Pepper),TCN Autoencoder,JointControl,155,LaserF12X,0.002356,0.1348,94.679
Robotics (Pepper),TCN Autoencoder,JointControl,156,LaserR03Y,0.002347,0.1343,94.813
Robotics (Pepper),TCN Autoencoder,JointControl,157,LaserR10X,0.002347,0.1343,94.947
Robotics (Pepper),TCN Autoencoder,JointControl,158,LaserR03X,0.002332,0.1334,95.081
Robotics (Pepper),TCN Autoencoder,JointControl,159,LaserR10Y,0.002314,0.1324,95.213
Robotics (Pepper),TCN Autoencoder,JointControl,160,LaserR05Y,0.002306,0.1319,95.345
Robotics (Pepper),TCN Autoencoder,JointControl,161,KneePicth,0.00224,0.1282,95.473
Robotics (Pepper),TCN Autoencoder,JointControl,162,LaserR07X,0.002177,0.1246,95.598
Robotics (Pepper),TCN Autoencoder,JointControl,163,HipPicthTemp,0.002154,0.1232,95.721
Robotics (Pepper),TCN Autoencoder,JointControl,164,LaserF02X.1,0.002133,0.122,95.843
Robotics (Pepper),TCN Autoencoder,JointControl,165,LaserR14Y,0.002103,0.1203,95.963
Robotics (Pepper),TCN Autoencoder,JointControl,166,LaserR08Y,0.002092,0.1197,96.083
Robotics (Pepper),TCN Autoencoder,JointControl,167,RShoulderPitchTemp,0.002092,0.1197,96.203
Robotics (Pepper),TCN Autoencoder,JointControl,168,LaserR08X,0.002022,0.1157,96.318
Robotics (Pepper),TCN Autoencoder,JointControl,169,LaserR06X,0.00202,0.1156,96.434
Robotics (Pepper),TCN Autoencoder,JointControl,170,LaserR09X,0.001978,0.1132,96.547
Robotics (Pepper),TCN Autoencoder,JointControl,171,WheelBStiff,0.001965,0.1124,96.659
Robotics (Pepper),TCN Autoencoder,JointControl,172,TabletTouchX,0.001863,0.1066,96.766
Robotics (Pepper),TCN Autoencoder,JointControl,173,TabletTouchY,0.001797,0.1028,96.869
Robotics (Pepper),TCN Autoencoder,JointControl,174,WheelFRStiff,0.001795,0.1027,96.971
Robotics (Pepper),TCN Autoencoder,JointControl,175,LWristYaw,0.001785,0.1021,97.074
Robotics (Pepper),TCN Autoencoder,JointControl,176,LaserR12X,0.001729,0.0989,97.173
Robotics (Pepper),TCN Autoencoder,JointControl,177,LaserR13Y,0.001647,0.0942,97.267
Robotics (Pepper),TCN Autoencoder,JointControl,178,LaserR14X,0.001647,0.0942,97.361
Robotics (Pepper),TCN Autoencoder,JointControl,179,LaserR11Y,0.001607,0.0919,97.453
Robotics (Pepper),TCN Autoencoder,JointControl,180,LaserR13X,0.001541,0.0882,97.541
Robotics (Pepper),TCN Autoencoder,JointControl,181,LaserR11X,0.0015,0.0858,97.627
Robotics (Pepper),TCN Autoencoder,JointControl,182,LaserR12Y,0.00148,0.0847,97.712
Robotics (Pepper),TCN Autoencoder,JointControl,183,LWristYawTemp,0.001298,0.0743,97.786
Robotics (Pepper),TCN Autoencoder,JointControl,184,RWristYawTemp,0.001293,0.074,97.86
Robotics (Pepper),TCN Autoencoder,JointControl,185,GyroscopeZ,0.001264,0.0723,97.932
Robotics (Pepper),TCN Autoencoder,JointControl,186,RShoulderRollTemp,0.001257,0.0719,98.004
Robotics (Pepper),TCN Autoencoder,JointControl,187,RElbowRollTemp,0.001238,0.0708,98.075
Robotics (Pepper),TCN Autoencoder,JointControl,188,HipPicth,0.00122,0.0698,98.145
Robotics (Pepper),TCN Autoencoder,JointControl,189,RhandTemp,0.001189,0.068,98.213
Robotics (Pepper),TCN Autoencoder,JointControl,190,WheelFLSpeed,0.001121,0.0641,98.277
Robotics (Pepper),TCN Autoencoder,JointControl,191,WheelFLStiff,0.001107,0.0633,98.34
Robotics (Pepper),TCN Autoencoder,JointControl,192,LHandTemp,0.001058,0.0605,98.401
Robotics (Pepper),TCN Autoencoder,JointControl,193,HipRollTemp,0.001034,0.0592,98.46
Robotics (Pepper),TCN Autoencoder,JointControl,194,WheelFRSpeed,0.001029,0.0589,98.519
Robotics (Pepper),TCN Autoencoder,JointControl,195,WheelBSpeed,0.000971,0.0556,98.574
Robotics (Pepper),TCN Autoencoder,JointControl,196,LedFaceBL7,0.00077,0.0441,98.618
Robotics (Pepper),TCN Autoencoder,JointControl,197,LedFaceBR2,0.000742,0.0425,98.661
Robotics (Pepper),TCN Autoencoder,JointControl,198,LedFaceBR3,0.000659,0.0377,98.699
Robotics (Pepper),TCN Autoencoder,JointControl,199,LedFaceGR4,0.000614,0.0351,98.734
Robotics (Pepper),TCN Autoencoder,JointControl,200,LedFaceBL8,0.000614,0.0351,98.769
Robotics (Pepper),TCN Autoencoder,JointControl,201,LedFaceRR5,0.000613,0.0351,98.804
Robotics (Pepper),TCN Autoencoder,JointControl,202,LedFaceGL1,0.000605,0.0346,98.838
Robotics (Pepper),TCN Autoencoder,JointControl,203,LedFaceBL5,0.000595,0.034,98.872
Robotics (Pepper),TCN Autoencoder,JointControl,204,LedFaceRR7,0.00059,0.0338,98.906
Robotics (Pepper),TCN Autoencoder,JointControl,205,LedFaceGL2,0.00059,0.0338,98.94
Robotics (Pepper),TCN Autoencoder,JointControl,206,LedFaceRL8,0.000574,0.0328,98.973
Robotics (Pepper),TCN Autoencoder,JointControl,207,LedFaceBR1,0.000572,0.0327,99.006
Robotics (Pepper),TCN Autoencoder,JointControl,208,LedFaceRL6,0.000565,0.0323,99.038
Robotics (Pepper),TCN Autoencoder,JointControl,209,LedFaceBR4,0.000565,0.0323,99.07
Robotics (Pepper),TCN Autoencoder,JointControl,210,LedFaceRL7,0.000563,0.0322,99.102
Robotics (Pepper),TCN Autoencoder,JointControl,211,LedFaceGR1,0.000561,0.0321,99.135
Robotics (Pepper),TCN Autoencoder,JointControl,212,LedFaceGL6,0.000555,0.0318,99.166
Robotics (Pepper),TCN Autoencoder,JointControl,213,LedFaceBL6,0.000546,0.0312,99.198
Robotics (Pepper),TCN Autoencoder,JointControl,214,LedFaceGR2,0.000545,0.0312,99.229
Robotics (Pepper),TCN Autoencoder,JointControl,215,LedFaceGR3,0.000545,0.0312,99.26
Robotics (Pepper),TCN Autoencoder,JointControl,216,LedFaceRR6,0.00053,0.0303,99.29
Robotics (Pepper),TCN Autoencoder,JointControl,217,LedFaceBL1,0.000525,0.03,99.32
Robotics (Pepper),TCN Autoencoder,JointControl,218,LedFaceGL7,0.000522,0.0299,99.35
Robotics (Pepper),TCN Autoencoder,JointControl,219,LedFaceRR4,0.000519,0.0297,99.38
Robotics (Pepper),TCN Autoencoder,JointControl,220,LedFaceGL8,0.000509,0.0291,99.409
Robotics (Pepper),TCN Autoencoder,JointControl,221,LedFaceBR5,0.000509,0.0291,99.438
Robotics (Pepper),TCN Autoencoder,JointControl,222,LedFaceRL5,0.000502,0.0287,99.467
Robotics (Pepper),TCN Autoencoder,JointControl,223,LedFaceRL3,0.000502,0.0287,99.495
Robotics (Pepper),TCN Autoencoder,JointControl,224,LedFaceGL4,0.0005,0.0286,99.524
Robotics (Pepper),TCN Autoencoder,JointControl,225,LedFaceBL4,0.000481,0.0275,99.552
Robotics (Pepper),TCN Autoencoder,JointControl,226,LedFaceRL4,0.000481,0.0275,99.579
Robotics (Pepper),TCN Autoencoder,JointControl,227,LedFaceRR1,0.00048,0.0275,99.607
Robotics (Pepper),TCN Autoencoder,JointControl,228,LedFaceGR7,0.00048,0.0275,99.634
Robotics (Pepper),TCN Autoencoder,JointControl,229,LedFaceBL3,0.000479,0.0274,99.661
Robotics (Pepper),TCN Autoencoder,JointControl,230,LedFaceRR3,0.000466,0.0267,99.688
Robotics (Pepper),TCN Autoencoder,JointControl,231,LedFaceGR5,0.000453,0.0259,99.714
Robotics (Pepper),TCN Autoencoder,JointControl,232,LedFaceGL3,0.000441,0.0252,99.739
Robotics (Pepper),TCN Autoencoder,JointControl,233,LedFaceRR2,0.000432,0.0247,99.764
Robotics (Pepper),TCN Autoencoder,JointControl,234,LedFaceGL5,0.000428,0.0245,99.788
Robotics (Pepper),TCN Autoencoder,JointControl,235,LedFaceRL1,0.000422,0.0241,99.813
Robotics (Pepper),TCN Autoencoder,JointControl,236,LedFaceGR8,0.000418,0.0239,99.837
Robotics (Pepper),TCN Autoencoder,JointControl,237,LedFaceGR6,0.000416,0.0238,99.86
Robotics (Pepper),TCN Autoencoder,JointControl,238,LedFaceRR8,0.000409,0.0234,99.884
Robotics (Pepper),TCN Autoencoder,JointControl,239,LedFaceBL2,0.000399,0.0228,99.907
Robotics (Pepper),TCN Autoencoder,JointControl,240,LedFaceBR8,0.000396,0.0227,99.929
Robotics (Pepper),TCN Autoencoder,JointControl,241,LedFaceBR7,0.000385,0.022,99.951
Robotics (Pepper),TCN Autoencoder,JointControl,242,LedFaceBR6,0.000348,0.0199,99.971
Robotics (Pepper),TCN Autoencoder,JointControl,243,LedFaceRL2,0.000335,0.0192,99.99
Robotics (Pepper),TCN Autoencoder,JointControl,244,LedShoulderB,0.000169,0.0097,100.0
Robotics (Pepper),TCN Autoencoder,LedsControl,1,TabletTouchX,227.258874,68.2312,68.231
Robotics (Pepper),TCN Autoencoder,LedsControl,2,TabletTouchY,91.998751,27.6213,95.852
Robotics (Pepper),TCN Autoencoder,LedsControl,3,AccelerometerX,0.295704,0.0888,95.941
Robotics (Pepper),TCN Autoencoder,LedsControl,4,LedEarL3,0.23928,0.0718,96.013
Robotics (Pepper),TCN Autoencoder,LedsControl,5,LedEarR3,0.227735,0.0684,96.081
Robotics (Pepper),TCN Autoencoder,LedsControl,6,LedEarR1,0.219896,0.066,96.147
Robotics (Pepper),TCN Autoencoder,LedsControl,7,LedEarL4,0.199287,0.0598,96.207
Robotics (Pepper),TCN Autoencoder,LedsControl,8,LedFaceBL3,0.197016,0.0592,96.266
Robotics (Pepper),TCN Autoencoder,LedsControl,9,LedFaceBR7,0.192446,0.0578,96.324
Robotics (Pepper),TCN Autoencoder,LedsControl,10,LedFaceBL2,0.191367,0.0575,96.382
Robotics (Pepper),TCN Autoencoder,LedsControl,11,LedFaceBR6,0.188717,0.0567,96.438
Robotics (Pepper),TCN Autoencoder,LedsControl,12,LedEarR9,0.187765,0.0564,96.495
Robotics (Pepper),TCN Autoencoder,LedsControl,13,RShoulderPitch,0.180435,0.0542,96.549
Robotics (Pepper),TCN Autoencoder,LedsControl,14,LedEarL9,0.176443,0.053,96.602
Robotics (Pepper),TCN Autoencoder,LedsControl,15,LedShoulderB,0.174313,0.0523,96.654
Robotics (Pepper),TCN Autoencoder,LedsControl,16,LedEarR5,0.173866,0.0522,96.706
Robotics (Pepper),TCN Autoencoder,LedsControl,17,LaserF03Y,0.15969,0.0479,96.754
Robotics (Pepper),TCN Autoencoder,LedsControl,18,LedEarL10,0.155754,0.0468,96.801
Robotics (Pepper),TCN Autoencoder,LedsControl,19,LedFaceBL4,0.149823,0.045,96.846
Robotics (Pepper),TCN Autoencoder,LedsControl,20,LedEarR6,0.14955,0.0449,96.891
Robotics (Pepper),TCN Autoencoder,LedsControl,21,LedEarR7,0.14703,0.0441,96.935
Robotics (Pepper),TCN Autoencoder,LedsControl,22,LedEarR2,0.14352,0.0431,96.978
Robotics (Pepper),TCN Autoencoder,LedsControl,23,LedEarL5,0.139748,0.042,97.02
Robotics (Pepper),TCN Autoencoder,LedsControl,24,LedEarR8,0.138536,0.0416,97.062
Robotics (Pepper),TCN Autoencoder,LedsControl,25,LedFaceBR5,0.137263,0.0412,97.103
Robotics (Pepper),TCN Autoencoder,LedsControl,26,LedEarR10,0.135393,0.0406,97.144
Robotics (Pepper),TCN Autoencoder,LedsControl,27,LedEarL8,0.135273,0.0406,97.184
Robotics (Pepper),TCN Autoencoder,LedsControl,28,LedEarR4,0.129942,0.039,97.223
Robotics (Pepper),TCN Autoencoder,LedsControl,29,KneePicth,0.126618,0.038,97.261
Robotics (Pepper),TCN Autoencoder,LedsControl,30,LedEarL2,0.125097,0.0376,97.299
Robotics (Pepper),TCN Autoencoder,LedsControl,31,RShoulderRoll,0.122704,0.0368,97.336
Robotics (Pepper),TCN Autoencoder,LedsControl,32,RWristYaw,0.12149,0.0365,97.372
Robotics (Pepper),TCN Autoencoder,LedsControl,33,LedFaceRR7,0.114397,0.0343,97.406
Robotics (Pepper),TCN Autoencoder,LedsControl,34,LedFaceGL2,0.113941,0.0342,97.441
Robotics (Pepper),TCN Autoencoder,LedsControl,35,LedEarL1,0.11147,0.0335,97.474
Robotics (Pepper),TCN Autoencoder,LedsControl,36,RElbowYaw,0.111184,0.0334,97.508
Robotics (Pepper),TCN Autoencoder,LedsControl,37,HipPicth,0.111063,0.0333,97.541
Robotics (Pepper),TCN Autoencoder,LedsControl,38,LedFaceRL3,0.110166,0.0331,97.574
Robotics (Pepper),TCN Autoencoder,LedsControl,39,LedEarL7,0.108921,0.0327,97.607
Robotics (Pepper),TCN Autoencoder,LedsControl,40,LedEarL6,0.101495,0.0305,97.637
Robotics (Pepper),TCN Autoencoder,LedsControl,41,HeadPicth,0.100875,0.0303,97.667
Robotics (Pepper),TCN Autoencoder,LedsControl,42,HeadPicthStiff,0.099466,0.0299,97.697
Robotics (Pepper),TCN Autoencoder,LedsControl,43,LedFaceRL4,0.098448,0.0296,97.727
Robotics (Pepper),TCN Autoencoder,LedsControl,44,LaserF13Y,0.093165,0.028,97.755
Robotics (Pepper),TCN Autoencoder,LedsControl,45,LedFaceRR5,0.09301,0.0279,97.783
Robotics (Pepper),TCN Autoencoder,LedsControl,46,LedFaceRL2,0.09054,0.0272,97.81
Robotics (Pepper),TCN Autoencoder,LedsControl,47,LedFaceBL1,0.087154,0.0262,97.836
Robotics (Pepper),TCN Autoencoder,LedsControl,48,HipPicthStiff,0.084266,0.0253,97.861
Robotics (Pepper),TCN Autoencoder,LedsControl,49,RShoulderRollStiff,0.082865,0.0249,97.886
Robotics (Pepper),TCN Autoencoder,LedsControl,50,LedFaceBR8,0.082154,0.0247,97.911
Robotics (Pepper),TCN Autoencoder,LedsControl,51,HipRollStiff,0.079692,0.0239,97.935
Robotics (Pepper),TCN Autoencoder,LedsControl,52,LedFaceBR3,0.078961,0.0237,97.959
Robotics (Pepper),TCN Autoencoder,LedsControl,53,LedFaceRR6,0.078485,0.0236,97.982
Robotics (Pepper),TCN Autoencoder,LedsControl,54,LedFaceBR4,0.078195,0.0235,98.006
Robotics (Pepper),TCN Autoencoder,LedsControl,55,Rhand,0.077942,0.0234,98.029
Robotics (Pepper),TCN Autoencoder,LedsControl,56,LElbowYaw,0.077164,0.0232,98.052
Robotics (Pepper),TCN Autoencoder,LedsControl,57,LShoulderPitch,0.075206,0.0226,98.075
Robotics (Pepper),TCN Autoencoder,LedsControl,58,RElbowRoll,0.075037,0.0225,98.097
Robotics (Pepper),TCN Autoencoder,LedsControl,59,LedFaceGL4,0.073989,0.0222,98.12
Robotics (Pepper),TCN Autoencoder,LedsControl,60,HeadYawStiff,0.073852,0.0222,98.142
Robotics (Pepper),TCN Autoencoder,LedsControl,61,KneePicthStiff,0.072466,0.0218,98.163
Robotics (Pepper),TCN Autoencoder,LedsControl,62,LedFaceGR4,0.072162,0.0217,98.185
Robotics (Pepper),TCN Autoencoder,LedsControl,63,LedFaceGL3,0.071928,0.0216,98.207
Robotics (Pepper),TCN Autoencoder,LedsControl,64,LedFaceBL6,0.07108,0.0213,98.228
Robotics (Pepper),TCN Autoencoder,LedsControl,65,LedFaceGL5,0.070826,0.0213,98.249
Robotics (Pepper),TCN Autoencoder,LedsControl,66,LedFaceRL6,0.07065,0.0212,98.271
Robotics (Pepper),TCN Autoencoder,LedsControl,67,LaserF04X,0.070127,0.0211,98.292
Robotics (Pepper),TCN Autoencoder,LedsControl,68,LaserF04Y,0.070018,0.021,98.313
Robotics (Pepper),TCN Autoencoder,LedsControl,69,LaserVeR01X,0.068934,0.0207,98.333
Robotics (Pepper),TCN Autoencoder,LedsControl,70,LElbowRollTemp,0.067317,0.0202,98.354
Robotics (Pepper),TCN Autoencoder,LedsControl,71,LaserF13X,0.067014,0.0201,98.374
Robotics (Pepper),TCN Autoencoder,LedsControl,72,LedFaceBL5,0.067003,0.0201,98.394
Robotics (Pepper),TCN Autoencoder,LedsControl,73,LHand,0.066875,0.0201,98.414
Robotics (Pepper),TCN Autoencoder,LedsControl,74,LaserF01Y,0.065351,0.0196,98.433
Robotics (Pepper),TCN Autoencoder,LedsControl,75,LedFaceGR3,0.065198,0.0196,98.453
Robotics (Pepper),TCN Autoencoder,LedsControl,76,LaserF03X,0.06373,0.0191,98.472
Robotics (Pepper),TCN Autoencoder,LedsControl,77,InfraRedR,0.063269,0.019,98.491
Robotics (Pepper),TCN Autoencoder,LedsControl,78,LaserF01X,0.061256,0.0184,98.51
Robotics (Pepper),TCN Autoencoder,LedsControl,79,GyroscopeY,0.060843,0.0183,98.528
Robotics (Pepper),TCN Autoencoder,LedsControl,80,LedFaceGR5,0.060508,0.0182,98.546
Robotics (Pepper),TCN Autoencoder,LedsControl,81,AccelerometerY,0.057898,0.0174,98.563
Robotics (Pepper),TCN Autoencoder,LedsControl,82,LaserR05X,0.057847,0.0174,98.581
Robotics (Pepper),TCN Autoencoder,LedsControl,83,LaserF07Y,0.057619,0.0173,98.598
Robotics (Pepper),TCN Autoencoder,LedsControl,84,LedFaceGR7,0.056185,0.0169,98.615
Robotics (Pepper),TCN Autoencoder,LedsControl,85,LaserF06X,0.05411,0.0162,98.631
Robotics (Pepper),TCN Autoencoder,LedsControl,86,LElbowYawTemp,0.052841,0.0159,98.647
Robotics (Pepper),TCN Autoencoder,LedsControl,87,LedFaceBL8,0.052727,0.0158,98.663
Robotics (Pepper),TCN Autoencoder,LedsControl,88,LedFaceBR2,0.052181,0.0157,98.678
Robotics (Pepper),TCN Autoencoder,LedsControl,89,LaserF05Y,0.051055,0.0153,98.694
Robotics (Pepper),TCN Autoencoder,LedsControl,90,LedFaceGL1,0.05027,0.0151,98.709
Robotics (Pepper),TCN Autoencoder,LedsControl,91,LedFaceRL8,0.049758,0.0149,98.724
Robotics (Pepper),TCN Autoencoder,LedsControl,92,LaserR06X,0.049468,0.0149,98.739
Robotics (Pepper),TCN Autoencoder,LedsControl,93,LaserF14Y,0.048568,0.0146,98.753
Robotics (Pepper),TCN Autoencoder,LedsControl,94,LaserR07Y,0.048268,0.0145,98.768
Robotics (Pepper),TCN Autoencoder,LedsControl,95,LedFaceRR8,0.046982,0.0141,98.782
Robotics (Pepper),TCN Autoencoder,LedsControl,96,LaserR05Y,0.045193,0.0136,98.795
Robotics (Pepper),TCN Autoencoder,LedsControl,97,WheelFRTemp,0.04503,0.0135,98.809
Robotics (Pepper),TCN Autoencoder,LedsControl,98,LaserR01Y,0.044908,0.0135,98.822
Robotics (Pepper),TCN Autoencoder,LedsControl,99,GyroscopeX,0.044786,0.0134,98.836
Robotics (Pepper),TCN Autoencoder,LedsControl,100,LaserL14Y,0.044175,0.0133,98.849
Robotics (Pepper),TCN Autoencoder,LedsControl,101,LedFaceGL6,0.043945,0.0132,98.862
Robotics (Pepper),TCN Autoencoder,LedsControl,102,LElbowRoll,0.043538,0.0131,98.875
Robotics (Pepper),TCN Autoencoder,LedsControl,103,LaserL14X,0.043366,0.013,98.888
Robotics (Pepper),TCN Autoencoder,LedsControl,104,LedFaceGR6,0.043332,0.013,98.901
Robotics (Pepper),TCN Autoencoder,LedsControl,105,HipRoll,0.042992,0.0129,98.914
Robotics (Pepper),TCN Autoencoder,LedsControl,106,LHandStiff,0.042819,0.0129,98.927
Robotics (Pepper),TCN Autoencoder,LedsControl,107,LaserF02X,0.042622,0.0128,98.94
Robotics (Pepper),TCN Autoencoder,LedsControl,108,LaserF14X,0.042332,0.0127,98.953
Robotics (Pepper),TCN Autoencoder,LedsControl,109,LedFaceRL1,0.041947,0.0126,98.965
Robotics (Pepper),TCN Autoencoder,LedsControl,110,LShoulderRollStiff,0.041934,0.0126,98.978
Robotics (Pepper),TCN Autoencoder,LedsControl,111,LaserF07X,0.041912,0.0126,98.99
Robotics (Pepper),TCN Autoencoder,LedsControl,112,LaserR09Y,0.041905,0.0126,99.003
Robotics (Pepper),TCN Autoencoder,LedsControl,113,AccelerometerZ,0.041612,0.0125,99.016
Robotics (Pepper),TCN Autoencoder,LedsControl,114,LedFaceRL7,0.041467,0.0124,99.028
Robotics (Pepper),TCN Autoencoder,LedsControl,115,LaserR09X,0.041375,0.0124,99.04
Robotics (Pepper),TCN Autoencoder,LedsControl,116,LaserF05X,0.041257,0.0124,99.053
Robotics (Pepper),TCN Autoencoder,LedsControl,117,LedFaceGR1,0.041119,0.0123,99.065
Robotics (Pepper),TCN Autoencoder,LedsControl,118,LaserL15Y,0.040423,0.0121,99.077
Robotics (Pepper),TCN Autoencoder,LedsControl,119,LaserL13X,0.040327,0.0121,99.089
Robotics (Pepper),TCN Autoencoder,LedsControl,120,AnglesZ,0.039678,0.0119,99.101
Robotics (Pepper),TCN Autoencoder,LedsControl,121,AnglesX,0.039433,0.0118,99.113
Robotics (Pepper),TCN Autoencoder,LedsControl,122,LaserR15X,0.039432,0.0118,99.125
Robotics (Pepper),TCN Autoencoder,LedsControl,123,LaserF02Y,0.039339,0.0118,99.137
Robotics (Pepper),TCN Autoencoder,LedsControl,124,LaserR07X,0.039196,0.0118,99.149
Robotics (Pepper),TCN Autoencoder,LedsControl,125,LaserL15X,0.038752,0.0116,99.16
Robotics (Pepper),TCN Autoencoder,LedsControl,126,LedFaceRR2,0.038374,0.0115,99.172
Robotics (Pepper),TCN Autoencoder,LedsControl,127,LaserF11X,0.03831,0.0115,99.183
Robotics (Pepper),TCN Autoencoder,LedsControl,128,LedFaceBL7,0.038031,0.0114,99.195
Robotics (Pepper),TCN Autoencoder,LedsControl,129,LaserF01X.1,0.03802,0.0114,99.206
Robotics (Pepper),TCN Autoencoder,LedsControl,130,LedFaceBR1,0.037833,0.0114,99.217
Robotics (Pepper),TCN Autoencoder,LedsControl,131,LaserF06Y,0.037285,0.0112,99.229
Robotics (Pepper),TCN Autoencoder,LedsControl,132,LaserShovel01X,0.037256,0.0112,99.24
Robotics (Pepper),TCN Autoencoder,LedsControl,133,SonarF,0.037193,0.0112,99.251
Robotics (Pepper),TCN Autoencoder,LedsControl,134,LedFaceRL5,0.03658,0.011,99.262
Robotics (Pepper),TCN Autoencoder,LedsControl,135,LaserShovel02Y,0.0358,0.0107,99.273
Robotics (Pepper),TCN Autoencoder,LedsControl,136,LedFaceRR4,0.035726,0.0107,99.283
Robotics (Pepper),TCN Autoencoder,LedsControl,137,LaserR03X,0.035493,0.0107,99.294
Robotics (Pepper),TCN Autoencoder,LedsControl,138,LaserVeR01Y,0.035421,0.0106,99.305
Robotics (Pepper),TCN Autoencoder,LedsControl,139,WheelBTemp,0.034678,0.0104,99.315
Robotics (Pepper),TCN Autoencoder,LedsControl,140,LaserShovel03X,0.034133,0.0102,99.325
Robotics (Pepper),TCN Autoencoder,LedsControl,141,LedFaceGR2,0.034011,0.0102,99.336
Robotics (Pepper),TCN Autoencoder,LedsControl,142,HeadYaw,0.033784,0.0101,99.346
Robotics (Pepper),TCN Autoencoder,LedsControl,143,LShoulderRoll,0.03343,0.01,99.356
Robotics (Pepper),TCN Autoencoder,LedsControl,144,LaserF15X,0.033014,0.0099,99.366
Robotics (Pepper),TCN Autoencoder,LedsControl,145,LaserR06Y,0.032022,0.0096,99.375
Robotics (Pepper),TCN Autoencoder,LedsControl,146,RElbowRollStiff,0.03173,0.0095,99.385
Robotics (Pepper),TCN Autoencoder,LedsControl,147,LaserR01X,0.031705,0.0095,99.394
Robotics (Pepper),TCN Autoencoder,LedsControl,148,LaserR08Y,0.031283,0.0094,99.404
Robotics (Pepper),TCN Autoencoder,LedsControl,149,LaserR14X,0.031122,0.0093,99.413
Robotics (Pepper),TCN Autoencoder,LedsControl,150,LedFaceRR1,0.03096,0.0093,99.422
Robotics (Pepper),TCN Autoencoder,LedsControl,151,LedFaceRR3,0.03044,0.0091,99.432
Robotics (Pepper),TCN Autoencoder,LedsControl,152,LaserVeL01Y,0.03025,0.0091,99.441
Robotics (Pepper),TCN Autoencoder,LedsControl,153,LaserF01Y.1,0.030162,0.0091,99.45
Robotics (Pepper),TCN Autoencoder,LedsControl,154,LaserF15Y,0.029828,0.009,99.459
Robotics (Pepper),TCN Autoencoder,LedsControl,155,LaserShovel03Y,0.029773,0.0089,99.468
Robotics (Pepper),TCN Autoencoder,LedsControl,156,LaserR14Y,0.029336,0.0088,99.476
Robotics (Pepper),TCN Autoencoder,LedsControl,157,LaserL10X,0.028851,0.0087,99.485
Robotics (Pepper),TCN Autoencoder,LedsControl,158,LaserR04Y,0.028756,0.0086,99.494
Robotics (Pepper),TCN Autoencoder,LedsControl,159,LWristYawStiff,0.028735,0.0086,99.502
Robotics (Pepper),TCN Autoencoder,LedsControl,160,LaserR08X,0.02867,0.0086,99.511
Robotics (Pepper),TCN Autoencoder,LedsControl,161,LElbowRollStiff,0.028415,0.0085,99.519
Robotics (Pepper),TCN Autoencoder,LedsControl,162,LaserF10X,0.028349,0.0085,99.528
Robotics (Pepper),TCN Autoencoder,LedsControl,163,RElbowYawTemp,0.028337,0.0085,99.536
Robotics (Pepper),TCN Autoencoder,LedsControl,164,RWristYawStiff,0.028213,0.0085,99.545
Robotics (Pepper),TCN Autoencoder,LedsControl,165,LaserShovel02X,0.028083,0.0084,99.553
Robotics (Pepper),TCN Autoencoder,LedsControl,166,WheelBStiff,0.028065,0.0084,99.562
Robotics (Pepper),TCN Autoencoder,LedsControl,167,LaserR04X,0.02766,0.0083,99.57
Robotics (Pepper),TCN Autoencoder,LedsControl,168,LaserF08X,0.027639,0.0083,99.578
Robotics (Pepper),TCN Autoencoder,LedsControl,169,LaserF09X,0.02606,0.0078,99.586
Robotics (Pepper),TCN Autoencoder,LedsControl,170,LaserF08Y,0.026011,0.0078,99.594
Robotics (Pepper),TCN Autoencoder,LedsControl,171,LaserF10Y,0.026005,0.0078,99.602
Robotics (Pepper),TCN Autoencoder,LedsControl,172,WheelFLTemp,0.025784,0.0077,99.61
Robotics (Pepper),TCN Autoencoder,LedsControl,173,LaserR13Y,0.02572,0.0077,99.617
Robotics (Pepper),TCN Autoencoder,LedsControl,174,RhandStiff,0.025674,0.0077,99.625
Robotics (Pepper),TCN Autoencoder,LedsControl,175,SonarB,0.025332,0.0076,99.633
Robotics (Pepper),TCN Autoencoder,LedsControl,176,LaserL13Y,0.025332,0.0076,99.64
Robotics (Pepper),TCN Autoencoder,LedsControl,177,HeadPicthTemp,0.02533,0.0076,99.648
Robotics (Pepper),TCN Autoencoder,LedsControl,178,LShoulderPitchTemp,0.025123,0.0075,99.655
Robotics (Pepper),TCN Autoencoder,LedsControl,179,RShoulderPitchStiff,0.024691,0.0074,99.663
Robotics (Pepper),TCN Autoencoder,LedsControl,180,LaserR03Y,0.024379,0.0073,99.67
Robotics (Pepper),TCN Autoencoder,LedsControl,181,LaserVeL01X,0.024339,0.0073,99.677
Robotics (Pepper),TCN Autoencoder,LedsControl,182,LaserF12X,0.024163,0.0073,99.685
Robotics (Pepper),TCN Autoencoder,LedsControl,183,LedFaceGL8,0.024082,0.0072,99.692
Robotics (Pepper),TCN Autoencoder,LedsControl,184,LaserR11X,0.024063,0.0072,99.699
Robotics (Pepper),TCN Autoencoder,LedsControl,185,LaserL10Y,0.024035,0.0072,99.706
Robotics (Pepper),TCN Autoencoder,LedsControl,186,LedFaceGL7,0.023988,0.0072,99.714
Robotics (Pepper),TCN Autoencoder,LedsControl,187,LaserR13X,0.023891,0.0072,99.721
Robotics (Pepper),TCN Autoencoder,LedsControl,188,LElbowYawStiff,0.023347,0.007,99.728
Robotics (Pepper),TCN Autoencoder,LedsControl,189,LaserShovel01Y,0.023214,0.007,99.735
Robotics (Pepper),TCN Autoencoder,LedsControl,190,LaserR15Y,0.022561,0.0068,99.741
Robotics (Pepper),TCN Autoencoder,LedsControl,191,LaserR02X,0.02254,0.0068,99.748
Robotics (Pepper),TCN Autoencoder,LedsControl,192,LaserF04X.1,0.02239,0.0067,99.755
Robotics (Pepper),TCN Autoencoder,LedsControl,193,LedFaceGR8,0.022266,0.0067,99.762
Robotics (Pepper),TCN Autoencoder,LedsControl,194,LShoulderRollTemp,0.021929,0.0066,99.768
Robotics (Pepper),TCN Autoencoder,LedsControl,195,LaserF11Y,0.021708,0.0065,99.775
Robotics (Pepper),TCN Autoencoder,LedsControl,196,LWristYaw,0.021328,0.0064,99.781
Robotics (Pepper),TCN Autoencoder,LedsControl,197,LaserR10X,0.021323,0.0064,99.788
Robotics (Pepper),TCN Autoencoder,LedsControl,198,AnglesY,0.021299,0.0064,99.794
Robotics (Pepper),TCN Autoencoder,LedsControl,199,LaserR02Y,0.021054,0.0063,99.8
Robotics (Pepper),TCN Autoencoder,LedsControl,200,HeadYawTemp,0.021028,0.0063,99.807
Robotics (Pepper),TCN Autoencoder,LedsControl,201,LaserF12Y,0.020777,0.0062,99.813
Robotics (Pepper),TCN Autoencoder,LedsControl,202,LaserF04Y.1,0.020674,0.0062,99.819
Robotics (Pepper),TCN Autoencoder,LedsControl,203,LaserF07Y.1,0.020657,0.0062,99.825
Robotics (Pepper),TCN Autoencoder,LedsControl,204,RElbowYawStiff,0.020615,0.0062,99.831
Robotics (Pepper),TCN Autoencoder,LedsControl,205,LaserF05X.1,0.020607,0.0062,99.838
Robotics (Pepper),TCN Autoencoder,LedsControl,206,WheelFRStiff,0.020518,0.0062,99.844
Robotics (Pepper),TCN Autoencoder,LedsControl,207,LaserR11Y,0.020483,0.0061,99.85
Robotics (Pepper),TCN Autoencoder,LedsControl,208,LaserF09Y,0.020037,0.006,99.856
Robotics (Pepper),TCN Autoencoder,LedsControl,209,LaserF03Y.1,0.01919,0.0058,99.862
Robotics (Pepper),TCN Autoencoder,LedsControl,210,LaserR10Y,0.018859,0.0057,99.867
Robotics (Pepper),TCN Autoencoder,LedsControl,211,LaserF07X.1,0.01833,0.0055,99.873
Robotics (Pepper),TCN Autoencoder,LedsControl,212,LaserF05Y.1,0.018231,0.0055,99.878
Robotics (Pepper),TCN Autoencoder,LedsControl,213,LaserF06Y.1,0.017987,0.0054,99.884
Robotics (Pepper),TCN Autoencoder,LedsControl,214,LaserL12X,0.016975,0.0051,99.889
Robotics (Pepper),TCN Autoencoder,LedsControl,215,KneePicthTemp,0.016736,0.005,99.894
Robotics (Pepper),TCN Autoencoder,LedsControl,216,RElbowRollTemp,0.015937,0.0048,99.899
Robotics (Pepper),TCN Autoencoder,LedsControl,217,InfraRedL,0.015765,0.0047,99.903
Robotics (Pepper),TCN Autoencoder,LedsControl,218,LWristYawTemp,0.01553,0.0047,99.908
Robotics (Pepper),TCN Autoencoder,LedsControl,219,LaserF06X.1,0.015475,0.0046,99.913
Robotics (Pepper),TCN Autoencoder,LedsControl,220,LaserR12Y,0.015398,0.0046,99.917
Robotics (Pepper),TCN Autoencoder,LedsControl,221,LaserR12X,0.015167,0.0046,99.922
Robotics (Pepper),TCN Autoencoder,LedsControl,222,LaserF02Y.1,0.015085,0.0045,99.926
Robotics (Pepper),TCN Autoencoder,LedsControl,223,LaserF09X.1,0.014904,0.0045,99.931
Robotics (Pepper),TCN Autoencoder,LedsControl,224,RShoulderPitchTemp,0.014659,0.0044,99.935
Robotics (Pepper),TCN Autoencoder,LedsControl,225,LaserF08Y.1,0.014646,0.0044,99.94
Robotics (Pepper),TCN Autoencoder,LedsControl,226,LaserF09Y.1,0.014375,0.0043,99.944
Robotics (Pepper),TCN Autoencoder,LedsControl,227,HipPicthTemp,0.014299,0.0043,99.948
Robotics (Pepper),TCN Autoencoder,LedsControl,228,LShoulderPitchStiff,0.013973,0.0042,99.952
Robotics (Pepper),TCN Autoencoder,LedsControl,229,LaserL12Y,0.013493,0.0041,99.956
Robotics (Pepper),TCN Autoencoder,LedsControl,230,LaserL11X,0.013156,0.0039,99.96
Robotics (Pepper),TCN Autoencoder,LedsControl,231,LaserL11Y,0.013021,0.0039,99.964
Robotics (Pepper),TCN Autoencoder,LedsControl,232,WheelFLStiff,0.012729,0.0038,99.968
Robotics (Pepper),TCN Autoencoder,LedsControl,233,LaserF08X.1,0.011891,0.0036,99.972
Robotics (Pepper),TCN Autoencoder,LedsControl,234,LaserF03X.1,0.011244,0.0034,99.975
Robotics (Pepper),TCN Autoencoder,LedsControl,235,WheelFRSpeed,0.010756,0.0032,99.978
Robotics (Pepper),TCN Autoencoder,LedsControl,236,RWristYawTemp,0.010486,0.0031,99.981
Robotics (Pepper),TCN Autoencoder,LedsControl,237,RShoulderRollTemp,0.009546,0.0029,99.984
Robotics (Pepper),TCN Autoencoder,LedsControl,238,WheelBSpeed,0.009503,0.0029,99.987
Robotics (Pepper),TCN Autoencoder,LedsControl,239,GyroscopeZ,0.009272,0.0028,99.99
Robotics (Pepper),TCN Autoencoder,LedsControl,240,WheelFLSpeed,0.009087,0.0027,99.993
Robotics (Pepper),TCN Autoencoder,LedsControl,241,HipRollTemp,0.00759,0.0023,99.995
Robotics (Pepper),TCN Autoencoder,LedsControl,242,LaserF02X.1,0.007233,0.0022,99.997
Robotics (Pepper),TCN Autoencoder,LedsControl,243,LHandTemp,0.005123,0.0015,99.999
Robotics (Pepper),TCN Autoencoder,LedsControl,244,RhandTemp,0.004286,0.0013,100.0
Robotics (Pepper),TCN Autoencoder,WheelsControl,1,WheelBSpeed,0.821174,13.4404,13.44
Robotics (Pepper),TCN Autoencoder,WheelsControl,2,GyroscopeZ,0.807779,13.2212,26.662
Robotics (Pepper),TCN Autoencoder,WheelsControl,3,WheelFRSpeed,0.71789,11.7499,38.412
Robotics (Pepper),TCN Autoencoder,WheelsControl,4,WheelFLSpeed,0.708286,11.5927,50.004
Robotics (Pepper),TCN Autoencoder,WheelsControl,5,WheelFLStiff,0.221708,3.6288,53.633
Robotics (Pepper),TCN Autoencoder,WheelsControl,6,AccelerometerY,0.064058,1.0485,54.681
Robotics (Pepper),TCN Autoencoder,WheelsControl,7,AccelerometerX,0.051531,0.8434,55.525
Robotics (Pepper),TCN Autoencoder,WheelsControl,8,LedEarR3,0.049554,0.8111,56.336
Robotics (Pepper),TCN Autoencoder,WheelsControl,9,RElbowYawStiff,0.047728,0.7812,57.117
Robotics (Pepper),TCN Autoencoder,WheelsControl,10,LElbowYawStiff,0.045939,0.7519,57.869
Robotics (Pepper),TCN Autoencoder,WheelsControl,11,LWristYawStiff,0.045846,0.7504,58.619
Robotics (Pepper),TCN Autoencoder,WheelsControl,12,LShoulderPitchStiff,0.045202,0.7398,59.359
Robotics (Pepper),TCN Autoencoder,WheelsControl,13,LaserR14X,0.043106,0.7055,60.065
Robotics (Pepper),TCN Autoencoder,WheelsControl,14,RShoulderPitch,0.04291,0.7023,60.767
Robotics (Pepper),TCN Autoencoder,WheelsControl,15,LedEarL3,0.042348,0.6931,61.46
Robotics (Pepper),TCN Autoencoder,WheelsControl,16,RShoulderPitchStiff,0.042194,0.6906,62.151
Robotics (Pepper),TCN Autoencoder,WheelsControl,17,LaserVeR01Y,0.041648,0.6817,62.833
Robotics (Pepper),TCN Autoencoder,WheelsControl,18,RShoulderRollStiff,0.041246,0.6751,63.508
Robotics (Pepper),TCN Autoencoder,WheelsControl,19,RElbowRollStiff,0.041118,0.673,64.181
Robotics (Pepper),TCN Autoencoder,WheelsControl,20,LaserR14Y,0.039596,0.6481,64.829
Robotics (Pepper),TCN Autoencoder,WheelsControl,21,LaserVeL01Y,0.038538,0.6308,65.459
Robotics (Pepper),TCN Autoencoder,WheelsControl,22,LElbowRollStiff,0.037854,0.6196,66.079
Robotics (Pepper),TCN Autoencoder,WheelsControl,23,LShoulderRollStiff,0.037352,0.6114,66.69
Robotics (Pepper),TCN Autoencoder,WheelsControl,24,RWristYaw,0.037064,0.6066,67.297
Robotics (Pepper),TCN Autoencoder,WheelsControl,25,GyroscopeX,0.035366,0.5788,67.876
Robotics (Pepper),TCN Autoencoder,WheelsControl,26,GyroscopeY,0.034293,0.5613,68.437
Robotics (Pepper),TCN Autoencoder,WheelsControl,27,SonarB,0.03252,0.5323,68.969
Robotics (Pepper),TCN Autoencoder,WheelsControl,28,InfraRedL,0.029547,0.4836,69.453
Robotics (Pepper),TCN Autoencoder,WheelsControl,29,RWristYawStiff,0.027483,0.4498,69.903
Robotics (Pepper),TCN Autoencoder,WheelsControl,30,LaserF06X,0.027339,0.4475,70.35
Robotics (Pepper),TCN Autoencoder,WheelsControl,31,LaserF08X.1,0.026554,0.4346,70.785
Robotics (Pepper),TCN Autoencoder,WheelsControl,32,LShoulderPitch,0.025208,0.4126,71.197
Robotics (Pepper),TCN Autoencoder,WheelsControl,33,AccelerometerZ,0.024847,0.4067,71.604
Robotics (Pepper),TCN Autoencoder,WheelsControl,34,HeadYawStiff,0.023817,0.3898,71.994
Robotics (Pepper),TCN Autoencoder,WheelsControl,35,LaserVeR01X,0.023438,0.3836,72.378
Robotics (Pepper),TCN Autoencoder,WheelsControl,36,HeadYaw,0.022048,0.3609,72.738
Robotics (Pepper),TCN Autoencoder,WheelsControl,37,LaserF01Y.1,0.021981,0.3598,73.098
Robotics (Pepper),TCN Autoencoder,WheelsControl,38,LaserF01X.1,0.021937,0.359,73.457
Robotics (Pepper),TCN Autoencoder,WheelsControl,39,LaserF06Y,0.02168,0.3548,73.812
Robotics (Pepper),TCN Autoencoder,WheelsControl,40,RShoulderRoll,0.021157,0.3463,74.158
Robotics (Pepper),TCN Autoencoder,WheelsControl,41,LaserL14Y,0.021091,0.3452,74.504
Robotics (Pepper),TCN Autoencoder,WheelsControl,42,LaserL14X,0.020808,0.3406,74.844
Robotics (Pepper),TCN Autoencoder,WheelsControl,43,AnglesY,0.020722,0.3392,75.183
Robotics (Pepper),TCN Autoencoder,WheelsControl,44,RElbowYaw,0.020629,0.3376,75.521
Robotics (Pepper),TCN Autoencoder,WheelsControl,45,LaserF05X,0.020466,0.335,75.856
Robotics (Pepper),TCN Autoencoder,WheelsControl,46,LaserF08Y.1,0.020166,0.3301,76.186
Robotics (Pepper),TCN Autoencoder,WheelsControl,47,LaserF03Y,0.020104,0.329,76.515
Robotics (Pepper),TCN Autoencoder,WheelsControl,48,HipRollStiff,0.019121,0.313,76.828
Robotics (Pepper),TCN Autoencoder,WheelsControl,49,LaserF03X,0.017818,0.2916,77.12
Robotics (Pepper),TCN Autoencoder,WheelsControl,50,LedEarL8,0.017808,0.2915,77.411
Robotics (Pepper),TCN Autoencoder,WheelsControl,51,LaserVeL01X,0.017744,0.2904,77.702
Robotics (Pepper),TCN Autoencoder,WheelsControl,52,LedEarR8,0.017622,0.2884,77.99
Robotics (Pepper),TCN Autoencoder,WheelsControl,53,LaserF05Y,0.017586,0.2878,78.278
Robotics (Pepper),TCN Autoencoder,WheelsControl,54,LedEarR10,0.017554,0.2873,78.565
Robotics (Pepper),TCN Autoencoder,WheelsControl,55,HeadPicthStiff,0.017542,0.2871,78.852
Robotics (Pepper),TCN Autoencoder,WheelsControl,56,LedEarR1,0.017528,0.2869,79.139
Robotics (Pepper),TCN Autoencoder,WheelsControl,57,AnglesZ,0.01729,0.283,79.422
Robotics (Pepper),TCN Autoencoder,WheelsControl,58,LedEarR2,0.016958,0.2776,79.7
Robotics (Pepper),TCN Autoencoder,WheelsControl,59,LedEarR6,0.01682,0.2753,79.975
Robotics (Pepper),TCN Autoencoder,WheelsControl,60,LedEarL1,0.016682,0.273,80.248
Robotics (Pepper),TCN Autoencoder,WheelsControl,61,HeadPicth,0.016665,0.2728,80.521
Robotics (Pepper),TCN Autoencoder,WheelsControl,62,LedEarR9,0.016613,0.2719,80.793
Robotics (Pepper),TCN Autoencoder,WheelsControl,63,LaserR13X,0.016496,0.27,81.063
Robotics (Pepper),TCN Autoencoder,WheelsControl,64,LedEarL9,0.016493,0.2699,81.333
Robotics (Pepper),TCN Autoencoder,WheelsControl,65,LedEarR5,0.016397,0.2684,81.601
Robotics (Pepper),TCN Autoencoder,WheelsControl,66,LaserR13Y,0.01638,0.2681,81.869
Robotics (Pepper),TCN Autoencoder,WheelsControl,67,LedEarL10,0.016102,0.2635,82.133
Robotics (Pepper),TCN Autoencoder,WheelsControl,68,LaserR03X,0.015577,0.255,82.388
Robotics (Pepper),TCN Autoencoder,WheelsControl,69,LaserF13Y,0.015213,0.249,82.637
Robotics (Pepper),TCN Autoencoder,WheelsControl,70,HipRoll,0.014549,0.2381,82.875
Robotics (Pepper),TCN Autoencoder,WheelsControl,71,HipPicthStiff,0.014396,0.2356,83.11
Robotics (Pepper),TCN Autoencoder,WheelsControl,72,LedEarL7,0.014284,0.2338,83.344
Robotics (Pepper),TCN Autoencoder,WheelsControl,73,LedEarL2,0.013634,0.2232,83.567
Robotics (Pepper),TCN Autoencoder,WheelsControl,74,LedEarL4,0.013459,0.2203,83.788
Robotics (Pepper),TCN Autoencoder,WheelsControl,75,LaserF15Y,0.013405,0.2194,84.007
Robotics (Pepper),TCN Autoencoder,WheelsControl,76,LaserF02Y,0.013341,0.2184,84.225
Robotics (Pepper),TCN Autoencoder,WheelsControl,77,AnglesX,0.0133,0.2177,84.443
Robotics (Pepper),TCN Autoencoder,WheelsControl,78,LedEarR4,0.013135,0.215,84.658
Robotics (Pepper),TCN Autoencoder,WheelsControl,79,LaserF07Y,0.013092,0.2143,84.872
Robotics (Pepper),TCN Autoencoder,WheelsControl,80,KneePicthStiff,0.01287,0.2106,85.083
Robotics (Pepper),TCN Autoencoder,WheelsControl,81,LedEarL5,0.012862,0.2105,85.293
Robotics (Pepper),TCN Autoencoder,WheelsControl,82,LaserF13X,0.012828,0.21,85.503
Robotics (Pepper),TCN Autoencoder,WheelsControl,83,LaserF10X,0.012453,0.2038,85.707
Robotics (Pepper),TCN Autoencoder,WheelsControl,84,LedEarL6,0.01218,0.1994,85.907
Robotics (Pepper),TCN Autoencoder,WheelsControl,85,LaserR01Y,0.012056,0.1973,86.104
Robotics (Pepper),TCN Autoencoder,WheelsControl,86,LaserF02Y.1,0.01193,0.1953,86.299
Robotics (Pepper),TCN Autoencoder,WheelsControl,87,LaserF10Y,0.011597,0.1898,86.489
Robotics (Pepper),TCN Autoencoder,WheelsControl,88,LaserF15X,0.011563,0.1893,86.678
Robotics (Pepper),TCN Autoencoder,WheelsControl,89,LaserR03Y,0.011487,0.188,86.866
Robotics (Pepper),TCN Autoencoder,WheelsControl,90,LaserF02X.1,0.011422,0.1869,87.053
Robotics (Pepper),TCN Autoencoder,WheelsControl,91,LaserF05Y.1,0.011242,0.184,87.237
Robotics (Pepper),TCN Autoencoder,WheelsControl,92,LaserF07X,0.011188,0.1831,87.42
Robotics (Pepper),TCN Autoencoder,WheelsControl,93,LedEarR7,0.011183,0.183,87.603
Robotics (Pepper),TCN Autoencoder,WheelsControl,94,LaserF09Y.1,0.011144,0.1824,87.786
Robotics (Pepper),TCN Autoencoder,WheelsControl,95,LShoulderRoll,0.011127,0.1821,87.968
Robotics (Pepper),TCN Autoencoder,WheelsControl,96,LaserF06Y.1,0.010957,0.1793,88.147
Robotics (Pepper),TCN Autoencoder,WheelsControl,97,RElbowRoll,0.010839,0.1774,88.325
Robotics (Pepper),TCN Autoencoder,WheelsControl,98,LaserF12X,0.010821,0.1771,88.502
Robotics (Pepper),TCN Autoencoder,WheelsControl,99,LaserF01Y,0.010802,0.1768,88.679
Robotics (Pepper),TCN Autoencoder,WheelsControl,100,LaserF09X.1,0.010756,0.176,88.855
Robotics (Pepper),TCN Autoencoder,WheelsControl,101,LElbowYawTemp,0.010673,0.1747,89.029
Robotics (Pepper),TCN Autoencoder,WheelsControl,102,LaserF02X,0.010662,0.1745,89.204
Robotics (Pepper),TCN Autoencoder,WheelsControl,103,LaserF04Y,0.010642,0.1742,89.378
Robotics (Pepper),TCN Autoencoder,WheelsControl,104,LaserF06X.1,0.010639,0.1741,89.552
Robotics (Pepper),TCN Autoencoder,WheelsControl,105,LaserF12Y,0.010556,0.1728,89.725
Robotics (Pepper),TCN Autoencoder,WheelsControl,106,LaserF11Y,0.010495,0.1718,89.897
Robotics (Pepper),TCN Autoencoder,WheelsControl,107,Rhand,0.01046,0.1712,90.068
Robotics (Pepper),TCN Autoencoder,WheelsControl,108,LaserL12X,0.010412,0.1704,90.238
Robotics (Pepper),TCN Autoencoder,WheelsControl,109,LaserF09Y,0.010111,0.1655,90.404
Robotics (Pepper),TCN Autoencoder,WheelsControl,110,LWristYaw,0.010079,0.165,90.569
Robotics (Pepper),TCN Autoencoder,WheelsControl,111,LaserR02X,0.009882,0.1617,90.73
Robotics (Pepper),TCN Autoencoder,WheelsControl,112,LaserF11X,0.009769,0.1599,90.89
Robotics (Pepper),TCN Autoencoder,WheelsControl,113,LaserF07Y.1,0.009654,0.158,91.048
Robotics (Pepper),TCN Autoencoder,WheelsControl,114,LaserL13Y,0.009652,0.158,91.206
Robotics (Pepper),TCN Autoencoder,WheelsControl,115,LaserF01X,0.009641,0.1578,91.364
Robotics (Pepper),TCN Autoencoder,WheelsControl,116,LaserL13X,0.009528,0.1559,91.52
Robotics (Pepper),TCN Autoencoder,WheelsControl,117,LaserF07X.1,0.009243,0.1513,91.671
Robotics (Pepper),TCN Autoencoder,WheelsControl,118,LaserL15Y,0.009209,0.1507,91.822
Robotics (Pepper),TCN Autoencoder,WheelsControl,119,LaserL12Y,0.009146,0.1497,91.972
Robotics (Pepper),TCN Autoencoder,WheelsControl,120,LaserL15X,0.009136,0.1495,92.121
Robotics (Pepper),TCN Autoencoder,WheelsControl,121,LaserF03Y.1,0.009071,0.1485,92.27
Robotics (Pepper),TCN Autoencoder,WheelsControl,122,LaserL10X,0.009068,0.1484,92.418
Robotics (Pepper),TCN Autoencoder,WheelsControl,123,HeadPicthTemp,0.009024,0.1477,92.566
Robotics (Pepper),TCN Autoencoder,WheelsControl,124,LaserF05X.1,0.008884,0.1454,92.711
Robotics (Pepper),TCN Autoencoder,WheelsControl,125,LaserR01X,0.00884,0.1447,92.856
Robotics (Pepper),TCN Autoencoder,WheelsControl,126,LaserF09X,0.008777,0.1437,93.0
Robotics (Pepper),TCN Autoencoder,WheelsControl,127,LShoulderRollTemp,0.008718,0.1427,93.142
Robotics (Pepper),TCN Autoencoder,WheelsControl,128,LaserR10X,0.008692,0.1423,93.285
Robotics (Pepper),TCN Autoencoder,WheelsControl,129,LaserL10Y,0.00862,0.1411,93.426
Robotics (Pepper),TCN Autoencoder,WheelsControl,130,LaserShovel02Y,0.008381,0.1372,93.563
Robotics (Pepper),TCN Autoencoder,WheelsControl,131,LaserF08Y,0.008349,0.1367,93.7
Robotics (Pepper),TCN Autoencoder,WheelsControl,132,LElbowYaw,0.00821,0.1344,93.834
Robotics (Pepper),TCN Autoencoder,WheelsControl,133,InfraRedR,0.008087,0.1324,93.966
Robotics (Pepper),TCN Autoencoder,WheelsControl,134,LaserF08X,0.008001,0.131,94.097
Robotics (Pepper),TCN Autoencoder,WheelsControl,135,LaserR04X,0.007977,0.1306,94.228
Robotics (Pepper),TCN Autoencoder,WheelsControl,136,LaserF04X,0.007968,0.1304,94.358
Robotics (Pepper),TCN Autoencoder,WheelsControl,137,LElbowRollTemp,0.007962,0.1303,94.489
Robotics (Pepper),TCN Autoencoder,WheelsControl,138,LShoulderPitchTemp,0.007907,0.1294,94.618
Robotics (Pepper),TCN Autoencoder,WheelsControl,139,LaserShovel01Y,0.007595,0.1243,94.742
Robotics (Pepper),TCN Autoencoder,WheelsControl,140,LaserF04Y.1,0.007583,0.1241,94.866
Robotics (Pepper),TCN Autoencoder,WheelsControl,141,LaserF03X.1,0.007425,0.1215,94.988
Robotics (Pepper),TCN Autoencoder,WheelsControl,142,SonarF,0.007343,0.1202,95.108
Robotics (Pepper),TCN Autoencoder,WheelsControl,143,LaserR12Y,0.007216,0.1181,95.226
Robotics (Pepper),TCN Autoencoder,WheelsControl,144,LaserF14Y,0.007213,0.1181,95.344
Robotics (Pepper),TCN Autoencoder,WheelsControl,145,LaserR15Y,0.007135,0.1168,95.461
Robotics (Pepper),TCN Autoencoder,WheelsControl,146,LaserR10Y,0.00711,0.1164,95.577
Robotics (Pepper),TCN Autoencoder,WheelsControl,147,LaserShovel01X,0.007021,0.1149,95.692
Robotics (Pepper),TCN Autoencoder,WheelsControl,148,LaserR02Y,0.006777,0.1109,95.803
Robotics (Pepper),TCN Autoencoder,WheelsControl,149,LaserR04Y,0.006739,0.1103,95.914
Robotics (Pepper),TCN Autoencoder,WheelsControl,150,LaserF14X,0.006709,0.1098,96.023
Robotics (Pepper),TCN Autoencoder,WheelsControl,151,WheelFLTemp,0.006666,0.1091,96.132
Robotics (Pepper),TCN Autoencoder,WheelsControl,152,LaserR09Y,0.006659,0.109,96.241
Robotics (Pepper),TCN Autoencoder,WheelsControl,153,LaserL11Y,0.006647,0.1088,96.35
Robotics (Pepper),TCN Autoencoder,WheelsControl,154,LaserR15X,0.006611,0.1082,96.458
Robotics (Pepper),TCN Autoencoder,WheelsControl,155,LaserR11X,0.006579,0.1077,96.566
Robotics (Pepper),TCN Autoencoder,WheelsControl,156,RElbowYawTemp,0.006302,0.1031,96.669
Robotics (Pepper),TCN Autoencoder,WheelsControl,157,LaserR11Y,0.006269,0.1026,96.772
Robotics (Pepper),TCN Autoencoder,WheelsControl,158,LaserShovel03X,0.006164,0.1009,96.873
Robotics (Pepper),TCN Autoencoder,WheelsControl,159,LaserF04X.1,0.006142,0.1005,96.973
Robotics (Pepper),TCN Autoencoder,WheelsControl,160,LaserShovel02X,0.006051,0.099,97.072
Robotics (Pepper),TCN Autoencoder,WheelsControl,161,LaserR12X,0.005845,0.0957,97.168
Robotics (Pepper),TCN Autoencoder,WheelsControl,162,LaserL11X,0.005775,0.0945,97.263
Robotics (Pepper),TCN Autoencoder,WheelsControl,163,WheelBTemp,0.005719,0.0936,97.356
Robotics (Pepper),TCN Autoencoder,WheelsControl,164,LHand,0.005635,0.0922,97.448
Robotics (Pepper),TCN Autoencoder,WheelsControl,165,LaserShovel03Y,0.005265,0.0862,97.535
Robotics (Pepper),TCN Autoencoder,WheelsControl,166,HipPicthTemp,0.005176,0.0847,97.619
Robotics (Pepper),TCN Autoencoder,WheelsControl,167,LaserR05Y,0.005168,0.0846,97.704
Robotics (Pepper),TCN Autoencoder,WheelsControl,168,LaserR09X,0.004903,0.0802,97.784
Robotics (Pepper),TCN Autoencoder,WheelsControl,169,HeadYawTemp,0.004891,0.0801,97.864
Robotics (Pepper),TCN Autoencoder,WheelsControl,170,WheelFRTemp,0.004835,0.0791,97.943
Robotics (Pepper),TCN Autoencoder,WheelsControl,171,LaserR06Y,0.004817,0.0788,98.022
Robotics (Pepper),TCN Autoencoder,WheelsControl,172,LaserR08X,0.004724,0.0773,98.099
Robotics (Pepper),TCN Autoencoder,WheelsControl,173,LaserR05X,0.004594,0.0752,98.175
Robotics (Pepper),TCN Autoencoder,WheelsControl,174,LaserR07X,0.004534,0.0742,98.249
Robotics (Pepper),TCN Autoencoder,WheelsControl,175,LaserR08Y,0.004245,0.0695,98.318
Robotics (Pepper),TCN Autoencoder,WheelsControl,176,RShoulderRollTemp,0.004065,0.0665,98.385
Robotics (Pepper),TCN Autoencoder,WheelsControl,177,LaserR07Y,0.004019,0.0658,98.451
Robotics (Pepper),TCN Autoencoder,WheelsControl,178,LElbowRoll,0.004018,0.0658,98.516
Robotics (Pepper),TCN Autoencoder,WheelsControl,179,LaserR06X,0.003981,0.0652,98.582
Robotics (Pepper),TCN Autoencoder,WheelsControl,180,RWristYawTemp,0.003708,0.0607,98.642
Robotics (Pepper),TCN Autoencoder,WheelsControl,181,TabletTouchY,0.00354,0.0579,98.7
Robotics (Pepper),TCN Autoencoder,WheelsControl,182,TabletTouchX,0.003176,0.052,98.752
Robotics (Pepper),TCN Autoencoder,WheelsControl,183,RShoulderPitchTemp,0.002895,0.0474,98.8
Robotics (Pepper),TCN Autoencoder,WheelsControl,184,LWristYawTemp,0.002809,0.046,98.845
Robotics (Pepper),TCN Autoencoder,WheelsControl,185,KneePicth,0.002782,0.0455,98.891
Robotics (Pepper),TCN Autoencoder,WheelsControl,186,WheelBStiff,0.002699,0.0442,98.935
Robotics (Pepper),TCN Autoencoder,WheelsControl,187,WheelFRStiff,0.002378,0.0389,98.974
Robotics (Pepper),TCN Autoencoder,WheelsControl,188,HipRollTemp,0.002296,0.0376,99.012
Robotics (Pepper),TCN Autoencoder,WheelsControl,189,KneePicthTemp,0.002274,0.0372,99.049
Robotics (Pepper),TCN Autoencoder,WheelsControl,190,RhandStiff,0.002222,0.0364,99.085
Robotics (Pepper),TCN Autoencoder,WheelsControl,191,LHandTemp,0.00212,0.0347,99.12
Robotics (Pepper),TCN Autoencoder,WheelsControl,192,RElbowRollTemp,0.001659,0.0272,99.147
Robotics (Pepper),TCN Autoencoder,WheelsControl,193,RhandTemp,0.001422,0.0233,99.17
Robotics (Pepper),TCN Autoencoder,WheelsControl,194,LHandStiff,0.001418,0.0232,99.194
Robotics (Pepper),TCN Autoencoder,WheelsControl,195,HipPicth,0.001341,0.0219,99.216
Robotics (Pepper),TCN Autoencoder,WheelsControl,196,LedFaceGL2,0.001335,0.0219,99.237
Robotics (Pepper),TCN Autoencoder,WheelsControl,197,LedFaceBL5,0.001322,0.0216,99.259
Robotics (Pepper),TCN Autoencoder,WheelsControl,198,LedFaceBL8,0.001248,0.0204,99.279
Robotics (Pepper),TCN Autoencoder,WheelsControl,199,LedFaceGR4,0.001238,0.0203,99.3
Robotics (Pepper),TCN Autoencoder,WheelsControl,200,LedFaceBL6,0.001223,0.02,99.32
Robotics (Pepper),TCN Autoencoder,WheelsControl,201,LedFaceGR1,0.001205,0.0197,99.339
Robotics (Pepper),TCN Autoencoder,WheelsControl,202,LedFaceRL5,0.001182,0.0193,99.359
Robotics (Pepper),TCN Autoencoder,WheelsControl,203,LedFaceRL6,0.001171,0.0192,99.378
Robotics (Pepper),TCN Autoencoder,WheelsControl,204,LedFaceGL7,0.001155,0.0189,99.397
Robotics (Pepper),TCN Autoencoder,WheelsControl,205,LedFaceRR3,0.001148,0.0188,99.416
Robotics (Pepper),TCN Autoencoder,WheelsControl,206,LedFaceBR4,0.001144,0.0187,99.434
Robotics (Pepper),TCN Autoencoder,WheelsControl,207,LedFaceRR6,0.001134,0.0186,99.453
Robotics (Pepper),TCN Autoencoder,WheelsControl,208,LedFaceRR8,0.001116,0.0183,99.471
Robotics (Pepper),TCN Autoencoder,WheelsControl,209,LedFaceRL8,0.001093,0.0179,99.489
Robotics (Pepper),TCN Autoencoder,WheelsControl,210,LedFaceGL6,0.00109,0.0178,99.507
Robotics (Pepper),TCN Autoencoder,WheelsControl,211,LedFaceRR2,0.001079,0.0177,99.525
Robotics (Pepper),TCN Autoencoder,WheelsControl,212,LedFaceGR8,0.001067,0.0175,99.542
Robotics (Pepper),TCN Autoencoder,WheelsControl,213,LedFaceBR1,0.001064,0.0174,99.56
Robotics (Pepper),TCN Autoencoder,WheelsControl,214,LedFaceBR5,0.00106,0.0173,99.577
Robotics (Pepper),TCN Autoencoder,WheelsControl,215,LedFaceBR8,0.001057,0.0173,99.594
Robotics (Pepper),TCN Autoencoder,WheelsControl,216,LedFaceGL3,0.001049,0.0172,99.611
Robotics (Pepper),TCN Autoencoder,WheelsControl,217,LedFaceRR4,0.00104,0.017,99.628
Robotics (Pepper),TCN Autoencoder,WheelsControl,218,LedFaceRR5,0.001031,0.0169,99.645
Robotics (Pepper),TCN Autoencoder,WheelsControl,219,LedFaceGR6,0.000989,0.0162,99.661
Robotics (Pepper),TCN Autoencoder,WheelsControl,220,LedFaceRL7,0.000982,0.0161,99.677
Robotics (Pepper),TCN Autoencoder,WheelsControl,221,LedFaceBR3,0.000979,0.016,99.694
Robotics (Pepper),TCN Autoencoder,WheelsControl,222,LedFaceBL1,0.000957,0.0157,99.709
Robotics (Pepper),TCN Autoencoder,WheelsControl,223,LedFaceRL1,0.000949,0.0155,99.725
Robotics (Pepper),TCN Autoencoder,WheelsControl,224,LedFaceBR7,0.000941,0.0154,99.74
Robotics (Pepper),TCN Autoencoder,WheelsControl,225,LedFaceGL4,0.00094,0.0154,99.756
Robotics (Pepper),TCN Autoencoder,WheelsControl,226,LedFaceGR2,0.000936,0.0153,99.771
Robotics (Pepper),TCN Autoencoder,WheelsControl,227,LedFaceGL5,0.000903,0.0148,99.786
Robotics (Pepper),TCN Autoencoder,WheelsControl,228,LedFaceRL2,0.000902,0.0148,99.8
Robotics (Pepper),TCN Autoencoder,WheelsControl,229,LedFaceBR2,0.000886,0.0145,99.815
Robotics (Pepper),TCN Autoencoder,WheelsControl,230,LedFaceGR3,0.000863,0.0141,99.829
Robotics (Pepper),TCN Autoencoder,WheelsControl,231,LedFaceGL1,0.000854,0.014,99.843
Robotics (Pepper),TCN Autoencoder,WheelsControl,232,LedFaceRL4,0.000851,0.0139,99.857
Robotics (Pepper),TCN Autoencoder,WheelsControl,233,LedFaceRL3,0.000842,0.0138,99.871
Robotics (Pepper),TCN Autoencoder,WheelsControl,234,LedFaceRR1,0.000838,0.0137,99.884
Robotics (Pepper),TCN Autoencoder,WheelsControl,235,LedFaceBL3,0.00082,0.0134,99.898
Robotics (Pepper),TCN Autoencoder,WheelsControl,236,LedFaceBR6,0.000812,0.0133,99.911
Robotics (Pepper),TCN Autoencoder,WheelsControl,237,LedFaceGR5,0.000805,0.0132,99.924
Robotics (Pepper),TCN Autoencoder,WheelsControl,238,LedFaceGL8,0.000799,0.0131,99.937
Robotics (Pepper),TCN Autoencoder,WheelsControl,239,LedFaceRR7,0.000779,0.0128,99.95
Robotics (Pepper),TCN Autoencoder,WheelsControl,240,LedFaceBL2,0.000757,0.0124,99.963
Robotics (Pepper),TCN Autoencoder,WheelsControl,241,LedFaceGR7,0.000753,0.0123,99.975
Robotics (Pepper),TCN Autoencoder,WheelsControl,242,LedFaceBL4,0.000702,0.0115,99.986
Robotics (Pepper),TCN Autoencoder,WheelsControl,243,LedFaceBL7,0.000653,0.0107,99.997
Robotics (Pepper),TCN Autoencoder,WheelsControl,244,LedShoulderB,0.000183,0.003,100.0
Robotics (Pepper),Transformer Autoencoder,JointControl,1,RShoulderPitch,0.218881,18.6176,18.618
Robotics (Pepper),Transformer Autoencoder,JointControl,2,LShoulderPitch,0.102096,8.6841,27.302
Robotics (Pepper),Transformer Autoencoder,JointControl,3,RShoulderRoll,0.052976,4.506,31.808
Robotics (Pepper),Transformer Autoencoder,JointControl,4,RWristYaw,0.040209,3.4201,35.228
Robotics (Pepper),Transformer Autoencoder,JointControl,5,LHandStiff,0.030487,2.5932,37.821
Robotics (Pepper),Transformer Autoencoder,JointControl,6,LaserF03X,0.020201,1.7183,39.539
Robotics (Pepper),Transformer Autoencoder,JointControl,7,LShoulderPitchStiff,0.019248,1.6372,41.177
Robotics (Pepper),Transformer Autoencoder,JointControl,8,LElbowYawStiff,0.018819,1.6007,42.777
Robotics (Pepper),Transformer Autoencoder,JointControl,9,LaserF03Y,0.018154,1.5441,44.321
Robotics (Pepper),Transformer Autoencoder,JointControl,10,LWristYawStiff,0.017776,1.512,45.833
Robotics (Pepper),Transformer Autoencoder,JointControl,11,LaserVeR01X,0.016847,1.433,47.266
Robotics (Pepper),Transformer Autoencoder,JointControl,12,RShoulderRollStiff,0.015432,1.3126,48.579
Robotics (Pepper),Transformer Autoencoder,JointControl,13,SonarB,0.015162,1.2897,49.869
Robotics (Pepper),Transformer Autoencoder,JointControl,14,LShoulderRoll,0.015017,1.2773,51.146
Robotics (Pepper),Transformer Autoencoder,JointControl,15,HipRoll,0.013742,1.1689,52.315
Robotics (Pepper),Transformer Autoencoder,JointControl,16,LaserVeR01Y,0.012989,1.1048,53.42
Robotics (Pepper),Transformer Autoencoder,JointControl,17,RElbowRoll,0.012891,1.0965,54.516
Robotics (Pepper),Transformer Autoencoder,JointControl,18,LShoulderRollStiff,0.012631,1.0744,55.591
Robotics (Pepper),Transformer Autoencoder,JointControl,19,LElbowRollStiff,0.011901,1.0123,56.603
Robotics (Pepper),Transformer Autoencoder,JointControl,20,InfraRedL,0.011587,0.9856,57.588
Robotics (Pepper),Transformer Autoencoder,JointControl,21,RShoulderPitchStiff,0.010652,0.906,58.494
Robotics (Pepper),Transformer Autoencoder,JointControl,22,AnglesX,0.010269,0.8735,59.368
Robotics (Pepper),Transformer Autoencoder,JointControl,23,Rhand,0.010163,0.8644,60.232
Robotics (Pepper),Transformer Autoencoder,JointControl,24,RElbowYawStiff,0.009694,0.8246,61.057
Robotics (Pepper),Transformer Autoencoder,JointControl,25,RhandStiff,0.008717,0.7415,61.798
Robotics (Pepper),Transformer Autoencoder,JointControl,26,RElbowRollStiff,0.008273,0.7037,62.502
Robotics (Pepper),Transformer Autoencoder,JointControl,27,LElbowRoll,0.007992,0.6798,63.182
Robotics (Pepper),Transformer Autoencoder,JointControl,28,RElbowYaw,0.007621,0.6482,63.83
Robotics (Pepper),Transformer Autoencoder,JointControl,29,LaserL15X,0.006876,0.5849,64.415
Robotics (Pepper),Transformer Autoencoder,JointControl,30,LaserF05Y,0.006839,0.5817,64.997
Robotics (Pepper),Transformer Autoencoder,JointControl,31,LaserL15Y,0.006685,0.5686,65.565
Robotics (Pepper),Transformer Autoencoder,JointControl,32,HeadYaw,0.006632,0.5641,66.129
Robotics (Pepper),Transformer Autoencoder,JointControl,33,LaserF05X,0.006497,0.5526,66.682
Robotics (Pepper),Transformer Autoencoder,JointControl,34,RWristYawStiff,0.006382,0.5428,67.225
Robotics (Pepper),Transformer Autoencoder,JointControl,35,AccelerometerX,0.006229,0.5298,67.755
Robotics (Pepper),Transformer Autoencoder,JointControl,36,LHand,0.005664,0.4818,68.236
Robotics (Pepper),Transformer Autoencoder,JointControl,37,LElbowRollTemp,0.005657,0.4812,68.718
Robotics (Pepper),Transformer Autoencoder,JointControl,38,LaserF07Y,0.005371,0.4568,69.174
Robotics (Pepper),Transformer Autoencoder,JointControl,39,LaserL14X,0.005324,0.4529,69.627
Robotics (Pepper),Transformer Autoencoder,JointControl,40,InfraRedR,0.005087,0.4327,70.06
Robotics (Pepper),Transformer Autoencoder,JointControl,41,LaserF11Y,0.004843,0.4119,70.472
Robotics (Pepper),Transformer Autoencoder,JointControl,42,HipRollStiff,0.004737,0.4029,70.875
Robotics (Pepper),Transformer Autoencoder,JointControl,43,LaserF04X,0.004732,0.4025,71.277
Robotics (Pepper),Transformer Autoencoder,JointControl,44,LaserF07X,0.00473,0.4023,71.68
Robotics (Pepper),Transformer Autoencoder,JointControl,45,LaserR01Y,0.004705,0.4002,72.08
Robotics (Pepper),Transformer Autoencoder,JointControl,46,AccelerometerZ,0.004637,0.3944,72.474
Robotics (Pepper),Transformer Autoencoder,JointControl,47,LaserL14Y,0.004532,0.3855,72.86
Robotics (Pepper),Transformer Autoencoder,JointControl,48,LaserF01Y,0.004417,0.3757,73.235
Robotics (Pepper),Transformer Autoencoder,JointControl,49,LElbowYawTemp,0.004401,0.3743,73.61
Robotics (Pepper),Transformer Autoencoder,JointControl,50,AccelerometerY,0.004364,0.3712,73.981
Robotics (Pepper),Transformer Autoencoder,JointControl,51,LaserF04Y,0.004251,0.3616,74.343
Robotics (Pepper),Transformer Autoencoder,JointControl,52,LaserF06X,0.004231,0.3599,74.702
Robotics (Pepper),Transformer Autoencoder,JointControl,53,LaserR01X,0.004221,0.359,75.061
Robotics (Pepper),Transformer Autoencoder,JointControl,54,LaserF06Y,0.004098,0.3486,75.41
Robotics (Pepper),Transformer Autoencoder,JointControl,55,LaserF11X,0.004033,0.343,75.753
Robotics (Pepper),Transformer Autoencoder,JointControl,56,LElbowYaw,0.003989,0.3393,76.092
Robotics (Pepper),Transformer Autoencoder,JointControl,57,LaserF02Y,0.003913,0.3328,76.425
Robotics (Pepper),Transformer Autoencoder,JointControl,58,GyroscopeY,0.003868,0.329,76.754
Robotics (Pepper),Transformer Autoencoder,JointControl,59,LaserF02X,0.003804,0.3236,77.078
Robotics (Pepper),Transformer Autoencoder,JointControl,60,LShoulderPitchTemp,0.00376,0.3198,77.398
Robotics (Pepper),Transformer Autoencoder,JointControl,61,LaserF01X,0.003749,0.3189,77.717
Robotics (Pepper),Transformer Autoencoder,JointControl,62,LaserVeL01Y,0.003594,0.3057,78.022
Robotics (Pepper),Transformer Autoencoder,JointControl,63,LaserF14Y,0.003528,0.3001,78.322
Robotics (Pepper),Transformer Autoencoder,JointControl,64,KneePicthStiff,0.003518,0.2992,78.622
Robotics (Pepper),Transformer Autoencoder,JointControl,65,LaserF06Y.1,0.00348,0.296,78.918
Robotics (Pepper),Transformer Autoencoder,JointControl,66,LaserF15X,0.003343,0.2843,79.202
Robotics (Pepper),Transformer Autoencoder,JointControl,67,LaserL13X,0.003338,0.2839,79.486
Robotics (Pepper),Transformer Autoencoder,JointControl,68,LaserF06X.1,0.003276,0.2787,79.764
Robotics (Pepper),Transformer Autoencoder,JointControl,69,LaserVeL01X,0.003224,0.2742,80.039
Robotics (Pepper),Transformer Autoencoder,JointControl,70,SonarF,0.003182,0.2707,80.309
Robotics (Pepper),Transformer Autoencoder,JointControl,71,LaserR07X,0.003112,0.2647,80.574
Robotics (Pepper),Transformer Autoencoder,JointControl,72,LaserF08X,0.003069,0.261,80.835
Robotics (Pepper),Transformer Autoencoder,JointControl,73,HipPicthStiff,0.003013,0.2563,81.091
Robotics (Pepper),Transformer Autoencoder,JointControl,74,LaserShovel03Y,0.002986,0.254,81.345
Robotics (Pepper),Transformer Autoencoder,JointControl,75,LaserF10Y,0.002896,0.2463,81.592
Robotics (Pepper),Transformer Autoencoder,JointControl,76,LaserShovel01Y,0.002878,0.2448,81.836
Robotics (Pepper),Transformer Autoencoder,JointControl,77,LaserF01Y.1,0.002854,0.2428,82.079
Robotics (Pepper),Transformer Autoencoder,JointControl,78,LaserShovel03X,0.002836,0.2412,82.32
Robotics (Pepper),Transformer Autoencoder,JointControl,79,LaserR15Y,0.002802,0.2383,82.559
Robotics (Pepper),Transformer Autoencoder,JointControl,80,LaserShovel02Y,0.002752,0.2341,82.793
Robotics (Pepper),Transformer Autoencoder,JointControl,81,AnglesY,0.002737,0.2328,83.026
Robotics (Pepper),Transformer Autoencoder,JointControl,82,KneePicth,0.002734,0.2325,83.258
Robotics (Pepper),Transformer Autoencoder,JointControl,83,LaserF14X,0.002722,0.2315,83.49
Robotics (Pepper),Transformer Autoencoder,JointControl,84,LaserR15X,0.002703,0.2299,83.72
Robotics (Pepper),Transformer Autoencoder,JointControl,85,HeadPicth,0.002695,0.2292,83.949
Robotics (Pepper),Transformer Autoencoder,JointControl,86,LaserL13Y,0.002686,0.2285,84.177
Robotics (Pepper),Transformer Autoencoder,JointControl,87,LaserF03Y.1,0.002677,0.2277,84.405
Robotics (Pepper),Transformer Autoencoder,JointControl,88,LWristYaw,0.002676,0.2276,84.633
Robotics (Pepper),Transformer Autoencoder,JointControl,89,HeadPicthTemp,0.002664,0.2266,84.859
Robotics (Pepper),Transformer Autoencoder,JointControl,90,HeadPicthStiff,0.002659,0.2262,85.085
Robotics (Pepper),Transformer Autoencoder,JointControl,91,AnglesZ,0.002658,0.2261,85.312
Robotics (Pepper),Transformer Autoencoder,JointControl,92,LaserShovel01X,0.002654,0.2257,85.537
Robotics (Pepper),Transformer Autoencoder,JointControl,93,LaserShovel02X,0.002652,0.2256,85.763
Robotics (Pepper),Transformer Autoencoder,JointControl,94,LaserF10X,0.002607,0.2217,85.985
Robotics (Pepper),Transformer Autoencoder,JointControl,95,LaserF05X.1,0.002585,0.2199,86.204
Robotics (Pepper),Transformer Autoencoder,JointControl,96,LaserR07Y,0.00258,0.2195,86.424
Robotics (Pepper),Transformer Autoencoder,JointControl,97,LaserF15Y,0.002563,0.218,86.642
Robotics (Pepper),Transformer Autoencoder,JointControl,98,LaserL11Y,0.00249,0.2118,86.854
Robotics (Pepper),Transformer Autoencoder,JointControl,99,LaserF01X.1,0.002432,0.2069,87.061
Robotics (Pepper),Transformer Autoencoder,JointControl,100,LaserF08Y,0.00241,0.205,87.266
Robotics (Pepper),Transformer Autoencoder,JointControl,101,LaserF05Y.1,0.002403,0.2044,87.47
Robotics (Pepper),Transformer Autoencoder,JointControl,102,HeadYawStiff,0.002387,0.203,87.673
Robotics (Pepper),Transformer Autoencoder,JointControl,103,RElbowYawTemp,0.002364,0.2011,87.874
Robotics (Pepper),Transformer Autoencoder,JointControl,104,GyroscopeZ,0.002362,0.2009,88.075
Robotics (Pepper),Transformer Autoencoder,JointControl,105,LaserF04X.1,0.002327,0.1979,88.273
Robotics (Pepper),Transformer Autoencoder,JointControl,106,LaserL11X,0.00232,0.1973,88.47
Robotics (Pepper),Transformer Autoencoder,JointControl,107,LaserL12X,0.002312,0.1967,88.667
Robotics (Pepper),Transformer Autoencoder,JointControl,108,LaserF12Y,0.002271,0.1932,88.86
Robotics (Pepper),Transformer Autoencoder,JointControl,109,LaserF07Y.1,0.002261,0.1923,89.052
Robotics (Pepper),Transformer Autoencoder,JointControl,110,LaserF12X,0.002244,0.1909,89.243
Robotics (Pepper),Transformer Autoencoder,JointControl,111,LaserR09Y,0.002203,0.1874,89.431
Robotics (Pepper),Transformer Autoencoder,JointControl,112,LaserF03X.1,0.002175,0.185,89.616
Robotics (Pepper),Transformer Autoencoder,JointControl,113,LedShoulderB,0.002167,0.1843,89.8
Robotics (Pepper),Transformer Autoencoder,JointControl,114,HipPicthTemp,0.002121,0.1804,89.98
Robotics (Pepper),Transformer Autoencoder,JointControl,115,GyroscopeX,0.002102,0.1788,90.159
Robotics (Pepper),Transformer Autoencoder,JointControl,116,WheelBTemp,0.002102,0.1788,90.338
Robotics (Pepper),Transformer Autoencoder,JointControl,117,LaserF04Y.1,0.00206,0.1752,90.513
Robotics (Pepper),Transformer Autoencoder,JointControl,118,LaserR10Y,0.002004,0.1705,90.684
Robotics (Pepper),Transformer Autoencoder,JointControl,119,LaserL12Y,0.001989,0.1692,90.853
Robotics (Pepper),Transformer Autoencoder,JointControl,120,LaserF09Y,0.001953,0.1661,91.019
Robotics (Pepper),Transformer Autoencoder,JointControl,121,LaserR06Y,0.001932,0.1643,91.183
Robotics (Pepper),Transformer Autoencoder,JointControl,122,LaserL10X,0.001921,0.1634,91.347
Robotics (Pepper),Transformer Autoencoder,JointControl,123,LaserR11Y,0.001921,0.1634,91.51
Robotics (Pepper),Transformer Autoencoder,JointControl,124,LaserR09X,0.001906,0.1621,91.672
Robotics (Pepper),Transformer Autoencoder,JointControl,125,RShoulderPitchTemp,0.001896,0.1613,91.833
Robotics (Pepper),Transformer Autoencoder,JointControl,126,LaserF07X.1,0.00188,0.1599,91.993
Robotics (Pepper),Transformer Autoencoder,JointControl,127,LaserF09X.1,0.001859,0.1581,92.151
Robotics (Pepper),Transformer Autoencoder,JointControl,128,LaserR08Y,0.001853,0.1576,92.309
Robotics (Pepper),Transformer Autoencoder,JointControl,129,WheelFRTemp,0.001845,0.1569,92.466
Robotics (Pepper),Transformer Autoencoder,JointControl,130,TabletTouchX,0.001833,0.1559,92.622
Robotics (Pepper),Transformer Autoencoder,JointControl,131,LaserR05Y,0.001816,0.1545,92.776
Robotics (Pepper),Transformer Autoencoder,JointControl,132,LaserR06X,0.001794,0.1526,92.929
Robotics (Pepper),Transformer Autoencoder,JointControl,133,LaserR02X,0.001784,0.1517,93.081
Robotics (Pepper),Transformer Autoencoder,JointControl,134,WheelFRSpeed,0.001783,0.1517,93.232
Robotics (Pepper),Transformer Autoencoder,JointControl,135,LaserR05X,0.001771,0.1506,93.383
Robotics (Pepper),Transformer Autoencoder,JointControl,136,LaserR03X,0.001746,0.1485,93.532
Robotics (Pepper),Transformer Autoencoder,JointControl,137,LaserR02Y,0.001741,0.1481,93.68
Robotics (Pepper),Transformer Autoencoder,JointControl,138,LaserR12Y,0.001733,0.1474,93.827
Robotics (Pepper),Transformer Autoencoder,JointControl,139,TabletTouchY,0.001719,0.1462,93.973
Robotics (Pepper),Transformer Autoencoder,JointControl,140,LaserR13Y,0.001708,0.1453,94.119
Robotics (Pepper),Transformer Autoencoder,JointControl,141,LaserL10Y,0.001683,0.1432,94.262
Robotics (Pepper),Transformer Autoencoder,JointControl,142,LaserF13X,0.001669,0.142,94.404
Robotics (Pepper),Transformer Autoencoder,JointControl,143,WheelFRStiff,0.001666,0.1417,94.545
Robotics (Pepper),Transformer Autoencoder,JointControl,144,LaserR10X,0.001618,0.1376,94.683
Robotics (Pepper),Transformer Autoencoder,JointControl,145,LaserR11X,0.001612,0.1371,94.82
Robotics (Pepper),Transformer Autoencoder,JointControl,146,LedEarL3,0.001603,0.1363,94.956
Robotics (Pepper),Transformer Autoencoder,JointControl,147,LaserF08X.1,0.001595,0.1357,95.092
Robotics (Pepper),Transformer Autoencoder,JointControl,148,WheelBStiff,0.001584,0.1347,95.227
Robotics (Pepper),Transformer Autoencoder,JointControl,149,LaserF02Y.1,0.001574,0.1339,95.361
Robotics (Pepper),Transformer Autoencoder,JointControl,150,WheelBSpeed,0.001574,0.1339,95.495
Robotics (Pepper),Transformer Autoencoder,JointControl,151,LaserF02X.1,0.001562,0.1329,95.627
Robotics (Pepper),Transformer Autoencoder,JointControl,152,LaserF09Y.1,0.001558,0.1325,95.76
Robotics (Pepper),Transformer Autoencoder,JointControl,153,WheelFLSpeed,0.001557,0.1324,95.892
Robotics (Pepper),Transformer Autoencoder,JointControl,154,LHandTemp,0.001535,0.1306,96.023
Robotics (Pepper),Transformer Autoencoder,JointControl,155,LaserR03Y,0.001516,0.1289,96.152
Robotics (Pepper),Transformer Autoencoder,JointControl,156,LShoulderRollTemp,0.001502,0.1278,96.28
Robotics (Pepper),Transformer Autoencoder,JointControl,157,KneePicthTemp,0.001487,0.1265,96.406
Robotics (Pepper),Transformer Autoencoder,JointControl,158,HeadYawTemp,0.001483,0.1261,96.532
Robotics (Pepper),Transformer Autoencoder,JointControl,159,LaserR04X,0.001483,0.1261,96.658
Robotics (Pepper),Transformer Autoencoder,JointControl,160,LaserR12X,0.001468,0.1249,96.783
Robotics (Pepper),Transformer Autoencoder,JointControl,161,WheelFLTemp,0.001465,0.1246,96.908
Robotics (Pepper),Transformer Autoencoder,JointControl,162,LaserR04Y,0.001452,0.1235,97.031
Robotics (Pepper),Transformer Autoencoder,JointControl,163,LWristYawTemp,0.001446,0.123,97.154
Robotics (Pepper),Transformer Autoencoder,JointControl,164,LaserR08X,0.001411,0.12,97.274
Robotics (Pepper),Transformer Autoencoder,JointControl,165,LaserF13Y,0.001395,0.1187,97.393
Robotics (Pepper),Transformer Autoencoder,JointControl,166,LaserF08Y.1,0.001384,0.1177,97.511
Robotics (Pepper),Transformer Autoencoder,JointControl,167,HipPicth,0.001357,0.1154,97.626
Robotics (Pepper),Transformer Autoencoder,JointControl,168,RShoulderRollTemp,0.001338,0.1138,97.74
Robotics (Pepper),Transformer Autoencoder,JointControl,169,LaserR14Y,0.001337,0.1137,97.854
Robotics (Pepper),Transformer Autoencoder,JointControl,170,HipRollTemp,0.001256,0.1068,97.961
Robotics (Pepper),Transformer Autoencoder,JointControl,171,RElbowRollTemp,0.001231,0.1047,98.065
Robotics (Pepper),Transformer Autoencoder,JointControl,172,LaserR13X,0.001213,0.1032,98.169
Robotics (Pepper),Transformer Autoencoder,JointControl,173,RWristYawTemp,0.001203,0.1023,98.271
Robotics (Pepper),Transformer Autoencoder,JointControl,174,LaserF09X,0.001198,0.1019,98.373
Robotics (Pepper),Transformer Autoencoder,JointControl,175,LaserR14X,0.001164,0.099,98.472
Robotics (Pepper),Transformer Autoencoder,JointControl,176,RhandTemp,0.001143,0.0972,98.569
Robotics (Pepper),Transformer Autoencoder,JointControl,177,WheelFLStiff,0.001095,0.0931,98.662
Robotics (Pepper),Transformer Autoencoder,JointControl,178,LedEarR3,0.001089,0.0926,98.755
Robotics (Pepper),Transformer Autoencoder,JointControl,179,LedEarR1,0.001042,0.0886,98.843
Robotics (Pepper),Transformer Autoencoder,JointControl,180,LedEarL1,0.001015,0.0863,98.93
Robotics (Pepper),Transformer Autoencoder,JointControl,181,LedEarR10,0.000989,0.0841,99.014
Robotics (Pepper),Transformer Autoencoder,JointControl,182,LedEarR2,0.000892,0.0759,99.09
Robotics (Pepper),Transformer Autoencoder,JointControl,183,LedEarL2,0.000865,0.0736,99.163
Robotics (Pepper),Transformer Autoencoder,JointControl,184,LedEarL6,0.000838,0.0713,99.235
Robotics (Pepper),Transformer Autoencoder,JointControl,185,LedEarR4,0.000803,0.0683,99.303
Robotics (Pepper),Transformer Autoencoder,JointControl,186,LedEarR6,0.000734,0.0624,99.365
Robotics (Pepper),Transformer Autoencoder,JointControl,187,LedEarL5,0.000687,0.0584,99.424
Robotics (Pepper),Transformer Autoencoder,JointControl,188,LedEarR9,0.000681,0.0579,99.482
Robotics (Pepper),Transformer Autoencoder,JointControl,189,LedEarL9,0.000681,0.0579,99.54
Robotics (Pepper),Transformer Autoencoder,JointControl,190,LedEarL4,0.000669,0.0569,99.596
Robotics (Pepper),Transformer Autoencoder,JointControl,191,LedEarR7,0.00062,0.0527,99.649
Robotics (Pepper),Transformer Autoencoder,JointControl,192,LedEarR5,0.000601,0.0511,99.7
Robotics (Pepper),Transformer Autoencoder,JointControl,193,LedEarL10,0.000556,0.0473,99.748
Robotics (Pepper),Transformer Autoencoder,JointControl,194,LedEarL7,0.000548,0.0466,99.794
Robotics (Pepper),Transformer Autoencoder,JointControl,195,LedEarL8,0.000526,0.0447,99.839
Robotics (Pepper),Transformer Autoencoder,JointControl,196,LedEarR8,0.000385,0.0327,99.872
Robotics (Pepper),Transformer Autoencoder,JointControl,197,LedFaceBL5,6.4e-05,0.0054,99.877
Robotics (Pepper),Transformer Autoencoder,JointControl,198,LedFaceGR4,5.3e-05,0.0045,99.882
Robotics (Pepper),Transformer Autoencoder,JointControl,199,LedFaceBR4,5.1e-05,0.0043,99.886
Robotics (Pepper),Transformer Autoencoder,JointControl,200,LedFaceRL1,4.6e-05,0.0039,99.89
Robotics (Pepper),Transformer Autoencoder,JointControl,201,LedFaceBL8,4.5e-05,0.0038,99.894
Robotics (Pepper),Transformer Autoencoder,JointControl,202,LedFaceGR6,4.4e-05,0.0037,99.898
Robotics (Pepper),Transformer Autoencoder,JointControl,203,LedFaceGR2,4.2e-05,0.0036,99.901
Robotics (Pepper),Transformer Autoencoder,JointControl,204,LedFaceBL4,4.2e-05,0.0036,99.905
Robotics (Pepper),Transformer Autoencoder,JointControl,205,LedFaceBR2,4e-05,0.0034,99.908
Robotics (Pepper),Transformer Autoencoder,JointControl,206,LedFaceBL7,3.8e-05,0.0032,99.911
Robotics (Pepper),Transformer Autoencoder,JointControl,207,LedFaceGL8,3.8e-05,0.0032,99.915
Robotics (Pepper),Transformer Autoencoder,JointControl,208,LedFaceGL7,3.8e-05,0.0032,99.918
Robotics (Pepper),Transformer Autoencoder,JointControl,209,LedFaceBR5,3.8e-05,0.0032,99.921
Robotics (Pepper),Transformer Autoencoder,JointControl,210,LedFaceBL6,3.6e-05,0.0031,99.924
Robotics (Pepper),Transformer Autoencoder,JointControl,211,LedFaceRR6,3.5e-05,0.003,99.927
Robotics (Pepper),Transformer Autoencoder,JointControl,212,LedFaceGL5,3.5e-05,0.003,99.93
Robotics (Pepper),Transformer Autoencoder,JointControl,213,LedFaceGL4,3.5e-05,0.003,99.933
Robotics (Pepper),Transformer Autoencoder,JointControl,214,LedFaceRR8,3.5e-05,0.003,99.936
Robotics (Pepper),Transformer Autoencoder,JointControl,215,LedFaceRR2,3.4e-05,0.0029,99.939
Robotics (Pepper),Transformer Autoencoder,JointControl,216,LedFaceRL4,3.3e-05,0.0028,99.942
Robotics (Pepper),Transformer Autoencoder,JointControl,217,LedFaceBR3,3.3e-05,0.0028,99.944
Robotics (Pepper),Transformer Autoencoder,JointControl,218,LedFaceRL2,3.2e-05,0.0027,99.947
Robotics (Pepper),Transformer Autoencoder,JointControl,219,LedFaceGR8,3.1e-05,0.0026,99.95
Robotics (Pepper),Transformer Autoencoder,JointControl,220,LedFaceGL1,3e-05,0.0026,99.952
Robotics (Pepper),Transformer Autoencoder,JointControl,221,LedFaceGR7,3e-05,0.0026,99.955
Robotics (Pepper),Transformer Autoencoder,JointControl,222,LedFaceRL5,2.9e-05,0.0025,99.957
Robotics (Pepper),Transformer Autoencoder,JointControl,223,LedFaceRR4,2.9e-05,0.0025,99.96
Robotics (Pepper),Transformer Autoencoder,JointControl,224,LedFaceRR3,2.8e-05,0.0024,99.962
Robotics (Pepper),Transformer Autoencoder,JointControl,225,LedFaceGR5,2.7e-05,0.0023,99.965
Robotics (Pepper),Transformer Autoencoder,JointControl,226,LedFaceRR5,2.7e-05,0.0023,99.967
Robotics (Pepper),Transformer Autoencoder,JointControl,227,LedFaceBL1,2.7e-05,0.0023,99.969
Robotics (Pepper),Transformer Autoencoder,JointControl,228,LedFaceRR7,2.7e-05,0.0023,99.971
Robotics (Pepper),Transformer Autoencoder,JointControl,229,LedFaceRL6,2.6e-05,0.0022,99.974
Robotics (Pepper),Transformer Autoencoder,JointControl,230,LedFaceGL3,2.6e-05,0.0022,99.976
Robotics (Pepper),Transformer Autoencoder,JointControl,231,LedFaceRL3,2.5e-05,0.0021,99.978
Robotics (Pepper),Transformer Autoencoder,JointControl,232,LedFaceBR8,2.4e-05,0.002,99.98
Robotics (Pepper),Transformer Autoencoder,JointControl,233,LedFaceRL8,2.3e-05,0.002,99.982
Robotics (Pepper),Transformer Autoencoder,JointControl,234,LedFaceRL7,2.3e-05,0.002,99.984
Robotics (Pepper),Transformer Autoencoder,JointControl,235,LedFaceBR7,2.2e-05,0.0019,99.986
Robotics (Pepper),Transformer Autoencoder,JointControl,236,LedFaceGL2,2.2e-05,0.0019,99.988
Robotics (Pepper),Transformer Autoencoder,JointControl,237,LedFaceRR1,2.1e-05,0.0018,99.989
Robotics (Pepper),Transformer Autoencoder,JointControl,238,LedFaceBL2,2e-05,0.0017,99.991
Robotics (Pepper),Transformer Autoencoder,JointControl,239,LedFaceGR3,2e-05,0.0017,99.993
Robotics (Pepper),Transformer Autoencoder,JointControl,240,LedFaceBL3,2e-05,0.0017,99.995
Robotics (Pepper),Transformer Autoencoder,JointControl,241,LedFaceGR1,1.8e-05,0.0015,99.996
Robotics (Pepper),Transformer Autoencoder,JointControl,242,LedFaceBR6,1.6e-05,0.0014,99.997
Robotics (Pepper),Transformer Autoencoder,JointControl,243,LedFaceBR1,1.5e-05,0.0013,99.999
Robotics (Pepper),Transformer Autoencoder,JointControl,244,LedFaceGL6,1.5e-05,0.0013,100.0
Robotics (Pepper),Transformer Autoencoder,LedsControl,1,TabletTouchX,0.285096,3.8578,3.858
Robotics (Pepper),Transformer Autoencoder,LedsControl,2,LedFaceBR5,0.157725,2.1342,5.992
Robotics (Pepper),Transformer Autoencoder,LedsControl,3,LedFaceBL4,0.150252,2.0331,8.025
Robotics (Pepper),Transformer Autoencoder,LedsControl,4,LedEarR3,0.123251,1.6678,9.693
Robotics (Pepper),Transformer Autoencoder,LedsControl,5,LedFaceBL3,0.122464,1.6571,11.35
Robotics (Pepper),Transformer Autoencoder,LedsControl,6,TabletTouchY,0.118591,1.6047,12.955
Robotics (Pepper),Transformer Autoencoder,LedsControl,7,LedFaceBR7,0.117675,1.5923,14.547
Robotics (Pepper),Transformer Autoencoder,LedsControl,8,LedFaceBL2,0.113819,1.5401,16.087
Robotics (Pepper),Transformer Autoencoder,LedsControl,9,LedEarL8,0.112404,1.521,17.608
Robotics (Pepper),Transformer Autoencoder,LedsControl,10,LedFaceBR4,0.109639,1.4836,19.092
Robotics (Pepper),Transformer Autoencoder,LedsControl,11,LedEarL3,0.10833,1.4659,20.558
Robotics (Pepper),Transformer Autoencoder,LedsControl,12,LedEarR8,0.10559,1.4288,21.986
Robotics (Pepper),Transformer Autoencoder,LedsControl,13,LedFaceBL5,0.095227,1.2886,23.275
Robotics (Pepper),Transformer Autoencoder,LedsControl,14,HipPicth,0.091512,1.2383,24.513
Robotics (Pepper),Transformer Autoencoder,LedsControl,15,LedFaceBR6,0.088485,1.1973,25.711
Robotics (Pepper),Transformer Autoencoder,LedsControl,16,LedFaceBR2,0.086629,1.1722,26.883
Robotics (Pepper),Transformer Autoencoder,LedsControl,17,RShoulderPitch,0.083279,1.1269,28.01
Robotics (Pepper),Transformer Autoencoder,LedsControl,18,LedFaceGL4,0.079668,1.078,29.088
Robotics (Pepper),Transformer Autoencoder,LedsControl,19,LedFaceBR8,0.07874,1.0655,30.153
Robotics (Pepper),Transformer Autoencoder,LedsControl,20,LedFaceBL1,0.075721,1.0246,31.178
Robotics (Pepper),Transformer Autoencoder,LedsControl,21,LedFaceGR6,0.075605,1.023,32.201
Robotics (Pepper),Transformer Autoencoder,LedsControl,22,LedFaceBR3,0.075056,1.0156,33.216
Robotics (Pepper),Transformer Autoencoder,LedsControl,23,LedFaceBL6,0.072405,0.9797,34.196
Robotics (Pepper),Transformer Autoencoder,LedsControl,24,LedFaceBL7,0.06957,0.9414,35.138
Robotics (Pepper),Transformer Autoencoder,LedsControl,25,KneePicth,0.068634,0.9287,36.066
Robotics (Pepper),Transformer Autoencoder,LedsControl,26,RElbowYaw,0.068466,0.9264,36.993
Robotics (Pepper),Transformer Autoencoder,LedsControl,27,LedFaceGL5,0.066102,0.8945,37.887
Robotics (Pepper),Transformer Autoencoder,LedsControl,28,LedFaceGR5,0.064186,0.8685,38.756
Robotics (Pepper),Transformer Autoencoder,LedsControl,29,LedFaceRL6,0.063249,0.8558,39.612
Robotics (Pepper),Transformer Autoencoder,LedsControl,30,LedFaceGL1,0.061941,0.8382,40.45
Robotics (Pepper),Transformer Autoencoder,LedsControl,31,LedFaceBL8,0.061828,0.8366,41.286
Robotics (Pepper),Transformer Autoencoder,LedsControl,32,LedFaceGL8,0.061696,0.8348,42.121
Robotics (Pepper),Transformer Autoencoder,LedsControl,33,LedFaceGR1,0.060928,0.8244,42.946
Robotics (Pepper),Transformer Autoencoder,LedsControl,34,LedFaceGR7,0.060637,0.8205,43.766
Robotics (Pepper),Transformer Autoencoder,LedsControl,35,LedEarL1,0.05797,0.7844,44.55
Robotics (Pepper),Transformer Autoencoder,LedsControl,36,LedFaceGL3,0.057901,0.7835,45.334
Robotics (Pepper),Transformer Autoencoder,LedsControl,37,LedFaceBR1,0.057255,0.7747,46.109
Robotics (Pepper),Transformer Autoencoder,LedsControl,38,LedEarR1,0.056855,0.7693,46.878
Robotics (Pepper),Transformer Autoencoder,LedsControl,39,LedFaceRR6,0.056152,0.7598,47.638
Robotics (Pepper),Transformer Autoencoder,LedsControl,40,LedFaceGL7,0.055661,0.7532,48.391
Robotics (Pepper),Transformer Autoencoder,LedsControl,41,LedFaceRL2,0.053157,0.7193,49.11
Robotics (Pepper),Transformer Autoencoder,LedsControl,42,LedEarR10,0.053143,0.7191,49.829
Robotics (Pepper),Transformer Autoencoder,LedsControl,43,LedShoulderB,0.052696,0.7131,50.542
Robotics (Pepper),Transformer Autoencoder,LedsControl,44,LedFaceGL2,0.050663,0.6855,51.228
Robotics (Pepper),Transformer Autoencoder,LedsControl,45,HeadPicth,0.047868,0.6477,51.876
Robotics (Pepper),Transformer Autoencoder,LedsControl,46,RWristYawStiff,0.047843,0.6474,52.523
Robotics (Pepper),Transformer Autoencoder,LedsControl,47,LedEarL9,0.047042,0.6365,53.16
Robotics (Pepper),Transformer Autoencoder,LedsControl,48,LedFaceRR1,0.045985,0.6222,53.782
Robotics (Pepper),Transformer Autoencoder,LedsControl,49,LedFaceRR2,0.045682,0.6181,54.4
Robotics (Pepper),Transformer Autoencoder,LedsControl,50,LedEarL7,0.045654,0.6178,55.018
Robotics (Pepper),Transformer Autoencoder,LedsControl,51,LedFaceRR5,0.04554,0.6162,55.634
Robotics (Pepper),Transformer Autoencoder,LedsControl,52,LedFaceGR8,0.045403,0.6144,56.248
Robotics (Pepper),Transformer Autoencoder,LedsControl,53,LedFaceGR3,0.044483,0.6019,56.85
Robotics (Pepper),Transformer Autoencoder,LedsControl,54,LedEarL5,0.044482,0.6019,57.452
Robotics (Pepper),Transformer Autoencoder,LedsControl,55,LedFaceRL1,0.044285,0.5992,58.051
Robotics (Pepper),Transformer Autoencoder,LedsControl,56,LedFaceGR2,0.044079,0.5965,58.648
Robotics (Pepper),Transformer Autoencoder,LedsControl,57,LedFaceGR4,0.043509,0.5887,59.237
Robotics (Pepper),Transformer Autoencoder,LedsControl,58,LedEarL2,0.042872,0.5801,59.817
Robotics (Pepper),Transformer Autoencoder,LedsControl,59,HipRoll,0.042671,0.5774,60.394
Robotics (Pepper),Transformer Autoencoder,LedsControl,60,LedEarL4,0.042508,0.5752,60.969
Robotics (Pepper),Transformer Autoencoder,LedsControl,61,LedFaceRL4,0.041521,0.5618,61.531
Robotics (Pepper),Transformer Autoencoder,LedsControl,62,LedEarR4,0.040996,0.5547,62.086
Robotics (Pepper),Transformer Autoencoder,LedsControl,63,RShoulderRollStiff,0.040732,0.5512,62.637
Robotics (Pepper),Transformer Autoencoder,LedsControl,64,LedFaceRR4,0.040455,0.5474,63.185
Robotics (Pepper),Transformer Autoencoder,LedsControl,65,RWristYaw,0.040315,0.5455,63.73
Robotics (Pepper),Transformer Autoencoder,LedsControl,66,LedEarR7,0.039291,0.5317,64.262
Robotics (Pepper),Transformer Autoencoder,LedsControl,67,LedEarR9,0.039158,0.5299,64.792
Robotics (Pepper),Transformer Autoencoder,LedsControl,68,LedFaceRL5,0.038438,0.5201,65.312
Robotics (Pepper),Transformer Autoencoder,LedsControl,69,LedEarR2,0.03834,0.5188,65.831
Robotics (Pepper),Transformer Autoencoder,LedsControl,70,LShoulderPitch,0.036645,0.4959,66.326
Robotics (Pepper),Transformer Autoencoder,LedsControl,71,LedFaceRL7,0.036029,0.4875,66.814
Robotics (Pepper),Transformer Autoencoder,LedsControl,72,LedFaceRL3,0.035901,0.4858,67.3
Robotics (Pepper),Transformer Autoencoder,LedsControl,73,LedEarR6,0.035715,0.4833,67.783
Robotics (Pepper),Transformer Autoencoder,LedsControl,74,LedEarR5,0.035705,0.4831,68.266
Robotics (Pepper),Transformer Autoencoder,LedsControl,75,LedEarL6,0.03485,0.4716,68.738
Robotics (Pepper),Transformer Autoencoder,LedsControl,76,RElbowRoll,0.034033,0.4605,69.198
Robotics (Pepper),Transformer Autoencoder,LedsControl,77,LedFaceRL8,0.034007,0.4602,69.658
Robotics (Pepper),Transformer Autoencoder,LedsControl,78,LedFaceRR8,0.033349,0.4513,70.11
Robotics (Pepper),Transformer Autoencoder,LedsControl,79,LedEarL10,0.033097,0.4478,70.557
Robotics (Pepper),Transformer Autoencoder,LedsControl,80,LedFaceRR7,0.032707,0.4426,71.0
Robotics (Pepper),Transformer Autoencoder,LedsControl,81,LaserR13X,0.032588,0.441,71.441
Robotics (Pepper),Transformer Autoencoder,LedsControl,82,InfraRedL,0.029719,0.4021,71.843
Robotics (Pepper),Transformer Autoencoder,LedsControl,83,HipRollStiff,0.02912,0.394,72.237
Robotics (Pepper),Transformer Autoencoder,LedsControl,84,LaserF10Y,0.02781,0.3763,72.613
Robotics (Pepper),Transformer Autoencoder,LedsControl,85,LaserR13Y,0.026915,0.3642,72.978
Robotics (Pepper),Transformer Autoencoder,LedsControl,86,HeadPicthStiff,0.026371,0.3568,73.335
Robotics (Pepper),Transformer Autoencoder,LedsControl,87,SonarB,0.026254,0.3553,73.69
Robotics (Pepper),Transformer Autoencoder,LedsControl,88,AccelerometerX,0.025464,0.3446,74.034
Robotics (Pepper),Transformer Autoencoder,LedsControl,89,LaserF05X,0.025428,0.3441,74.378
Robotics (Pepper),Transformer Autoencoder,LedsControl,90,LaserF10X,0.024689,0.3341,74.712
Robotics (Pepper),Transformer Autoencoder,LedsControl,91,RShoulderPitchStiff,0.024635,0.3333,75.046
Robotics (Pepper),Transformer Autoencoder,LedsControl,92,LaserF12X,0.024171,0.3271,75.373
Robotics (Pepper),Transformer Autoencoder,LedsControl,93,LaserF11Y,0.024124,0.3264,75.699
Robotics (Pepper),Transformer Autoencoder,LedsControl,94,LHandStiff,0.024114,0.3263,76.026
Robotics (Pepper),Transformer Autoencoder,LedsControl,95,RShoulderRoll,0.023796,0.322,76.348
Robotics (Pepper),Transformer Autoencoder,LedsControl,96,LedFaceGL6,0.023569,0.3189,76.667
Robotics (Pepper),Transformer Autoencoder,LedsControl,97,WheelFLStiff,0.023147,0.3132,76.98
Robotics (Pepper),Transformer Autoencoder,LedsControl,98,LaserF05Y,0.023132,0.313,77.293
Robotics (Pepper),Transformer Autoencoder,LedsControl,99,AccelerometerZ,0.02311,0.3127,77.605
Robotics (Pepper),Transformer Autoencoder,LedsControl,100,LedFaceRR3,0.023109,0.3127,77.918
Robotics (Pepper),Transformer Autoencoder,LedsControl,101,LaserF06Y.1,0.022935,0.3103,78.229
Robotics (Pepper),Transformer Autoencoder,LedsControl,102,RElbowYawStiff,0.022915,0.3101,78.539
Robotics (Pepper),Transformer Autoencoder,LedsControl,103,LaserF11X,0.022296,0.3017,78.84
Robotics (Pepper),Transformer Autoencoder,LedsControl,104,RElbowRollStiff,0.021591,0.2922,79.132
Robotics (Pepper),Transformer Autoencoder,LedsControl,105,LaserF12Y,0.021492,0.2908,79.423
Robotics (Pepper),Transformer Autoencoder,LedsControl,106,HeadYaw,0.021468,0.2905,79.714
Robotics (Pepper),Transformer Autoencoder,LedsControl,107,AnglesX,0.021342,0.2888,80.003
Robotics (Pepper),Transformer Autoencoder,LedsControl,108,GyroscopeY,0.020355,0.2754,80.278
Robotics (Pepper),Transformer Autoencoder,LedsControl,109,RhandStiff,0.019607,0.2653,80.543
Robotics (Pepper),Transformer Autoencoder,LedsControl,110,LaserF06X,0.019515,0.2641,80.807
Robotics (Pepper),Transformer Autoencoder,LedsControl,111,LElbowYawStiff,0.019374,0.2622,81.07
Robotics (Pepper),Transformer Autoencoder,LedsControl,112,AccelerometerY,0.019015,0.2573,81.327
Robotics (Pepper),Transformer Autoencoder,LedsControl,113,LElbowYaw,0.018544,0.2509,81.578
Robotics (Pepper),Transformer Autoencoder,LedsControl,114,LaserF06X.1,0.01846,0.2498,81.828
Robotics (Pepper),Transformer Autoencoder,LedsControl,115,LaserL14X,0.018259,0.2471,82.075
Robotics (Pepper),Transformer Autoencoder,LedsControl,116,GyroscopeX,0.017109,0.2315,82.306
Robotics (Pepper),Transformer Autoencoder,LedsControl,117,KneePicthStiff,0.017087,0.2312,82.537
Robotics (Pepper),Transformer Autoencoder,LedsControl,118,LaserF06Y,0.016694,0.2259,82.763
Robotics (Pepper),Transformer Autoencoder,LedsControl,119,LWristYawStiff,0.016537,0.2238,82.987
Robotics (Pepper),Transformer Autoencoder,LedsControl,120,Rhand,0.016504,0.2233,83.21
Robotics (Pepper),Transformer Autoencoder,LedsControl,121,LaserF13Y,0.016344,0.2212,83.431
Robotics (Pepper),Transformer Autoencoder,LedsControl,122,HipPicthStiff,0.016335,0.221,83.653
Robotics (Pepper),Transformer Autoencoder,LedsControl,123,WheelFRSpeed,0.01629,0.2204,83.873
Robotics (Pepper),Transformer Autoencoder,LedsControl,124,LaserF13X,0.016117,0.2181,84.091
Robotics (Pepper),Transformer Autoencoder,LedsControl,125,LaserVeR01X,0.016107,0.218,84.309
Robotics (Pepper),Transformer Autoencoder,LedsControl,126,LaserF01Y,0.015913,0.2153,84.524
Robotics (Pepper),Transformer Autoencoder,LedsControl,127,LaserF08X,0.015767,0.2134,84.738
Robotics (Pepper),Transformer Autoencoder,LedsControl,128,LShoulderRollStiff,0.015716,0.2127,84.95
Robotics (Pepper),Transformer Autoencoder,LedsControl,129,LaserF01X,0.015707,0.2125,85.163
Robotics (Pepper),Transformer Autoencoder,LedsControl,130,InfraRedR,0.015315,0.2072,85.37
Robotics (Pepper),Transformer Autoencoder,LedsControl,131,WheelFLSpeed,0.014618,0.1978,85.568
Robotics (Pepper),Transformer Autoencoder,LedsControl,132,HeadYawStiff,0.01444,0.1954,85.763
Robotics (Pepper),Transformer Autoencoder,LedsControl,133,GyroscopeZ,0.014423,0.1952,85.958
Robotics (Pepper),Transformer Autoencoder,LedsControl,134,LaserR14Y,0.014192,0.192,86.15
Robotics (Pepper),Transformer Autoencoder,LedsControl,135,WheelBSpeed,0.014134,0.1913,86.342
Robotics (Pepper),Transformer Autoencoder,LedsControl,136,LaserR01X,0.014103,0.1908,86.533
Robotics (Pepper),Transformer Autoencoder,LedsControl,137,LaserF05Y.1,0.013946,0.1887,86.721
Robotics (Pepper),Transformer Autoencoder,LedsControl,138,LElbowRoll,0.01373,0.1858,86.907
Robotics (Pepper),Transformer Autoencoder,LedsControl,139,LaserF07X.1,0.013582,0.1838,87.091
Robotics (Pepper),Transformer Autoencoder,LedsControl,140,LaserF04Y.1,0.013125,0.1776,87.268
Robotics (Pepper),Transformer Autoencoder,LedsControl,141,LaserShovel01X,0.013124,0.1776,87.446
Robotics (Pepper),Transformer Autoencoder,LedsControl,142,LaserF05X.1,0.012995,0.1758,87.622
Robotics (Pepper),Transformer Autoencoder,LedsControl,143,LaserVeR01Y,0.012892,0.1744,87.796
Robotics (Pepper),Transformer Autoencoder,LedsControl,144,LaserF08Y,0.012803,0.1732,87.97
Robotics (Pepper),Transformer Autoencoder,LedsControl,145,LElbowYawTemp,0.012757,0.1726,88.142
Robotics (Pepper),Transformer Autoencoder,LedsControl,146,LaserF08X.1,0.012724,0.1722,88.314
Robotics (Pepper),Transformer Autoencoder,LedsControl,147,LHand,0.012572,0.1701,88.484
Robotics (Pepper),Transformer Autoencoder,LedsControl,148,LaserL15X,0.012398,0.1678,88.652
Robotics (Pepper),Transformer Autoencoder,LedsControl,149,LaserR01Y,0.012367,0.1673,88.82
Robotics (Pepper),Transformer Autoencoder,LedsControl,150,LaserF07Y.1,0.012217,0.1653,88.985
Robotics (Pepper),Transformer Autoencoder,LedsControl,151,LaserF14Y,0.012135,0.1642,89.149
Robotics (Pepper),Transformer Autoencoder,LedsControl,152,LaserF09Y,0.011934,0.1615,89.311
Robotics (Pepper),Transformer Autoencoder,LedsControl,153,AnglesZ,0.011915,0.1612,89.472
Robotics (Pepper),Transformer Autoencoder,LedsControl,154,LaserF14X,0.011899,0.161,89.633
Robotics (Pepper),Transformer Autoencoder,LedsControl,155,LaserF01X.1,0.011722,0.1586,89.791
Robotics (Pepper),Transformer Autoencoder,LedsControl,156,LaserL14Y,0.011651,0.1577,89.949
Robotics (Pepper),Transformer Autoencoder,LedsControl,157,LaserF02Y,0.011613,0.1571,90.106
Robotics (Pepper),Transformer Autoencoder,LedsControl,158,LaserF04Y,0.011404,0.1543,90.261
Robotics (Pepper),Transformer Autoencoder,LedsControl,159,LaserL13Y,0.011378,0.154,90.415
Robotics (Pepper),Transformer Autoencoder,LedsControl,160,LShoulderPitchStiff,0.011171,0.1512,90.566
Robotics (Pepper),Transformer Autoencoder,LedsControl,161,LaserR04Y,0.01099,0.1487,90.714
Robotics (Pepper),Transformer Autoencoder,LedsControl,162,LaserF09X,0.010925,0.1478,90.862
Robotics (Pepper),Transformer Autoencoder,LedsControl,163,LaserR04X,0.010871,0.1471,91.009
Robotics (Pepper),Transformer Autoencoder,LedsControl,164,LaserF04X,0.010836,0.1466,91.156
Robotics (Pepper),Transformer Autoencoder,LedsControl,165,LaserF04X.1,0.010833,0.1466,91.303
Robotics (Pepper),Transformer Autoencoder,LedsControl,166,LaserVeL01Y,0.010796,0.1461,91.449
Robotics (Pepper),Transformer Autoencoder,LedsControl,167,LaserF03Y,0.010737,0.1453,91.594
Robotics (Pepper),Transformer Autoencoder,LedsControl,168,LaserR14X,0.010469,0.1417,91.736
Robotics (Pepper),Transformer Autoencoder,LedsControl,169,LaserF09X.1,0.010442,0.1413,91.877
Robotics (Pepper),Transformer Autoencoder,LedsControl,170,LaserR03Y,0.010387,0.1406,92.017
Robotics (Pepper),Transformer Autoencoder,LedsControl,171,LaserL15Y,0.010341,0.1399,92.157
Robotics (Pepper),Transformer Autoencoder,LedsControl,172,LaserR05Y,0.010321,0.1397,92.297
Robotics (Pepper),Transformer Autoencoder,LedsControl,173,LaserF03X,0.010288,0.1392,92.436
Robotics (Pepper),Transformer Autoencoder,LedsControl,174,LaserF01Y.1,0.010195,0.138,92.574
Robotics (Pepper),Transformer Autoencoder,LedsControl,175,WheelFRTemp,0.010181,0.1378,92.712
Robotics (Pepper),Transformer Autoencoder,LedsControl,176,LaserF03Y.1,0.010108,0.1368,92.849
Robotics (Pepper),Transformer Autoencoder,LedsControl,177,LaserF07Y,0.009956,0.1347,92.983
Robotics (Pepper),Transformer Autoencoder,LedsControl,178,LaserF02Y.1,0.009915,0.1342,93.118
Robotics (Pepper),Transformer Autoencoder,LedsControl,179,LWristYaw,0.0098,0.1326,93.25
Robotics (Pepper),Transformer Autoencoder,LedsControl,180,LaserL12Y,0.009726,0.1316,93.382
Robotics (Pepper),Transformer Autoencoder,LedsControl,181,LaserR05X,0.009722,0.1316,93.513
Robotics (Pepper),Transformer Autoencoder,LedsControl,182,LaserF15X,0.00964,0.1304,93.644
Robotics (Pepper),Transformer Autoencoder,LedsControl,183,LaserL13X,0.009523,0.1289,93.773
Robotics (Pepper),Transformer Autoencoder,LedsControl,184,LaserF03X.1,0.009476,0.1282,93.901
Robotics (Pepper),Transformer Autoencoder,LedsControl,185,LaserF07X,0.009437,0.1277,94.029
Robotics (Pepper),Transformer Autoencoder,LedsControl,186,LaserF02X.1,0.009413,0.1274,94.156
Robotics (Pepper),Transformer Autoencoder,LedsControl,187,LaserR06X,0.00932,0.1261,94.282
Robotics (Pepper),Transformer Autoencoder,LedsControl,188,LaserR02Y,0.009264,0.1254,94.407
Robotics (Pepper),Transformer Autoencoder,LedsControl,189,LShoulderRoll,0.009221,0.1248,94.532
Robotics (Pepper),Transformer Autoencoder,LedsControl,190,SonarF,0.009166,0.124,94.656
Robotics (Pepper),Transformer Autoencoder,LedsControl,191,LaserR15Y,0.009145,0.1237,94.78
Robotics (Pepper),Transformer Autoencoder,LedsControl,192,LaserR03X,0.009145,0.1237,94.904
Robotics (Pepper),Transformer Autoencoder,LedsControl,193,LaserF02X,0.009086,0.1229,95.027
Robotics (Pepper),Transformer Autoencoder,LedsControl,194,LElbowRollTemp,0.009005,0.1219,95.148
Robotics (Pepper),Transformer Autoencoder,LedsControl,195,HeadPicthTemp,0.008717,0.118,95.266
Robotics (Pepper),Transformer Autoencoder,LedsControl,196,LaserF09Y.1,0.008693,0.1176,95.384
Robotics (Pepper),Transformer Autoencoder,LedsControl,197,LaserR02X,0.008496,0.115,95.499
Robotics (Pepper),Transformer Autoencoder,LedsControl,198,LaserF08Y.1,0.008458,0.1144,95.613
Robotics (Pepper),Transformer Autoencoder,LedsControl,199,LaserF15Y,0.008264,0.1118,95.725
Robotics (Pepper),Transformer Autoencoder,LedsControl,200,LaserVeL01X,0.008258,0.1117,95.837
Robotics (Pepper),Transformer Autoencoder,LedsControl,201,LaserR11Y,0.00823,0.1114,95.948
Robotics (Pepper),Transformer Autoencoder,LedsControl,202,RWristYawTemp,0.00811,0.1097,96.058
Robotics (Pepper),Transformer Autoencoder,LedsControl,203,LaserR06Y,0.008087,0.1094,96.168
Robotics (Pepper),Transformer Autoencoder,LedsControl,204,LaserR15X,0.00806,0.1091,96.277
Robotics (Pepper),Transformer Autoencoder,LedsControl,205,RElbowYawTemp,0.007998,0.1082,96.385
Robotics (Pepper),Transformer Autoencoder,LedsControl,206,LaserR10Y,0.00797,0.1078,96.493
Robotics (Pepper),Transformer Autoencoder,LedsControl,207,RShoulderRollTemp,0.007941,0.1075,96.6
Robotics (Pepper),Transformer Autoencoder,LedsControl,208,LaserR12X,0.007921,0.1072,96.707
Robotics (Pepper),Transformer Autoencoder,LedsControl,209,LaserL12X,0.007825,0.1059,96.813
Robotics (Pepper),Transformer Autoencoder,LedsControl,210,WheelFRStiff,0.007798,0.1055,96.919
Robotics (Pepper),Transformer Autoencoder,LedsControl,211,LaserShovel02Y,0.007774,0.1052,97.024
Robotics (Pepper),Transformer Autoencoder,LedsControl,212,LaserR12Y,0.007749,0.1049,97.129
Robotics (Pepper),Transformer Autoencoder,LedsControl,213,LElbowRollStiff,0.007723,0.1045,97.233
Robotics (Pepper),Transformer Autoencoder,LedsControl,214,LShoulderPitchTemp,0.007715,0.1044,97.338
Robotics (Pepper),Transformer Autoencoder,LedsControl,215,LaserR08X,0.007614,0.103,97.441
Robotics (Pepper),Transformer Autoencoder,LedsControl,216,LaserR08Y,0.007608,0.1029,97.544
Robotics (Pepper),Transformer Autoencoder,LedsControl,217,LaserL10Y,0.007404,0.1002,97.644
Robotics (Pepper),Transformer Autoencoder,LedsControl,218,LaserShovel02X,0.007395,0.1001,97.744
Robotics (Pepper),Transformer Autoencoder,LedsControl,219,LaserR09X,0.007329,0.0992,97.843
Robotics (Pepper),Transformer Autoencoder,LedsControl,220,LaserShovel03Y,0.007327,0.0991,97.942
Robotics (Pepper),Transformer Autoencoder,LedsControl,221,LaserR07Y,0.007157,0.0968,98.039
Robotics (Pepper),Transformer Autoencoder,LedsControl,222,LaserR11X,0.007126,0.0964,98.136
Robotics (Pepper),Transformer Autoencoder,LedsControl,223,RhandTemp,0.00701,0.0949,98.23
Robotics (Pepper),Transformer Autoencoder,LedsControl,224,RShoulderPitchTemp,0.00699,0.0946,98.325
Robotics (Pepper),Transformer Autoencoder,LedsControl,225,LaserR10X,0.006959,0.0942,98.419
Robotics (Pepper),Transformer Autoencoder,LedsControl,226,LaserL11Y,0.006861,0.0928,98.512
Robotics (Pepper),Transformer Autoencoder,LedsControl,227,HipPicthTemp,0.006762,0.0915,98.603
Robotics (Pepper),Transformer Autoencoder,LedsControl,228,RElbowRollTemp,0.006662,0.0901,98.694
Robotics (Pepper),Transformer Autoencoder,LedsControl,229,LaserR09Y,0.006635,0.0898,98.783
Robotics (Pepper),Transformer Autoencoder,LedsControl,230,LaserL10X,0.006596,0.0893,98.873
Robotics (Pepper),Transformer Autoencoder,LedsControl,231,LaserL11X,0.00659,0.0892,98.962
Robotics (Pepper),Transformer Autoencoder,LedsControl,232,LaserR07X,0.00649,0.0878,99.05
Robotics (Pepper),Transformer Autoencoder,LedsControl,233,LHandTemp,0.006443,0.0872,99.137
Robotics (Pepper),Transformer Autoencoder,LedsControl,234,AnglesY,0.00634,0.0858,99.223
Robotics (Pepper),Transformer Autoencoder,LedsControl,235,LWristYawTemp,0.006131,0.083,99.306
Robotics (Pepper),Transformer Autoencoder,LedsControl,236,LShoulderRollTemp,0.006042,0.0818,99.387
Robotics (Pepper),Transformer Autoencoder,LedsControl,237,WheelFLTemp,0.006008,0.0813,99.469
Robotics (Pepper),Transformer Autoencoder,LedsControl,238,LaserShovel03X,0.005937,0.0803,99.549
Robotics (Pepper),Transformer Autoencoder,LedsControl,239,WheelBTemp,0.005895,0.0798,99.629
Robotics (Pepper),Transformer Autoencoder,LedsControl,240,HipRollTemp,0.005861,0.0793,99.708
Robotics (Pepper),Transformer Autoencoder,LedsControl,241,WheelBStiff,0.0057,0.0771,99.785
Robotics (Pepper),Transformer Autoencoder,LedsControl,242,LaserShovel01Y,0.005684,0.0769,99.862
Robotics (Pepper),Transformer Autoencoder,LedsControl,243,KneePicthTemp,0.00522,0.0706,99.933
Robotics (Pepper),Transformer Autoencoder,LedsControl,244,HeadYawTemp,0.004973,0.0673,100.0
Robotics (Pepper),Transformer Autoencoder,WheelsControl,1,WheelBSpeed,0.523855,11.6503,11.65
Robotics (Pepper),Transformer Autoencoder,WheelsControl,2,WheelFRSpeed,0.468386,10.4167,22.067
Robotics (Pepper),Transformer Autoencoder,WheelsControl,3,WheelFLSpeed,0.467115,10.3884,32.455
Robotics (Pepper),Transformer Autoencoder,WheelsControl,4,GyroscopeZ,0.442433,9.8395,42.295
Robotics (Pepper),Transformer Autoencoder,WheelsControl,5,WheelFLStiff,0.296465,6.5932,48.888
Robotics (Pepper),Transformer Autoencoder,WheelsControl,6,AccelerometerX,0.062395,1.3876,50.276
Robotics (Pepper),Transformer Autoencoder,WheelsControl,7,RElbowRollStiff,0.046528,1.0348,51.31
Robotics (Pepper),Transformer Autoencoder,WheelsControl,8,AccelerometerY,0.042081,0.9359,52.246
Robotics (Pepper),Transformer Autoencoder,WheelsControl,9,GyroscopeY,0.037399,0.8317,53.078
Robotics (Pepper),Transformer Autoencoder,WheelsControl,10,RShoulderPitchStiff,0.035882,0.798,53.876
Robotics (Pepper),Transformer Autoencoder,WheelsControl,11,RElbowYawStiff,0.03587,0.7977,54.674
Robotics (Pepper),Transformer Autoencoder,WheelsControl,12,LaserVeR01X,0.034968,0.7777,55.451
Robotics (Pepper),Transformer Autoencoder,WheelsControl,13,LedEarR3,0.034447,0.7661,56.218
Robotics (Pepper),Transformer Autoencoder,WheelsControl,14,RShoulderRollStiff,0.034268,0.7621,56.98
Robotics (Pepper),Transformer Autoencoder,WheelsControl,15,RWristYawStiff,0.032427,0.7212,57.701
Robotics (Pepper),Transformer Autoencoder,WheelsControl,16,RWristYaw,0.030308,0.674,58.375
Robotics (Pepper),Transformer Autoencoder,WheelsControl,17,RShoulderPitch,0.029873,0.6644,59.039
Robotics (Pepper),Transformer Autoencoder,WheelsControl,18,LedEarL3,0.029312,0.6519,59.691
Robotics (Pepper),Transformer Autoencoder,WheelsControl,19,LaserR14Y,0.029175,0.6488,60.34
Robotics (Pepper),Transformer Autoencoder,WheelsControl,20,AccelerometerZ,0.028797,0.6404,60.98
Robotics (Pepper),Transformer Autoencoder,WheelsControl,21,LaserVeR01Y,0.028325,0.6299,61.61
Robotics (Pepper),Transformer Autoencoder,WheelsControl,22,LaserR14X,0.028192,0.627,62.237
Robotics (Pepper),Transformer Autoencoder,WheelsControl,23,LShoulderPitchStiff,0.027305,0.6072,62.844
Robotics (Pepper),Transformer Autoencoder,WheelsControl,24,LaserVeL01Y,0.026851,0.5972,63.442
Robotics (Pepper),Transformer Autoencoder,WheelsControl,25,LWristYawStiff,0.026156,0.5817,64.023
Robotics (Pepper),Transformer Autoencoder,WheelsControl,26,LElbowRollStiff,0.025948,0.5771,64.6
Robotics (Pepper),Transformer Autoencoder,WheelsControl,27,SonarB,0.025638,0.5702,65.171
Robotics (Pepper),Transformer Autoencoder,WheelsControl,28,RElbowYaw,0.024674,0.5487,65.719
Robotics (Pepper),Transformer Autoencoder,WheelsControl,29,RShoulderRoll,0.023525,0.5232,66.243
Robotics (Pepper),Transformer Autoencoder,WheelsControl,30,HeadYaw,0.022401,0.4982,66.741
Robotics (Pepper),Transformer Autoencoder,WheelsControl,31,LElbowYawStiff,0.021493,0.478,67.219
Robotics (Pepper),Transformer Autoencoder,WheelsControl,32,AnglesZ,0.021345,0.4747,67.693
Robotics (Pepper),Transformer Autoencoder,WheelsControl,33,HeadPicthStiff,0.021308,0.4739,68.167
Robotics (Pepper),Transformer Autoencoder,WheelsControl,34,LShoulderRollStiff,0.020597,0.4581,68.625
Robotics (Pepper),Transformer Autoencoder,WheelsControl,35,LaserF01Y.1,0.020247,0.4503,69.076
Robotics (Pepper),Transformer Autoencoder,WheelsControl,36,HeadYawStiff,0.020187,0.4489,69.525
Robotics (Pepper),Transformer Autoencoder,WheelsControl,37,InfraRedL,0.019664,0.4373,69.962
Robotics (Pepper),Transformer Autoencoder,WheelsControl,38,LaserF01X.1,0.019444,0.4324,70.394
Robotics (Pepper),Transformer Autoencoder,WheelsControl,39,GyroscopeX,0.01882,0.4185,70.813
Robotics (Pepper),Transformer Autoencoder,WheelsControl,40,LaserF06X,0.017088,0.38,71.193
Robotics (Pepper),Transformer Autoencoder,WheelsControl,41,LedEarR8,0.016966,0.3773,71.57
Robotics (Pepper),Transformer Autoencoder,WheelsControl,42,LaserF06Y,0.016925,0.3764,71.947
Robotics (Pepper),Transformer Autoencoder,WheelsControl,43,LaserR13X,0.016621,0.3696,72.316
Robotics (Pepper),Transformer Autoencoder,WheelsControl,44,LShoulderPitch,0.015868,0.3529,72.669
Robotics (Pepper),Transformer Autoencoder,WheelsControl,45,HeadPicth,0.015563,0.3461,73.015
Robotics (Pepper),Transformer Autoencoder,WheelsControl,46,LaserF08X.1,0.015527,0.3453,73.361
Robotics (Pepper),Transformer Autoencoder,WheelsControl,47,LaserL14X,0.015253,0.3392,73.7
Robotics (Pepper),Transformer Autoencoder,WheelsControl,48,LaserF05X,0.015221,0.3385,74.038
Robotics (Pepper),Transformer Autoencoder,WheelsControl,49,HipRollStiff,0.014278,0.3175,74.356
Robotics (Pepper),Transformer Autoencoder,WheelsControl,50,LaserF11Y,0.014269,0.3173,74.673
Robotics (Pepper),Transformer Autoencoder,WheelsControl,51,LedEarL8,0.013921,0.3096,74.983
Robotics (Pepper),Transformer Autoencoder,WheelsControl,52,LaserR13Y,0.013872,0.3085,75.291
Robotics (Pepper),Transformer Autoencoder,WheelsControl,53,LaserF05Y,0.013852,0.3081,75.599
Robotics (Pepper),Transformer Autoencoder,WheelsControl,54,AnglesX,0.013704,0.3048,75.904
Robotics (Pepper),Transformer Autoencoder,WheelsControl,55,LaserF10Y,0.013554,0.3014,76.206
Robotics (Pepper),Transformer Autoencoder,WheelsControl,56,KneePicthStiff,0.013379,0.2975,76.503
Robotics (Pepper),Transformer Autoencoder,WheelsControl,57,AnglesY,0.013333,0.2965,76.8
Robotics (Pepper),Transformer Autoencoder,WheelsControl,58,LaserF10X,0.012866,0.2861,77.086
Robotics (Pepper),Transformer Autoencoder,WheelsControl,59,LaserL14Y,0.012845,0.2857,77.371
Robotics (Pepper),Transformer Autoencoder,WheelsControl,60,HipRoll,0.012782,0.2843,77.656
Robotics (Pepper),Transformer Autoencoder,WheelsControl,61,LaserF12X,0.01275,0.2836,77.939
Robotics (Pepper),Transformer Autoencoder,WheelsControl,62,LaserF08Y.1,0.01254,0.2789,78.218
Robotics (Pepper),Transformer Autoencoder,WheelsControl,63,SonarF,0.012449,0.2769,78.495
Robotics (Pepper),Transformer Autoencoder,WheelsControl,64,LaserF06Y.1,0.012075,0.2685,78.763
Robotics (Pepper),Transformer Autoencoder,WheelsControl,65,LaserVeL01X,0.01203,0.2675,79.031
Robotics (Pepper),Transformer Autoencoder,WheelsControl,66,LaserF02X.1,0.01186,0.2638,79.295
Robotics (Pepper),Transformer Autoencoder,WheelsControl,67,LaserF12Y,0.011843,0.2634,79.558
Robotics (Pepper),Transformer Autoencoder,WheelsControl,68,LaserF11X,0.011386,0.2532,79.811
Robotics (Pepper),Transformer Autoencoder,WheelsControl,69,LaserF01X,0.011125,0.2474,80.059
Robotics (Pepper),Transformer Autoencoder,WheelsControl,70,LaserF06X.1,0.011044,0.2456,80.304
Robotics (Pepper),Transformer Autoencoder,WheelsControl,71,LaserF04Y,0.011007,0.2448,80.549
Robotics (Pepper),Transformer Autoencoder,WheelsControl,72,LaserR10Y,0.010961,0.2438,80.793
Robotics (Pepper),Transformer Autoencoder,WheelsControl,73,RElbowRoll,0.010671,0.2373,81.03
Robotics (Pepper),Transformer Autoencoder,WheelsControl,74,HipPicthStiff,0.010605,0.2358,81.266
Robotics (Pepper),Transformer Autoencoder,WheelsControl,75,LaserF03X,0.010403,0.2314,81.498
Robotics (Pepper),Transformer Autoencoder,WheelsControl,76,LaserF07Y.1,0.01039,0.2311,81.729
Robotics (Pepper),Transformer Autoencoder,WheelsControl,77,LaserF01Y,0.010281,0.2286,81.957
Robotics (Pepper),Transformer Autoencoder,WheelsControl,78,LaserR03Y,0.010242,0.2278,82.185
Robotics (Pepper),Transformer Autoencoder,WheelsControl,79,InfraRedR,0.010191,0.2266,82.412
Robotics (Pepper),Transformer Autoencoder,WheelsControl,80,LaserF07X.1,0.010012,0.2227,82.634
Robotics (Pepper),Transformer Autoencoder,WheelsControl,81,LElbowYaw,0.009963,0.2216,82.856
Robotics (Pepper),Transformer Autoencoder,WheelsControl,82,LaserR11Y,0.009907,0.2203,83.076
Robotics (Pepper),Transformer Autoencoder,WheelsControl,83,LaserF14X,0.009847,0.219,83.295
Robotics (Pepper),Transformer Autoencoder,WheelsControl,84,LaserF08Y,0.009667,0.215,83.51
Robotics (Pepper),Transformer Autoencoder,WheelsControl,85,LaserL15Y,0.009645,0.2145,83.725
Robotics (Pepper),Transformer Autoencoder,WheelsControl,86,LaserF14Y,0.009513,0.2116,83.936
Robotics (Pepper),Transformer Autoencoder,WheelsControl,87,LaserShovel02Y,0.009405,0.2092,84.145
Robotics (Pepper),Transformer Autoencoder,WheelsControl,88,LaserF03Y,0.009372,0.2084,84.354
Robotics (Pepper),Transformer Autoencoder,WheelsControl,89,LedEarL1,0.009352,0.208,84.562
Robotics (Pepper),Transformer Autoencoder,WheelsControl,90,LaserL10Y,0.009251,0.2057,84.768
Robotics (Pepper),Transformer Autoencoder,WheelsControl,91,LaserF09X,0.009215,0.2049,84.972
Robotics (Pepper),Transformer Autoencoder,WheelsControl,92,Rhand,0.009058,0.2014,85.174
Robotics (Pepper),Transformer Autoencoder,WheelsControl,93,LaserR06X,0.008999,0.2001,85.374
Robotics (Pepper),Transformer Autoencoder,WheelsControl,94,LedEarR1,0.008798,0.1957,85.57
Robotics (Pepper),Transformer Autoencoder,WheelsControl,95,LElbowRollTemp,0.008786,0.1954,85.765
Robotics (Pepper),Transformer Autoencoder,WheelsControl,96,LaserF02X,0.008764,0.1949,85.96
Robotics (Pepper),Transformer Autoencoder,WheelsControl,97,LaserF04X,0.00868,0.193,86.153
Robotics (Pepper),Transformer Autoencoder,WheelsControl,98,LaserR08Y,0.008476,0.1885,86.342
Robotics (Pepper),Transformer Autoencoder,WheelsControl,99,LaserF08X,0.00847,0.1884,86.53
Robotics (Pepper),Transformer Autoencoder,WheelsControl,100,LaserF02Y.1,0.008368,0.1861,86.716
Robotics (Pepper),Transformer Autoencoder,WheelsControl,101,LaserF07Y,0.008368,0.1861,86.902
Robotics (Pepper),Transformer Autoencoder,WheelsControl,102,LaserR09X,0.008362,0.186,87.088
Robotics (Pepper),Transformer Autoencoder,WheelsControl,103,LaserF15Y,0.008358,0.1859,87.274
Robotics (Pepper),Transformer Autoencoder,WheelsControl,104,LShoulderRoll,0.008322,0.1851,87.459
Robotics (Pepper),Transformer Autoencoder,WheelsControl,105,LedEarL4,0.008285,0.1843,87.643
Robotics (Pepper),Transformer Autoencoder,WheelsControl,106,LaserL15X,0.008268,0.1839,87.827
Robotics (Pepper),Transformer Autoencoder,WheelsControl,107,LaserL10X,0.008175,0.1818,88.009
Robotics (Pepper),Transformer Autoencoder,WheelsControl,108,LaserShovel03Y,0.00811,0.1804,88.189
Robotics (Pepper),Transformer Autoencoder,WheelsControl,109,LaserR11X,0.008048,0.179,88.368
Robotics (Pepper),Transformer Autoencoder,WheelsControl,110,LaserF15X,0.007942,0.1766,88.545
Robotics (Pepper),Transformer Autoencoder,WheelsControl,111,LaserR02X,0.007877,0.1752,88.72
Robotics (Pepper),Transformer Autoencoder,WheelsControl,112,LaserR04Y,0.007823,0.174,88.894
Robotics (Pepper),Transformer Autoencoder,WheelsControl,113,LElbowYawTemp,0.007801,0.1735,89.068
Robotics (Pepper),Transformer Autoencoder,WheelsControl,114,LaserShovel01X,0.007739,0.1721,89.24
Robotics (Pepper),Transformer Autoencoder,WheelsControl,115,LedEarR9,0.007691,0.171,89.411
Robotics (Pepper),Transformer Autoencoder,WheelsControl,116,LWristYaw,0.007675,0.1707,89.581
Robotics (Pepper),Transformer Autoencoder,WheelsControl,117,LaserR01Y,0.007653,0.1702,89.752
Robotics (Pepper),Transformer Autoencoder,WheelsControl,118,LaserF09Y,0.00763,0.1697,89.921
Robotics (Pepper),Transformer Autoencoder,WheelsControl,119,LedEarL7,0.007611,0.1693,90.091
Robotics (Pepper),Transformer Autoencoder,WheelsControl,120,LaserF05X.1,0.007578,0.1685,90.259
Robotics (Pepper),Transformer Autoencoder,WheelsControl,121,LaserR03X,0.007557,0.1681,90.427
Robotics (Pepper),Transformer Autoencoder,WheelsControl,122,LedEarL9,0.007527,0.1674,90.595
Robotics (Pepper),Transformer Autoencoder,WheelsControl,123,LedEarL5,0.007484,0.1664,90.761
Robotics (Pepper),Transformer Autoencoder,WheelsControl,124,LaserF07X,0.007477,0.1663,90.927
Robotics (Pepper),Transformer Autoencoder,WheelsControl,125,LaserF03Y.1,0.007467,0.1661,91.093
Robotics (Pepper),Transformer Autoencoder,WheelsControl,126,LaserR09Y,0.007441,0.1655,91.259
Robotics (Pepper),Transformer Autoencoder,WheelsControl,127,LaserF13X,0.007402,0.1646,91.423
Robotics (Pepper),Transformer Autoencoder,WheelsControl,128,LaserR12Y,0.007399,0.1645,91.588
Robotics (Pepper),Transformer Autoencoder,WheelsControl,129,LaserF09Y.1,0.007345,0.1633,91.751
Robotics (Pepper),Transformer Autoencoder,WheelsControl,130,LaserR15Y,0.007286,0.162,91.913
Robotics (Pepper),Transformer Autoencoder,WheelsControl,131,LaserR01X,0.007234,0.1609,92.074
Robotics (Pepper),Transformer Autoencoder,WheelsControl,132,LaserShovel02X,0.007167,0.1594,92.234
Robotics (Pepper),Transformer Autoencoder,WheelsControl,133,LaserShovel03X,0.007151,0.159,92.393
Robotics (Pepper),Transformer Autoencoder,WheelsControl,134,LaserL12X,0.007133,0.1586,92.551
Robotics (Pepper),Transformer Autoencoder,WheelsControl,135,LaserR10X,0.007103,0.158,92.709
Robotics (Pepper),Transformer Autoencoder,WheelsControl,136,LaserR12X,0.007072,0.1573,92.867
Robotics (Pepper),Transformer Autoencoder,WheelsControl,137,LaserR02Y,0.007045,0.1567,93.023
Robotics (Pepper),Transformer Autoencoder,WheelsControl,138,LaserF09X.1,0.006918,0.1539,93.177
Robotics (Pepper),Transformer Autoencoder,WheelsControl,139,LaserShovel01Y,0.00686,0.1526,93.33
Robotics (Pepper),Transformer Autoencoder,WheelsControl,140,LaserR07X,0.006693,0.1488,93.479
Robotics (Pepper),Transformer Autoencoder,WheelsControl,141,LedEarR6,0.006692,0.1488,93.627
Robotics (Pepper),Transformer Autoencoder,WheelsControl,142,LaserR07Y,0.00669,0.1488,93.776
Robotics (Pepper),Transformer Autoencoder,WheelsControl,143,LaserF03X.1,0.00666,0.1481,93.924
Robotics (Pepper),Transformer Autoencoder,WheelsControl,144,LaserF02Y,0.006581,0.1464,94.071
Robotics (Pepper),Transformer Autoencoder,WheelsControl,145,LedEarR5,0.006578,0.1463,94.217
Robotics (Pepper),Transformer Autoencoder,WheelsControl,146,LaserR05Y,0.006417,0.1427,94.36
Robotics (Pepper),Transformer Autoencoder,WheelsControl,147,LedEarR4,0.00639,0.1421,94.502
Robotics (Pepper),Transformer Autoencoder,WheelsControl,148,LaserR05X,0.006247,0.1389,94.641
Robotics (Pepper),Transformer Autoencoder,WheelsControl,149,LedEarR10,0.006238,0.1387,94.779
Robotics (Pepper),Transformer Autoencoder,WheelsControl,150,WheelFLTemp,0.006214,0.1382,94.918
Robotics (Pepper),Transformer Autoencoder,WheelsControl,151,LaserR08X,0.006201,0.1379,95.056
Robotics (Pepper),Transformer Autoencoder,WheelsControl,152,HeadPicthTemp,0.006158,0.137,95.192
Robotics (Pepper),Transformer Autoencoder,WheelsControl,153,LaserR15X,0.006153,0.1368,95.329
Robotics (Pepper),Transformer Autoencoder,WheelsControl,154,LShoulderPitchTemp,0.006141,0.1366,95.466
Robotics (Pepper),Transformer Autoencoder,WheelsControl,155,LedEarL6,0.006129,0.1363,95.602
Robotics (Pepper),Transformer Autoencoder,WheelsControl,156,LaserF04Y.1,0.006112,0.1359,95.738
Robotics (Pepper),Transformer Autoencoder,WheelsControl,157,LaserL13X,0.006096,0.1356,95.874
Robotics (Pepper),Transformer Autoencoder,WheelsControl,158,LaserF05Y.1,0.006035,0.1342,96.008
Robotics (Pepper),Transformer Autoencoder,WheelsControl,159,LaserR06Y,0.006017,0.1338,96.142
Robotics (Pepper),Transformer Autoencoder,WheelsControl,160,LaserL12Y,0.005994,0.1333,96.275
Robotics (Pepper),Transformer Autoencoder,WheelsControl,161,LedEarL2,0.005906,0.1313,96.406
Robotics (Pepper),Transformer Autoencoder,WheelsControl,162,LedEarL10,0.0059,0.1312,96.538
Robotics (Pepper),Transformer Autoencoder,WheelsControl,163,RShoulderRollTemp,0.005798,0.1289,96.667
Robotics (Pepper),Transformer Autoencoder,WheelsControl,164,RElbowYawTemp,0.00574,0.1277,96.794
Robotics (Pepper),Transformer Autoencoder,WheelsControl,165,LaserF13Y,0.005726,0.1273,96.922
Robotics (Pepper),Transformer Autoencoder,WheelsControl,166,LedEarR2,0.005649,0.1256,97.047
Robotics (Pepper),Transformer Autoencoder,WheelsControl,167,LaserL11X,0.005575,0.124,97.171
Robotics (Pepper),Transformer Autoencoder,WheelsControl,168,LedEarR7,0.005516,0.1227,97.294
Robotics (Pepper),Transformer Autoencoder,WheelsControl,169,LShoulderRollTemp,0.005405,0.1202,97.414
Robotics (Pepper),Transformer Autoencoder,WheelsControl,170,LHand,0.005342,0.1188,97.533
Robotics (Pepper),Transformer Autoencoder,WheelsControl,171,LaserL13Y,0.005317,0.1182,97.651
Robotics (Pepper),Transformer Autoencoder,WheelsControl,172,LaserR04X,0.00524,0.1165,97.768
Robotics (Pepper),Transformer Autoencoder,WheelsControl,173,HipPicthTemp,0.005056,0.1124,97.88
Robotics (Pepper),Transformer Autoencoder,WheelsControl,174,LaserF04X.1,0.004905,0.1091,97.989
Robotics (Pepper),Transformer Autoencoder,WheelsControl,175,RWristYawTemp,0.004747,0.1056,98.095
Robotics (Pepper),Transformer Autoencoder,WheelsControl,176,LaserL11Y,0.004469,0.0994,98.194
Robotics (Pepper),Transformer Autoencoder,WheelsControl,177,WheelBTemp,0.00445,0.099,98.293
Robotics (Pepper),Transformer Autoencoder,WheelsControl,178,WheelFRTemp,0.004241,0.0943,98.387
Robotics (Pepper),Transformer Autoencoder,WheelsControl,179,TabletTouchX,0.004016,0.0893,98.477
Robotics (Pepper),Transformer Autoencoder,WheelsControl,180,TabletTouchY,0.003984,0.0886,98.565
Robotics (Pepper),Transformer Autoencoder,WheelsControl,181,HeadYawTemp,0.003803,0.0846,98.65
Robotics (Pepper),Transformer Autoencoder,WheelsControl,182,RhandStiff,0.003656,0.0813,98.731
Robotics (Pepper),Transformer Autoencoder,WheelsControl,183,LElbowRoll,0.003625,0.0806,98.812
Robotics (Pepper),Transformer Autoencoder,WheelsControl,184,WheelFRStiff,0.003514,0.0781,98.89
Robotics (Pepper),Transformer Autoencoder,WheelsControl,185,WheelBStiff,0.003233,0.0719,98.962
Robotics (Pepper),Transformer Autoencoder,WheelsControl,186,LHandStiff,0.003201,0.0712,99.033
Robotics (Pepper),Transformer Autoencoder,WheelsControl,187,RhandTemp,0.003166,0.0704,99.103
Robotics (Pepper),Transformer Autoencoder,WheelsControl,188,KneePicth,0.003122,0.0694,99.173
Robotics (Pepper),Transformer Autoencoder,WheelsControl,189,RShoulderPitchTemp,0.003121,0.0694,99.242
Robotics (Pepper),Transformer Autoencoder,WheelsControl,190,RElbowRollTemp,0.002983,0.0663,99.309
Robotics (Pepper),Transformer Autoencoder,WheelsControl,191,HipRollTemp,0.002906,0.0646,99.373
Robotics (Pepper),Transformer Autoencoder,WheelsControl,192,HipPicth,0.002721,0.0605,99.434
Robotics (Pepper),Transformer Autoencoder,WheelsControl,193,LHandTemp,0.002622,0.0583,99.492
Robotics (Pepper),Transformer Autoencoder,WheelsControl,194,KneePicthTemp,0.002536,0.0564,99.548
Robotics (Pepper),Transformer Autoencoder,WheelsControl,195,LWristYawTemp,0.002534,0.0564,99.605
Robotics (Pepper),Transformer Autoencoder,WheelsControl,196,LedShoulderB,0.000859,0.0191,99.624
Robotics (Pepper),Transformer Autoencoder,WheelsControl,197,LedFaceGR8,0.000754,0.0168,99.641
Robotics (Pepper),Transformer Autoencoder,WheelsControl,198,LedFaceGR5,0.000692,0.0154,99.656
Robotics (Pepper),Transformer Autoencoder,WheelsControl,199,LedFaceBL3,0.000552,0.0123,99.668
Robotics (Pepper),Transformer Autoencoder,WheelsControl,200,LedFaceRR2,0.00051,0.0113,99.68
Robotics (Pepper),Transformer Autoencoder,WheelsControl,201,LedFaceRL5,0.00051,0.0113,99.691
Robotics (Pepper),Transformer Autoencoder,WheelsControl,202,LedFaceBR4,0.000504,0.0112,99.702
Robotics (Pepper),Transformer Autoencoder,WheelsControl,203,LedFaceRR6,0.000496,0.011,99.713
Robotics (Pepper),Transformer Autoencoder,WheelsControl,204,LedFaceRL4,0.000475,0.0106,99.724
Robotics (Pepper),Transformer Autoencoder,WheelsControl,205,LedFaceGR1,0.000473,0.0105,99.734
Robotics (Pepper),Transformer Autoencoder,WheelsControl,206,LedFaceGL2,0.000465,0.0103,99.745
Robotics (Pepper),Transformer Autoencoder,WheelsControl,207,LedFaceRL3,0.000465,0.0103,99.755
Robotics (Pepper),Transformer Autoencoder,WheelsControl,208,LedFaceBR3,0.000436,0.0097,99.765
Robotics (Pepper),Transformer Autoencoder,WheelsControl,209,LedFaceGR3,0.000434,0.0097,99.774
Robotics (Pepper),Transformer Autoencoder,WheelsControl,210,LedFaceGL7,0.000426,0.0095,99.784
Robotics (Pepper),Transformer Autoencoder,WheelsControl,211,LedFaceRR5,0.000424,0.0094,99.793
Robotics (Pepper),Transformer Autoencoder,WheelsControl,212,LedFaceGL3,0.00041,0.0091,99.802
Robotics (Pepper),Transformer Autoencoder,WheelsControl,213,LedFaceRR8,0.000398,0.0089,99.811
Robotics (Pepper),Transformer Autoencoder,WheelsControl,214,LedFaceRR4,0.000385,0.0086,99.82
Robotics (Pepper),Transformer Autoencoder,WheelsControl,215,LedFaceRL2,0.000357,0.0079,99.828
Robotics (Pepper),Transformer Autoencoder,WheelsControl,216,LedFaceBR6,0.000346,0.0077,99.835
Robotics (Pepper),Transformer Autoencoder,WheelsControl,217,LedFaceGL8,0.000346,0.0077,99.843
Robotics (Pepper),Transformer Autoencoder,WheelsControl,218,LedFaceGL5,0.000341,0.0076,99.851
Robotics (Pepper),Transformer Autoencoder,WheelsControl,219,LedFaceGR6,0.00034,0.0076,99.858
Robotics (Pepper),Transformer Autoencoder,WheelsControl,220,LedFaceBL5,0.000326,0.0073,99.866
Robotics (Pepper),Transformer Autoencoder,WheelsControl,221,LedFaceGL1,0.000316,0.007,99.873
Robotics (Pepper),Transformer Autoencoder,WheelsControl,222,LedFaceGL4,0.000315,0.007,99.88
Robotics (Pepper),Transformer Autoencoder,WheelsControl,223,LedFaceBR2,0.000311,0.0069,99.887
Robotics (Pepper),Transformer Autoencoder,WheelsControl,224,LedFaceRL7,0.000308,0.0068,99.893
Robotics (Pepper),Transformer Autoencoder,WheelsControl,225,LedFaceGR2,0.000299,0.0066,99.9
Robotics (Pepper),Transformer Autoencoder,WheelsControl,226,LedFaceBR5,0.000295,0.0066,99.907
Robotics (Pepper),Transformer Autoencoder,WheelsControl,227,LedFaceBL8,0.000294,0.0065,99.913
Robotics (Pepper),Transformer Autoencoder,WheelsControl,228,LedFaceRL6,0.00029,0.0064,99.92
Robotics (Pepper),Transformer Autoencoder,WheelsControl,229,LedFaceGR4,0.000288,0.0064,99.926
Robotics (Pepper),Transformer Autoencoder,WheelsControl,230,LedFaceRR1,0.000282,0.0063,99.932
Robotics (Pepper),Transformer Autoencoder,WheelsControl,231,LedFaceRR7,0.00028,0.0062,99.938
Robotics (Pepper),Transformer Autoencoder,WheelsControl,232,LedFaceRL1,0.000279,0.0062,99.945
Robotics (Pepper),Transformer Autoencoder,WheelsControl,233,LedFaceBL6,0.000279,0.0062,99.951
Robotics (Pepper),Transformer Autoencoder,WheelsControl,234,LedFaceBL4,0.000261,0.0058,99.957
Robotics (Pepper),Transformer Autoencoder,WheelsControl,235,LedFaceBL2,0.000243,0.0054,99.962
Robotics (Pepper),Transformer Autoencoder,WheelsControl,236,LedFaceBL1,0.000241,0.0054,99.967
Robotics (Pepper),Transformer Autoencoder,WheelsControl,237,LedFaceBR1,0.000229,0.0051,99.973
Robotics (Pepper),Transformer Autoencoder,WheelsControl,238,LedFaceRR3,0.000215,0.0048,99.977
Robotics (Pepper),Transformer Autoencoder,WheelsControl,239,LedFaceGL6,0.000196,0.0044,99.982
Robotics (Pepper),Transformer Autoencoder,WheelsControl,240,LedFaceBL7,0.000195,0.0043,99.986
Robotics (Pepper),Transformer Autoencoder,WheelsControl,241,LedFaceGR7,0.000175,0.0039,99.99
Robotics (Pepper),Transformer Autoencoder,WheelsControl,242,LedFaceBR8,0.000175,0.0039,99.994
Robotics (Pepper),Transformer Autoencoder,WheelsControl,243,LedFaceBR7,0.000156,0.0035,99.997
Robotics (Pepper),Transformer Autoencoder,WheelsControl,244,LedFaceRL8,0.000123,0.0027,100.0
