Dataset,Model Variant,Fault Name,Rank,Variable,Score
Industrial (TEP),Linear / Ridge,Fault_1,1,XMEAS_1,76.464785
Industrial (TEP),Linear / Ridge,Fault_1,2,XMEAS_19,47.815670
Industrial (TEP),Linear / Ridge,Fault_1,3,XMEAS_20,25.896039
Industrial (TEP),Linear / Ridge,Fault_1,4,XMV_3,20.595181
Industrial (TEP),Linear / Ridge,Fault_1,5,XMEAS_16,17.000925
Industrial (TEP),Linear / Ridge,Fault_1,6,XMEAS_18,16.666361
Industrial (TEP),Linear / Ridge,Fault_1,7,XMEAS_28,16.509766
Industrial (TEP),Linear / Ridge,Fault_1,8,XMV_6,14.211000
Industrial (TEP),Linear / Ridge,Fault_1,9,XMEAS_38,11.445102
Industrial (TEP),Linear / Ridge,Fault_1,10,XMV_9,9.334737
Industrial (TEP),Linear / Ridge,Fault_1,11,XMV_4,8.431377
Industrial (TEP),Linear / Ridge,Fault_1,12,XMEAS_29,8.291057
Industrial (TEP),Linear / Ridge,Fault_1,13,XMEAS_25,8.254997
Industrial (TEP),Linear / Ridge,Fault_1,14,XMEAS_23,7.898914
Industrial (TEP),Linear / Ridge,Fault_1,15,XMEAS_13,7.888826
Industrial (TEP),Linear / Ridge,Fault_1,16,XMEAS_21,7.883212
Industrial (TEP),Linear / Ridge,Fault_1,17,XMEAS_31,7.261882
Industrial (TEP),Linear / Ridge,Fault_1,18,XMEAS_11,7.256977
Industrial (TEP),Linear / Ridge,Fault_1,19,XMEAS_7,6.488814
Industrial (TEP),Linear / Ridge,Fault_1,20,XMV_5,6.361410
Industrial (TEP),Linear / Ridge,Fault_1,21,XMEAS_3,6.045322
Industrial (TEP),Linear / Ridge,Fault_1,22,XMEAS_34,5.221528
Industrial (TEP),Linear / Ridge,Fault_1,23,XMEAS_10,4.960220
Industrial (TEP),Linear / Ridge,Fault_1,24,XMEAS_36,4.297520
Industrial (TEP),Linear / Ridge,Fault_1,25,XMV_10,3.246535
Industrial (TEP),Linear / Ridge,Fault_1,26,XMEAS_30,2.742594
Industrial (TEP),Linear / Ridge,Fault_1,27,XMEAS_32,2.639437
Industrial (TEP),Linear / Ridge,Fault_1,28,XMV_1,2.056558
Industrial (TEP),Linear / Ridge,Fault_1,29,XMEAS_17,1.876365
Industrial (TEP),Linear / Ridge,Fault_1,30,XMEAS_9,1.808820
Industrial (TEP),Linear / Ridge,Fault_1,31,XMV_11,1.674417
Industrial (TEP),Linear / Ridge,Fault_1,32,XMEAS_14,1.638603
Industrial (TEP),Linear / Ridge,Fault_1,33,XMEAS_39,1.391858
Industrial (TEP),Linear / Ridge,Fault_1,34,XMV_7,1.390877
Industrial (TEP),Linear / Ridge,Fault_1,35,XMEAS_2,1.080353
Industrial (TEP),Linear / Ridge,Fault_1,36,XMEAS_12,1.008383
Industrial (TEP),Linear / Ridge,Fault_1,37,XMEAS_41,0.661858
Industrial (TEP),Linear / Ridge,Fault_1,38,XMV_8,0.583000
Industrial (TEP),Linear / Ridge,Fault_1,39,XMEAS_15,0.527830
Industrial (TEP),Linear / Ridge,Fault_2,1,XMEAS_28,235.139033
Industrial (TEP),Linear / Ridge,Fault_2,2,XMEAS_10,111.103668
Industrial (TEP),Linear / Ridge,Fault_2,3,XMEAS_19,56.286277
Industrial (TEP),Linear / Ridge,Fault_2,4,XMV_6,17.750735
Industrial (TEP),Linear / Ridge,Fault_2,5,XMEAS_16,15.994156
Industrial (TEP),Linear / Ridge,Fault_2,6,XMEAS_30,15.501699
Industrial (TEP),Linear / Ridge,Fault_2,7,XMEAS_21,14.167680
Industrial (TEP),Linear / Ridge,Fault_2,8,XMEAS_34,12.708210
Industrial (TEP),Linear / Ridge,Fault_2,9,XMEAS_39,12.454637
Industrial (TEP),Linear / Ridge,Fault_2,10,XMEAS_18,12.423626
Industrial (TEP),Linear / Ridge,Fault_2,11,XMV_3,10.071943
Industrial (TEP),Linear / Ridge,Fault_2,12,XMV_5,9.632724
Industrial (TEP),Linear / Ridge,Fault_2,13,XMV_1,9.394288
Industrial (TEP),Linear / Ridge,Fault_2,14,XMEAS_20,8.904690
Industrial (TEP),Linear / Ridge,Fault_2,15,XMEAS_7,8.318537
Industrial (TEP),Linear / Ridge,Fault_2,16,XMEAS_13,7.837738
Industrial (TEP),Linear / Ridge,Fault_2,17,XMEAS_38,6.914762
Industrial (TEP),Linear / Ridge,Fault_2,18,XMV_9,6.430348
Industrial (TEP),Linear / Ridge,Fault_2,19,XMEAS_11,6.378956
Industrial (TEP),Linear / Ridge,Fault_2,20,XMEAS_3,5.993043
Industrial (TEP),Linear / Ridge,Fault_2,21,XMV_11,5.023901
Industrial (TEP),Linear / Ridge,Fault_2,22,XMEAS_31,4.374244
Industrial (TEP),Linear / Ridge,Fault_2,23,XMV_10,3.819647
Industrial (TEP),Linear / Ridge,Fault_2,24,XMV_4,3.714863
Industrial (TEP),Linear / Ridge,Fault_2,25,XMEAS_2,3.615838
Industrial (TEP),Linear / Ridge,Fault_2,26,XMEAS_36,3.385840
Industrial (TEP),Linear / Ridge,Fault_2,27,XMEAS_14,3.320690
Industrial (TEP),Linear / Ridge,Fault_2,28,XMEAS_25,2.582567
Industrial (TEP),Linear / Ridge,Fault_2,29,XMEAS_29,2.156560
Industrial (TEP),Linear / Ridge,Fault_2,30,XMEAS_32,2.129966
Industrial (TEP),Linear / Ridge,Fault_2,31,XMEAS_9,2.108842
Industrial (TEP),Linear / Ridge,Fault_2,32,XMEAS_1,2.080763
Industrial (TEP),Linear / Ridge,Fault_2,33,XMEAS_17,1.823846
Industrial (TEP),Linear / Ridge,Fault_2,34,XMV_7,1.135636
Industrial (TEP),Linear / Ridge,Fault_2,35,XMEAS_41,1.126708
Industrial (TEP),Linear / Ridge,Fault_2,36,XMEAS_12,1.019270
Industrial (TEP),Linear / Ridge,Fault_2,37,XMEAS_23,1.003709
Industrial (TEP),Linear / Ridge,Fault_2,38,XMEAS_15,0.995094
Industrial (TEP),Linear / Ridge,Fault_2,39,XMV_8,0.729195
Industrial (TEP),Linear / Ridge,Fault_3,1,XMEAS_20,6.051311
Industrial (TEP),Linear / Ridge,Fault_3,2,XMEAS_21,5.916430
Industrial (TEP),Linear / Ridge,Fault_3,3,XMV_6,4.465845
Industrial (TEP),Linear / Ridge,Fault_3,4,XMEAS_28,4.272159
Industrial (TEP),Linear / Ridge,Fault_3,5,XMV_1,4.215252
Industrial (TEP),Linear / Ridge,Fault_3,6,XMEAS_19,3.597873
Industrial (TEP),Linear / Ridge,Fault_3,7,XMEAS_38,3.061009
Industrial (TEP),Linear / Ridge,Fault_3,8,XMEAS_16,2.544750
Industrial (TEP),Linear / Ridge,Fault_3,9,XMV_3,2.539898
Industrial (TEP),Linear / Ridge,Fault_3,10,XMEAS_25,2.372582
Industrial (TEP),Linear / Ridge,Fault_3,11,XMV_11,2.341384
Industrial (TEP),Linear / Ridge,Fault_3,12,XMV_10,2.338263
Industrial (TEP),Linear / Ridge,Fault_3,13,XMEAS_17,2.290825
Industrial (TEP),Linear / Ridge,Fault_3,14,XMV_9,2.234178
Industrial (TEP),Linear / Ridge,Fault_3,15,XMEAS_1,2.194250
Industrial (TEP),Linear / Ridge,Fault_3,16,XMEAS_13,2.186250
Industrial (TEP),Linear / Ridge,Fault_3,17,XMEAS_9,2.129776
Industrial (TEP),Linear / Ridge,Fault_3,18,XMEAS_7,2.118073
Industrial (TEP),Linear / Ridge,Fault_3,19,XMEAS_14,1.837944
Industrial (TEP),Linear / Ridge,Fault_3,20,XMEAS_18,1.582170
Industrial (TEP),Linear / Ridge,Fault_3,21,XMEAS_32,1.556060
Industrial (TEP),Linear / Ridge,Fault_3,22,XMEAS_41,1.518890
Industrial (TEP),Linear / Ridge,Fault_3,23,XMEAS_31,1.484218
Industrial (TEP),Linear / Ridge,Fault_3,24,XMV_5,1.390728
Industrial (TEP),Linear / Ridge,Fault_3,25,XMV_7,1.388698
Industrial (TEP),Linear / Ridge,Fault_3,26,XMEAS_10,1.320578
Industrial (TEP),Linear / Ridge,Fault_3,27,XMEAS_30,1.274080
Industrial (TEP),Linear / Ridge,Fault_3,28,XMEAS_36,1.238694
Industrial (TEP),Linear / Ridge,Fault_3,29,XMEAS_11,1.163390
Industrial (TEP),Linear / Ridge,Fault_3,30,XMEAS_12,1.083246
Industrial (TEP),Linear / Ridge,Fault_3,31,XMEAS_29,0.959582
Industrial (TEP),Linear / Ridge,Fault_3,32,XMEAS_15,0.905246
Industrial (TEP),Linear / Ridge,Fault_3,33,XMEAS_34,0.873165
Industrial (TEP),Linear / Ridge,Fault_3,34,XMEAS_3,0.778137
Industrial (TEP),Linear / Ridge,Fault_3,35,XMV_8,0.763698
Industrial (TEP),Linear / Ridge,Fault_3,36,XMEAS_39,0.652451
Industrial (TEP),Linear / Ridge,Fault_3,37,XMV_4,0.629035
Industrial (TEP),Linear / Ridge,Fault_3,38,XMEAS_23,0.606210
Industrial (TEP),Linear / Ridge,Fault_3,39,XMEAS_2,0.601868
Industrial (TEP),Linear / Ridge,Fault_4,1,XMV_10,43.995155
Industrial (TEP),Linear / Ridge,Fault_4,2,XMEAS_9,8.092151
Industrial (TEP),Linear / Ridge,Fault_4,3,XMEAS_20,6.161728
Industrial (TEP),Linear / Ridge,Fault_4,4,XMV_6,4.546580
Industrial (TEP),Linear / Ridge,Fault_4,5,XMEAS_28,4.300642
Industrial (TEP),Linear / Ridge,Fault_4,6,XMV_1,4.218872
Industrial (TEP),Linear / Ridge,Fault_4,7,XMEAS_19,3.598774
Industrial (TEP),Linear / Ridge,Fault_4,8,XMEAS_38,3.020297
Industrial (TEP),Linear / Ridge,Fault_4,9,XMEAS_21,2.872137
Industrial (TEP),Linear / Ridge,Fault_4,10,XMV_3,2.549158
Industrial (TEP),Linear / Ridge,Fault_4,11,XMEAS_16,2.493627
Industrial (TEP),Linear / Ridge,Fault_4,12,XMEAS_25,2.371109
Industrial (TEP),Linear / Ridge,Fault_4,13,XMV_11,2.342823
Industrial (TEP),Linear / Ridge,Fault_4,14,XMEAS_17,2.291648
Industrial (TEP),Linear / Ridge,Fault_4,15,XMV_9,2.219717
Industrial (TEP),Linear / Ridge,Fault_4,16,XMEAS_1,2.206696
Industrial (TEP),Linear / Ridge,Fault_4,17,XMEAS_13,2.150008
Industrial (TEP),Linear / Ridge,Fault_4,18,XMEAS_7,2.117443
Industrial (TEP),Linear / Ridge,Fault_4,19,XMEAS_14,1.840095
Industrial (TEP),Linear / Ridge,Fault_4,20,XMEAS_18,1.601940
Industrial (TEP),Linear / Ridge,Fault_4,21,XMEAS_32,1.546134
Industrial (TEP),Linear / Ridge,Fault_4,22,XMEAS_41,1.521749
Industrial (TEP),Linear / Ridge,Fault_4,23,XMEAS_31,1.501772
Industrial (TEP),Linear / Ridge,Fault_4,24,XMV_5,1.433528
Industrial (TEP),Linear / Ridge,Fault_4,25,XMV_7,1.392672
Industrial (TEP),Linear / Ridge,Fault_4,26,XMEAS_10,1.383186
Industrial (TEP),Linear / Ridge,Fault_4,27,XMEAS_30,1.277750
Industrial (TEP),Linear / Ridge,Fault_4,28,XMEAS_36,1.252028
Industrial (TEP),Linear / Ridge,Fault_4,29,XMEAS_11,1.165641
Industrial (TEP),Linear / Ridge,Fault_4,30,XMEAS_12,1.091354
Industrial (TEP),Linear / Ridge,Fault_4,31,XMEAS_29,0.957654
Industrial (TEP),Linear / Ridge,Fault_4,32,XMEAS_15,0.897114
Industrial (TEP),Linear / Ridge,Fault_4,33,XMEAS_34,0.831878
Industrial (TEP),Linear / Ridge,Fault_4,34,XMEAS_3,0.828067
Industrial (TEP),Linear / Ridge,Fault_4,35,XMV_8,0.762670
Industrial (TEP),Linear / Ridge,Fault_4,36,XMEAS_39,0.658015
Industrial (TEP),Linear / Ridge,Fault_4,37,XMV_4,0.628891
Industrial (TEP),Linear / Ridge,Fault_4,38,XMEAS_23,0.608233
Industrial (TEP),Linear / Ridge,Fault_4,39,XMEAS_2,0.607850
Industrial (TEP),Linear / Ridge,Fault_5,1,XMEAS_20,29.425233
Industrial (TEP),Linear / Ridge,Fault_5,2,XMV_11,15.348926
Industrial (TEP),Linear / Ridge,Fault_5,3,XMEAS_19,14.983207
Industrial (TEP),Linear / Ridge,Fault_5,4,XMV_3,7.816312
Industrial (TEP),Linear / Ridge,Fault_5,5,XMEAS_38,7.724697
Industrial (TEP),Linear / Ridge,Fault_5,6,XMV_6,6.437379
Industrial (TEP),Linear / Ridge,Fault_5,7,XMV_9,6.001546
Industrial (TEP),Linear / Ridge,Fault_5,8,XMEAS_18,5.979775
Industrial (TEP),Linear / Ridge,Fault_5,9,XMEAS_21,5.733693
Industrial (TEP),Linear / Ridge,Fault_5,10,XMEAS_16,4.360508
Industrial (TEP),Linear / Ridge,Fault_5,11,XMEAS_7,4.180292
Industrial (TEP),Linear / Ridge,Fault_5,12,XMEAS_11,3.952921
Industrial (TEP),Linear / Ridge,Fault_5,13,XMEAS_13,3.774553
Industrial (TEP),Linear / Ridge,Fault_5,14,XMEAS_25,3.735149
Industrial (TEP),Linear / Ridge,Fault_5,15,XMEAS_28,3.683388
Industrial (TEP),Linear / Ridge,Fault_5,16,XMV_5,3.489669
Industrial (TEP),Linear / Ridge,Fault_5,17,XMEAS_36,3.163866
Industrial (TEP),Linear / Ridge,Fault_5,18,XMV_10,3.089523
Industrial (TEP),Linear / Ridge,Fault_5,19,XMV_1,2.908285
Industrial (TEP),Linear / Ridge,Fault_5,20,XMEAS_10,2.865091
Industrial (TEP),Linear / Ridge,Fault_5,21,XMEAS_1,2.836840
Industrial (TEP),Linear / Ridge,Fault_5,22,XMEAS_31,2.555732
Industrial (TEP),Linear / Ridge,Fault_5,23,XMEAS_9,2.350909
Industrial (TEP),Linear / Ridge,Fault_5,24,XMEAS_17,2.022464
Industrial (TEP),Linear / Ridge,Fault_5,25,XMEAS_3,1.994690
Industrial (TEP),Linear / Ridge,Fault_5,26,XMEAS_14,1.937090
Industrial (TEP),Linear / Ridge,Fault_5,27,XMEAS_30,1.598840
Industrial (TEP),Linear / Ridge,Fault_5,28,XMEAS_29,1.413519
Industrial (TEP),Linear / Ridge,Fault_5,29,XMEAS_34,1.320972
Industrial (TEP),Linear / Ridge,Fault_5,30,XMEAS_23,1.303622
Industrial (TEP),Linear / Ridge,Fault_5,31,XMEAS_32,1.300210
Industrial (TEP),Linear / Ridge,Fault_5,32,XMV_7,1.226416
Industrial (TEP),Linear / Ridge,Fault_5,33,XMEAS_41,1.204408
Industrial (TEP),Linear / Ridge,Fault_5,34,XMEAS_12,0.981032
Industrial (TEP),Linear / Ridge,Fault_5,35,XMEAS_15,0.792673
Industrial (TEP),Linear / Ridge,Fault_5,36,XMV_8,0.703860
Industrial (TEP),Linear / Ridge,Fault_5,37,XMEAS_39,0.610964
Industrial (TEP),Linear / Ridge,Fault_5,38,XMEAS_2,0.512134
Industrial (TEP),Linear / Ridge,Fault_5,39,XMV_4,0.509772
Industrial (TEP),Linear / Ridge,Fault_6,1,XMEAS_21,79.418253
Industrial (TEP),Linear / Ridge,Fault_6,2,XMEAS_28,69.621005
Industrial (TEP),Linear / Ridge,Fault_6,3,XMV_5,68.578281
Industrial (TEP),Linear / Ridge,Fault_6,4,XMEAS_23,64.309130
Industrial (TEP),Linear / Ridge,Fault_6,5,XMV_10,54.852051
Industrial (TEP),Linear / Ridge,Fault_6,6,XMV_3,42.533987
Industrial (TEP),Linear / Ridge,Fault_6,7,XMEAS_20,32.918460
Industrial (TEP),Linear / Ridge,Fault_6,8,XMEAS_34,30.814279
Industrial (TEP),Linear / Ridge,Fault_6,9,XMEAS_29,26.319783
Industrial (TEP),Linear / Ridge,Fault_6,10,XMV_11,20.612014
Industrial (TEP),Linear / Ridge,Fault_6,11,XMEAS_1,20.355597
Industrial (TEP),Linear / Ridge,Fault_6,12,XMEAS_7,19.640133
Industrial (TEP),Linear / Ridge,Fault_6,13,XMEAS_25,17.402798
Industrial (TEP),Linear / Ridge,Fault_6,14,XMEAS_31,16.837340
Industrial (TEP),Linear / Ridge,Fault_6,15,XMV_6,16.262645
Industrial (TEP),Linear / Ridge,Fault_6,16,XMEAS_3,15.133740
Industrial (TEP),Linear / Ridge,Fault_6,17,XMV_4,13.672603
Industrial (TEP),Linear / Ridge,Fault_6,18,XMEAS_18,13.666419
Industrial (TEP),Linear / Ridge,Fault_6,19,XMEAS_16,13.603498
Industrial (TEP),Linear / Ridge,Fault_6,20,XMEAS_19,12.961206
Industrial (TEP),Linear / Ridge,Fault_6,21,XMV_1,11.831798
Industrial (TEP),Linear / Ridge,Fault_6,22,XMV_9,11.356603
Industrial (TEP),Linear / Ridge,Fault_6,23,XMEAS_30,9.917344
Industrial (TEP),Linear / Ridge,Fault_6,24,XMEAS_38,8.576219
Industrial (TEP),Linear / Ridge,Fault_6,25,XMEAS_13,7.168744
Industrial (TEP),Linear / Ridge,Fault_6,26,XMEAS_36,7.108028
Industrial (TEP),Linear / Ridge,Fault_6,27,XMEAS_11,4.384818
Industrial (TEP),Linear / Ridge,Fault_6,28,XMEAS_39,3.129297
Industrial (TEP),Linear / Ridge,Fault_6,29,XMEAS_17,2.971852
Industrial (TEP),Linear / Ridge,Fault_6,30,XMEAS_9,2.298501
Industrial (TEP),Linear / Ridge,Fault_6,31,XMEAS_32,2.261466
Industrial (TEP),Linear / Ridge,Fault_6,32,XMEAS_10,1.824518
Industrial (TEP),Linear / Ridge,Fault_6,33,XMEAS_14,1.738827
Industrial (TEP),Linear / Ridge,Fault_6,34,XMV_7,1.652025
Industrial (TEP),Linear / Ridge,Fault_6,35,XMEAS_41,1.269688
Industrial (TEP),Linear / Ridge,Fault_6,36,XMEAS_12,1.078806
Industrial (TEP),Linear / Ridge,Fault_6,37,XMEAS_2,0.843534
Industrial (TEP),Linear / Ridge,Fault_6,38,XMV_8,0.608632
Industrial (TEP),Linear / Ridge,Fault_6,39,XMEAS_15,0.601118
Industrial (TEP),Linear / Ridge,Fault_7,1,XMV_4,37.414310
Industrial (TEP),Linear / Ridge,Fault_7,2,XMEAS_20,36.789197
Industrial (TEP),Linear / Ridge,Fault_7,3,XMEAS_19,15.973911
Industrial (TEP),Linear / Ridge,Fault_7,4,XMEAS_11,10.748768
Industrial (TEP),Linear / Ridge,Fault_7,5,XMV_9,10.358145
Industrial (TEP),Linear / Ridge,Fault_7,6,XMEAS_28,9.515096
Industrial (TEP),Linear / Ridge,Fault_7,7,XMV_3,9.271294
Industrial (TEP),Linear / Ridge,Fault_7,8,XMEAS_13,9.141210
Industrial (TEP),Linear / Ridge,Fault_7,9,XMV_6,8.243382
Industrial (TEP),Linear / Ridge,Fault_7,10,XMEAS_7,8.165126
Industrial (TEP),Linear / Ridge,Fault_7,11,XMEAS_38,7.697149
Industrial (TEP),Linear / Ridge,Fault_7,12,XMEAS_31,7.522525
Industrial (TEP),Linear / Ridge,Fault_7,13,XMEAS_21,6.876575
Industrial (TEP),Linear / Ridge,Fault_7,14,XMEAS_16,6.515900
Industrial (TEP),Linear / Ridge,Fault_7,15,XMV_5,6.351935
Industrial (TEP),Linear / Ridge,Fault_7,16,XMEAS_18,5.056790
Industrial (TEP),Linear / Ridge,Fault_7,17,XMEAS_25,3.736619
Industrial (TEP),Linear / Ridge,Fault_7,18,XMEAS_36,3.327390
Industrial (TEP),Linear / Ridge,Fault_7,19,XMV_10,3.289080
Industrial (TEP),Linear / Ridge,Fault_7,20,XMEAS_1,3.260396
Industrial (TEP),Linear / Ridge,Fault_7,21,XMEAS_29,3.106876
Industrial (TEP),Linear / Ridge,Fault_7,22,XMV_1,2.905925
Industrial (TEP),Linear / Ridge,Fault_7,23,XMEAS_10,2.632681
Industrial (TEP),Linear / Ridge,Fault_7,24,XMEAS_23,2.551473
Industrial (TEP),Linear / Ridge,Fault_7,25,XMEAS_9,2.204453
Industrial (TEP),Linear / Ridge,Fault_7,26,XMEAS_17,2.129680
Industrial (TEP),Linear / Ridge,Fault_7,27,XMEAS_14,1.817380
Industrial (TEP),Linear / Ridge,Fault_7,28,XMEAS_3,1.774591
Industrial (TEP),Linear / Ridge,Fault_7,29,XMV_11,1.627749
Industrial (TEP),Linear / Ridge,Fault_7,30,XMEAS_30,1.582456
Industrial (TEP),Linear / Ridge,Fault_7,31,XMEAS_32,1.494984
Industrial (TEP),Linear / Ridge,Fault_7,32,XMV_7,1.492445
Industrial (TEP),Linear / Ridge,Fault_7,33,XMEAS_39,1.451870
Industrial (TEP),Linear / Ridge,Fault_7,34,XMEAS_34,1.406119
Industrial (TEP),Linear / Ridge,Fault_7,35,XMEAS_15,0.938186
Industrial (TEP),Linear / Ridge,Fault_7,36,XMEAS_41,0.912362
Industrial (TEP),Linear / Ridge,Fault_7,37,XMEAS_12,0.895163
Industrial (TEP),Linear / Ridge,Fault_7,38,XMEAS_2,0.797434
Industrial (TEP),Linear / Ridge,Fault_7,39,XMV_8,0.767295
Industrial (TEP),Linear / Ridge,Fault_8,1,XMEAS_28,57.905258
Industrial (TEP),Linear / Ridge,Fault_8,2,XMEAS_20,33.136917
Industrial (TEP),Linear / Ridge,Fault_8,3,XMEAS_10,24.843654
Industrial (TEP),Linear / Ridge,Fault_8,4,XMEAS_34,23.712854
Industrial (TEP),Linear / Ridge,Fault_8,5,XMEAS_29,18.919984
Industrial (TEP),Linear / Ridge,Fault_8,6,XMEAS_16,16.784838
Industrial (TEP),Linear / Ridge,Fault_8,7,XMEAS_11,13.956117
Industrial (TEP),Linear / Ridge,Fault_8,8,XMEAS_25,13.791794
Industrial (TEP),Linear / Ridge,Fault_8,9,XMV_9,13.731618
Industrial (TEP),Linear / Ridge,Fault_8,10,XMV_6,13.711927
Industrial (TEP),Linear / Ridge,Fault_8,11,XMEAS_31,13.537190
Industrial (TEP),Linear / Ridge,Fault_8,12,XMV_5,12.289392
Industrial (TEP),Linear / Ridge,Fault_8,13,XMEAS_7,11.504110
Industrial (TEP),Linear / Ridge,Fault_8,14,XMEAS_38,11.207104
Industrial (TEP),Linear / Ridge,Fault_8,15,XMEAS_13,10.775478
Industrial (TEP),Linear / Ridge,Fault_8,16,XMV_3,9.608140
Industrial (TEP),Linear / Ridge,Fault_8,17,XMEAS_19,8.805405
Industrial (TEP),Linear / Ridge,Fault_8,18,XMEAS_23,8.767541
Industrial (TEP),Linear / Ridge,Fault_8,19,XMEAS_21,7.019054
Industrial (TEP),Linear / Ridge,Fault_8,20,XMEAS_1,6.679797
Industrial (TEP),Linear / Ridge,Fault_8,21,XMEAS_18,4.894640
Industrial (TEP),Linear / Ridge,Fault_8,22,XMV_10,3.282110
Industrial (TEP),Linear / Ridge,Fault_8,23,XMEAS_36,3.044834
Industrial (TEP),Linear / Ridge,Fault_8,24,XMEAS_39,2.944497
Industrial (TEP),Linear / Ridge,Fault_8,25,XMEAS_30,2.484130
Industrial (TEP),Linear / Ridge,Fault_8,26,XMV_1,2.468563
Industrial (TEP),Linear / Ridge,Fault_8,27,XMEAS_9,2.235563
Industrial (TEP),Linear / Ridge,Fault_8,28,XMV_11,1.979824
Industrial (TEP),Linear / Ridge,Fault_8,29,XMEAS_3,1.901452
Industrial (TEP),Linear / Ridge,Fault_8,30,XMEAS_17,1.854880
Industrial (TEP),Linear / Ridge,Fault_8,31,XMV_7,1.592110
Industrial (TEP),Linear / Ridge,Fault_8,32,XMEAS_32,1.458928
Industrial (TEP),Linear / Ridge,Fault_8,33,XMEAS_14,1.415963
Industrial (TEP),Linear / Ridge,Fault_8,34,XMEAS_41,1.398773
Industrial (TEP),Linear / Ridge,Fault_8,35,XMV_4,1.329081
Industrial (TEP),Linear / Ridge,Fault_8,36,XMEAS_12,1.074716
Industrial (TEP),Linear / Ridge,Fault_8,37,XMEAS_15,0.763991
Industrial (TEP),Linear / Ridge,Fault_8,38,XMV_8,0.716224
Industrial (TEP),Linear / Ridge,Fault_8,39,XMEAS_2,0.608078
Industrial (TEP),Linear / Ridge,Fault_9,1,XMEAS_20,6.007674
Industrial (TEP),Linear / Ridge,Fault_9,2,XMV_6,4.710396
Industrial (TEP),Linear / Ridge,Fault_9,3,XMEAS_28,4.379749
Industrial (TEP),Linear / Ridge,Fault_9,4,XMV_1,4.232062
Industrial (TEP),Linear / Ridge,Fault_9,5,XMEAS_19,3.555833
Industrial (TEP),Linear / Ridge,Fault_9,6,XMEAS_21,3.223480
Industrial (TEP),Linear / Ridge,Fault_9,7,XMEAS_38,3.005405
Industrial (TEP),Linear / Ridge,Fault_9,8,XMV_3,2.534006
Industrial (TEP),Linear / Ridge,Fault_9,9,XMEAS_16,2.434047
Industrial (TEP),Linear / Ridge,Fault_9,10,XMEAS_25,2.339494
Industrial (TEP),Linear / Ridge,Fault_9,11,XMEAS_17,2.296661
Industrial (TEP),Linear / Ridge,Fault_9,12,XMEAS_13,2.278936
Industrial (TEP),Linear / Ridge,Fault_9,13,XMV_9,2.273322
Industrial (TEP),Linear / Ridge,Fault_9,14,XMV_11,2.259936
Industrial (TEP),Linear / Ridge,Fault_9,15,XMEAS_9,2.171017
Industrial (TEP),Linear / Ridge,Fault_9,16,XMEAS_1,2.147713
Industrial (TEP),Linear / Ridge,Fault_9,17,XMEAS_7,2.143988
Industrial (TEP),Linear / Ridge,Fault_9,18,XMV_10,1.836089
Industrial (TEP),Linear / Ridge,Fault_9,19,XMEAS_14,1.829250
Industrial (TEP),Linear / Ridge,Fault_9,20,XMEAS_32,1.652328
Industrial (TEP),Linear / Ridge,Fault_9,21,XMV_5,1.552490
Industrial (TEP),Linear / Ridge,Fault_9,22,XMEAS_18,1.543946
Industrial (TEP),Linear / Ridge,Fault_9,23,XMEAS_41,1.480198
Industrial (TEP),Linear / Ridge,Fault_9,24,XMEAS_10,1.419182
Industrial (TEP),Linear / Ridge,Fault_9,25,XMEAS_31,1.405555
Industrial (TEP),Linear / Ridge,Fault_9,26,XMV_7,1.386793
Industrial (TEP),Linear / Ridge,Fault_9,27,XMEAS_30,1.282780
Industrial (TEP),Linear / Ridge,Fault_9,28,XMEAS_36,1.270681
Industrial (TEP),Linear / Ridge,Fault_9,29,XMEAS_11,1.199097
Industrial (TEP),Linear / Ridge,Fault_9,30,XMEAS_12,1.106298
Industrial (TEP),Linear / Ridge,Fault_9,31,XMEAS_34,0.949276
Industrial (TEP),Linear / Ridge,Fault_9,32,XMEAS_29,0.937987
Industrial (TEP),Linear / Ridge,Fault_9,33,XMEAS_15,0.929564
Industrial (TEP),Linear / Ridge,Fault_9,34,XMEAS_3,0.906330
Industrial (TEP),Linear / Ridge,Fault_9,35,XMV_8,0.765551
Industrial (TEP),Linear / Ridge,Fault_9,36,XMEAS_39,0.654390
Industrial (TEP),Linear / Ridge,Fault_9,37,XMV_4,0.628854
Industrial (TEP),Linear / Ridge,Fault_9,38,XMEAS_2,0.617073
Industrial (TEP),Linear / Ridge,Fault_9,39,XMEAS_23,0.601500
Industrial (TEP),Linear / Ridge,Fault_10,1,XMEAS_20,14.336532
Industrial (TEP),Linear / Ridge,Fault_10,2,XMEAS_18,8.303186
Industrial (TEP),Linear / Ridge,Fault_10,3,XMEAS_38,5.799817
Industrial (TEP),Linear / Ridge,Fault_10,4,XMEAS_19,5.791528
Industrial (TEP),Linear / Ridge,Fault_10,5,XMV_6,5.429397
Industrial (TEP),Linear / Ridge,Fault_10,6,XMV_9,4.511617
Industrial (TEP),Linear / Ridge,Fault_10,7,XMV_3,4.469278
Industrial (TEP),Linear / Ridge,Fault_10,8,XMEAS_28,4.401326
Industrial (TEP),Linear / Ridge,Fault_10,9,XMV_1,4.386386
Industrial (TEP),Linear / Ridge,Fault_10,10,XMEAS_21,4.235475
Industrial (TEP),Linear / Ridge,Fault_10,11,XMEAS_7,2.740480
Industrial (TEP),Linear / Ridge,Fault_10,12,XMEAS_16,2.358220
Industrial (TEP),Linear / Ridge,Fault_10,13,XMEAS_17,2.299484
Industrial (TEP),Linear / Ridge,Fault_10,14,XMEAS_10,2.294870
Industrial (TEP),Linear / Ridge,Fault_10,15,XMEAS_13,2.277864
Industrial (TEP),Linear / Ridge,Fault_10,16,XMEAS_9,2.179031
Industrial (TEP),Linear / Ridge,Fault_10,17,XMEAS_11,2.163388
Industrial (TEP),Linear / Ridge,Fault_10,18,XMEAS_1,2.018826
Industrial (TEP),Linear / Ridge,Fault_10,19,XMEAS_31,1.896689
Industrial (TEP),Linear / Ridge,Fault_10,20,XMV_10,1.881768
Industrial (TEP),Linear / Ridge,Fault_10,21,XMEAS_14,1.865131
Industrial (TEP),Linear / Ridge,Fault_10,22,XMEAS_25,1.842044
Industrial (TEP),Linear / Ridge,Fault_10,23,XMV_11,1.828058
Industrial (TEP),Linear / Ridge,Fault_10,24,XMEAS_36,1.818620
Industrial (TEP),Linear / Ridge,Fault_10,25,XMV_5,1.797231
Industrial (TEP),Linear / Ridge,Fault_10,26,XMEAS_32,1.593313
Industrial (TEP),Linear / Ridge,Fault_10,27,XMV_7,1.391691
Industrial (TEP),Linear / Ridge,Fault_10,28,XMEAS_29,1.331764
Industrial (TEP),Linear / Ridge,Fault_10,29,XMEAS_34,1.286604
Industrial (TEP),Linear / Ridge,Fault_10,30,XMEAS_30,1.256505
Industrial (TEP),Linear / Ridge,Fault_10,31,XMEAS_41,1.237789
Industrial (TEP),Linear / Ridge,Fault_10,32,XMEAS_12,1.042360
Industrial (TEP),Linear / Ridge,Fault_10,33,XMEAS_15,0.947788
Industrial (TEP),Linear / Ridge,Fault_10,34,XMEAS_3,0.927713
Industrial (TEP),Linear / Ridge,Fault_10,35,XMV_8,0.764897
Industrial (TEP),Linear / Ridge,Fault_10,36,XMV_4,0.700969
Industrial (TEP),Linear / Ridge,Fault_10,37,XMEAS_23,0.662676
Industrial (TEP),Linear / Ridge,Fault_10,38,XMEAS_39,0.653331
Industrial (TEP),Linear / Ridge,Fault_10,39,XMEAS_2,0.559030
Industrial (TEP),Linear / Ridge,Fault_11,1,XMV_10,7.255807
Industrial (TEP),Linear / Ridge,Fault_11,2,XMEAS_20,5.888475
Industrial (TEP),Linear / Ridge,Fault_11,3,XMV_6,4.632994
Industrial (TEP),Linear / Ridge,Fault_11,4,XMV_1,4.334791
Industrial (TEP),Linear / Ridge,Fault_11,5,XMEAS_28,4.019023
Industrial (TEP),Linear / Ridge,Fault_11,6,XMEAS_9,3.957209
Industrial (TEP),Linear / Ridge,Fault_11,7,XMEAS_19,3.593698
Industrial (TEP),Linear / Ridge,Fault_11,8,XMEAS_21,3.300519
Industrial (TEP),Linear / Ridge,Fault_11,9,XMEAS_38,3.077880
Industrial (TEP),Linear / Ridge,Fault_11,10,XMV_3,2.537483
Industrial (TEP),Linear / Ridge,Fault_11,11,XMV_11,2.327108
Industrial (TEP),Linear / Ridge,Fault_11,12,XMV_9,2.288337
Industrial (TEP),Linear / Ridge,Fault_11,13,XMEAS_17,2.267850
Industrial (TEP),Linear / Ridge,Fault_11,14,XMEAS_25,2.264640
Industrial (TEP),Linear / Ridge,Fault_11,15,XMEAS_1,2.132061
Industrial (TEP),Linear / Ridge,Fault_11,16,XMEAS_13,2.131013
Industrial (TEP),Linear / Ridge,Fault_11,17,XMEAS_31,2.068949
Industrial (TEP),Linear / Ridge,Fault_11,18,XMEAS_7,2.041666
Industrial (TEP),Linear / Ridge,Fault_11,19,XMEAS_16,1.943497
Industrial (TEP),Linear / Ridge,Fault_11,20,XMEAS_14,1.819088
Industrial (TEP),Linear / Ridge,Fault_11,21,XMEAS_18,1.591080
Industrial (TEP),Linear / Ridge,Fault_11,22,XMEAS_32,1.511106
Industrial (TEP),Linear / Ridge,Fault_11,23,XMV_5,1.421453
Industrial (TEP),Linear / Ridge,Fault_11,24,XMEAS_41,1.391891
Industrial (TEP),Linear / Ridge,Fault_11,25,XMV_7,1.383549
Industrial (TEP),Linear / Ridge,Fault_11,26,XMEAS_10,1.369466
Industrial (TEP),Linear / Ridge,Fault_11,27,XMEAS_30,1.292466
Industrial (TEP),Linear / Ridge,Fault_11,28,XMEAS_11,1.235186
Industrial (TEP),Linear / Ridge,Fault_11,29,XMEAS_36,1.129065
Industrial (TEP),Linear / Ridge,Fault_11,30,XMEAS_34,1.121154
Industrial (TEP),Linear / Ridge,Fault_11,31,XMEAS_12,1.040576
Industrial (TEP),Linear / Ridge,Fault_11,32,XMEAS_29,0.972967
Industrial (TEP),Linear / Ridge,Fault_11,33,XMEAS_15,0.951747
Industrial (TEP),Linear / Ridge,Fault_11,34,XMEAS_3,0.851008
Industrial (TEP),Linear / Ridge,Fault_11,35,XMV_8,0.773454
Industrial (TEP),Linear / Ridge,Fault_11,36,XMEAS_39,0.650232
Industrial (TEP),Linear / Ridge,Fault_11,37,XMEAS_23,0.609449
Industrial (TEP),Linear / Ridge,Fault_11,38,XMV_4,0.608845
Industrial (TEP),Linear / Ridge,Fault_11,39,XMEAS_2,0.602690
Industrial (TEP),Linear / Ridge,Fault_12,1,XMEAS_20,35.473466
Industrial (TEP),Linear / Ridge,Fault_12,2,XMEAS_16,19.341598
Industrial (TEP),Linear / Ridge,Fault_12,3,XMEAS_19,17.802810
Industrial (TEP),Linear / Ridge,Fault_12,4,XMV_5,16.332758
Industrial (TEP),Linear / Ridge,Fault_12,5,XMEAS_38,15.862454
Industrial (TEP),Linear / Ridge,Fault_12,6,XMEAS_7,14.708895
Industrial (TEP),Linear / Ridge,Fault_12,7,XMEAS_21,13.826664
Industrial (TEP),Linear / Ridge,Fault_12,8,XMEAS_18,12.022661
Industrial (TEP),Linear / Ridge,Fault_12,9,XMEAS_1,10.928247
Industrial (TEP),Linear / Ridge,Fault_12,10,XMEAS_13,9.925770
Industrial (TEP),Linear / Ridge,Fault_12,11,XMEAS_28,9.483810
Industrial (TEP),Linear / Ridge,Fault_12,12,XMV_9,8.879653
Industrial (TEP),Linear / Ridge,Fault_12,13,XMV_3,7.838124
Industrial (TEP),Linear / Ridge,Fault_12,14,XMEAS_11,7.535452
Industrial (TEP),Linear / Ridge,Fault_12,15,XMEAS_31,6.879992
Industrial (TEP),Linear / Ridge,Fault_12,16,XMV_6,6.773776
Industrial (TEP),Linear / Ridge,Fault_12,17,XMEAS_23,6.519342
Industrial (TEP),Linear / Ridge,Fault_12,18,XMEAS_25,5.966222
Industrial (TEP),Linear / Ridge,Fault_12,19,XMV_11,5.235519
Industrial (TEP),Linear / Ridge,Fault_12,20,XMEAS_29,4.084939
Industrial (TEP),Linear / Ridge,Fault_12,21,XMEAS_34,3.494809
Industrial (TEP),Linear / Ridge,Fault_12,22,XMV_1,3.442677
Industrial (TEP),Linear / Ridge,Fault_12,23,XMEAS_10,3.419800
Industrial (TEP),Linear / Ridge,Fault_12,24,XMEAS_14,2.941427
Industrial (TEP),Linear / Ridge,Fault_12,25,XMEAS_9,2.931807
Industrial (TEP),Linear / Ridge,Fault_12,26,XMEAS_17,2.835878
Industrial (TEP),Linear / Ridge,Fault_12,27,XMV_10,2.801887
Industrial (TEP),Linear / Ridge,Fault_12,28,XMEAS_36,2.184471
Industrial (TEP),Linear / Ridge,Fault_12,29,XMEAS_41,1.784783
Industrial (TEP),Linear / Ridge,Fault_12,30,XMEAS_32,1.725352
Industrial (TEP),Linear / Ridge,Fault_12,31,XMV_4,1.704945
Industrial (TEP),Linear / Ridge,Fault_12,32,XMEAS_3,1.516383
Industrial (TEP),Linear / Ridge,Fault_12,33,XMEAS_30,1.512968
Industrial (TEP),Linear / Ridge,Fault_12,34,XMV_7,1.314383
Industrial (TEP),Linear / Ridge,Fault_12,35,XMEAS_39,1.193902
Industrial (TEP),Linear / Ridge,Fault_12,36,XMEAS_12,0.849222
Industrial (TEP),Linear / Ridge,Fault_12,37,XMEAS_2,0.720381
Industrial (TEP),Linear / Ridge,Fault_12,38,XMEAS_15,0.574706
Industrial (TEP),Linear / Ridge,Fault_12,39,XMV_8,0.571230
Industrial (TEP),Linear / Ridge,Fault_13,1,XMEAS_19,31.195271
Industrial (TEP),Linear / Ridge,Fault_13,2,XMEAS_20,27.093163
Industrial (TEP),Linear / Ridge,Fault_13,3,XMEAS_16,19.764297
Industrial (TEP),Linear / Ridge,Fault_13,4,XMV_9,19.215399
Industrial (TEP),Linear / Ridge,Fault_13,5,XMEAS_38,16.915451
Industrial (TEP),Linear / Ridge,Fault_13,6,XMV_6,11.578963
Industrial (TEP),Linear / Ridge,Fault_13,7,XMEAS_28,11.522586
Industrial (TEP),Linear / Ridge,Fault_13,8,XMV_5,8.854342
Industrial (TEP),Linear / Ridge,Fault_13,9,XMEAS_18,7.582695
Industrial (TEP),Linear / Ridge,Fault_13,10,XMV_3,7.565816
Industrial (TEP),Linear / Ridge,Fault_13,11,XMEAS_13,7.284422
Industrial (TEP),Linear / Ridge,Fault_13,12,XMV_1,6.918636
Industrial (TEP),Linear / Ridge,Fault_13,13,XMEAS_21,6.852086
Industrial (TEP),Linear / Ridge,Fault_13,14,XMEAS_11,6.313705
Industrial (TEP),Linear / Ridge,Fault_13,15,XMEAS_7,6.311746
Industrial (TEP),Linear / Ridge,Fault_13,16,XMEAS_31,6.133295
Industrial (TEP),Linear / Ridge,Fault_13,17,XMEAS_36,5.980882
Industrial (TEP),Linear / Ridge,Fault_13,18,XMEAS_10,5.097761
Industrial (TEP),Linear / Ridge,Fault_13,19,XMEAS_3,4.162499
Industrial (TEP),Linear / Ridge,Fault_13,20,XMEAS_25,3.819068
Industrial (TEP),Linear / Ridge,Fault_13,21,XMV_10,3.266972
Industrial (TEP),Linear / Ridge,Fault_13,22,XMEAS_32,2.884781
Industrial (TEP),Linear / Ridge,Fault_13,23,XMEAS_9,2.772042
Industrial (TEP),Linear / Ridge,Fault_13,24,XMEAS_17,2.530691
Industrial (TEP),Linear / Ridge,Fault_13,25,XMEAS_2,2.354770
Industrial (TEP),Linear / Ridge,Fault_13,26,XMV_11,2.305483
Industrial (TEP),Linear / Ridge,Fault_13,27,XMEAS_30,2.286038
Industrial (TEP),Linear / Ridge,Fault_13,28,XMEAS_41,2.255744
Industrial (TEP),Linear / Ridge,Fault_13,29,XMEAS_23,2.245953
Industrial (TEP),Linear / Ridge,Fault_13,30,XMEAS_1,2.243795
Industrial (TEP),Linear / Ridge,Fault_13,31,XMEAS_29,2.082651
Industrial (TEP),Linear / Ridge,Fault_13,32,XMV_7,1.467142
Industrial (TEP),Linear / Ridge,Fault_13,33,XMEAS_14,1.454995
Industrial (TEP),Linear / Ridge,Fault_13,34,XMEAS_34,1.393666
Industrial (TEP),Linear / Ridge,Fault_13,35,XMEAS_12,1.303490
Industrial (TEP),Linear / Ridge,Fault_13,36,XMEAS_39,1.095801
Industrial (TEP),Linear / Ridge,Fault_13,37,XMV_4,0.932892
Industrial (TEP),Linear / Ridge,Fault_13,38,XMV_8,0.865035
Industrial (TEP),Linear / Ridge,Fault_13,39,XMEAS_15,0.813548
Industrial (TEP),Linear / Ridge,Fault_14,1,XMEAS_21,33.655284
Industrial (TEP),Linear / Ridge,Fault_14,2,XMEAS_9,9.783409
Industrial (TEP),Linear / Ridge,Fault_14,3,XMV_10,6.063916
Industrial (TEP),Linear / Ridge,Fault_14,4,XMEAS_20,5.871952
Industrial (TEP),Linear / Ridge,Fault_14,5,XMV_6,4.543360
Industrial (TEP),Linear / Ridge,Fault_14,6,XMV_1,4.218242
Industrial (TEP),Linear / Ridge,Fault_14,7,XMEAS_28,4.168505
Industrial (TEP),Linear / Ridge,Fault_14,8,XMEAS_19,3.576074
Industrial (TEP),Linear / Ridge,Fault_14,9,XMEAS_38,3.044788
Industrial (TEP),Linear / Ridge,Fault_14,10,XMEAS_16,2.581430
Industrial (TEP),Linear / Ridge,Fault_14,11,XMV_3,2.542531
Industrial (TEP),Linear / Ridge,Fault_14,12,XMEAS_25,2.364953
Industrial (TEP),Linear / Ridge,Fault_14,13,XMV_11,2.337308
Industrial (TEP),Linear / Ridge,Fault_14,14,XMEAS_17,2.283179
Industrial (TEP),Linear / Ridge,Fault_14,15,XMV_9,2.229175
Industrial (TEP),Linear / Ridge,Fault_14,16,XMEAS_13,2.199462
Industrial (TEP),Linear / Ridge,Fault_14,17,XMEAS_1,2.197425
Industrial (TEP),Linear / Ridge,Fault_14,18,XMEAS_7,2.163696
Industrial (TEP),Linear / Ridge,Fault_14,19,XMEAS_14,1.848097
Industrial (TEP),Linear / Ridge,Fault_14,20,XMEAS_32,1.757471
Industrial (TEP),Linear / Ridge,Fault_14,21,XMEAS_31,1.630182
Industrial (TEP),Linear / Ridge,Fault_14,22,XMEAS_18,1.578474
Industrial (TEP),Linear / Ridge,Fault_14,23,XMEAS_41,1.485237
Industrial (TEP),Linear / Ridge,Fault_14,24,XMV_5,1.424924
Industrial (TEP),Linear / Ridge,Fault_14,25,XMV_7,1.388563
Industrial (TEP),Linear / Ridge,Fault_14,26,XMEAS_10,1.370298
Industrial (TEP),Linear / Ridge,Fault_14,27,XMEAS_30,1.274642
Industrial (TEP),Linear / Ridge,Fault_14,28,XMEAS_11,1.211067
Industrial (TEP),Linear / Ridge,Fault_14,29,XMEAS_36,1.160239
Industrial (TEP),Linear / Ridge,Fault_14,30,XMEAS_12,1.079862
Industrial (TEP),Linear / Ridge,Fault_14,31,XMEAS_29,0.946928
Industrial (TEP),Linear / Ridge,Fault_14,32,XMEAS_15,0.898884
Industrial (TEP),Linear / Ridge,Fault_14,33,XMEAS_34,0.815379
Industrial (TEP),Linear / Ridge,Fault_14,34,XMV_8,0.764801
Industrial (TEP),Linear / Ridge,Fault_14,35,XMEAS_3,0.712211
Industrial (TEP),Linear / Ridge,Fault_14,36,XMEAS_39,0.661527
Industrial (TEP),Linear / Ridge,Fault_14,37,XMV_4,0.631788
Industrial (TEP),Linear / Ridge,Fault_14,38,XMEAS_23,0.607228
Industrial (TEP),Linear / Ridge,Fault_14,39,XMEAS_2,0.597143
Industrial (TEP),Linear / Ridge,Fault_15,1,XMEAS_20,6.314685
Industrial (TEP),Linear / Ridge,Fault_15,2,XMV_6,4.482624
Industrial (TEP),Linear / Ridge,Fault_15,3,XMEAS_28,4.260761
Industrial (TEP),Linear / Ridge,Fault_15,4,XMV_1,4.239910
Industrial (TEP),Linear / Ridge,Fault_15,5,XMEAS_19,3.663836
Industrial (TEP),Linear / Ridge,Fault_15,6,XMEAS_38,3.087559
Industrial (TEP),Linear / Ridge,Fault_15,7,XMEAS_21,2.893364
Industrial (TEP),Linear / Ridge,Fault_15,8,XMV_3,2.656094
Industrial (TEP),Linear / Ridge,Fault_15,9,XMEAS_16,2.551823
Industrial (TEP),Linear / Ridge,Fault_15,10,XMEAS_25,2.417013
Industrial (TEP),Linear / Ridge,Fault_15,11,XMV_11,2.304387
Industrial (TEP),Linear / Ridge,Fault_15,12,XMEAS_17,2.289013
Industrial (TEP),Linear / Ridge,Fault_15,13,XMEAS_13,2.202619
Industrial (TEP),Linear / Ridge,Fault_15,14,XMEAS_1,2.191623
Industrial (TEP),Linear / Ridge,Fault_15,15,XMEAS_7,2.159388
Industrial (TEP),Linear / Ridge,Fault_15,16,XMV_9,2.032429
Industrial (TEP),Linear / Ridge,Fault_15,17,XMV_10,1.903309
Industrial (TEP),Linear / Ridge,Fault_15,18,XMEAS_9,1.835427
Industrial (TEP),Linear / Ridge,Fault_15,19,XMEAS_14,1.817285
Industrial (TEP),Linear / Ridge,Fault_15,20,XMEAS_31,1.643177
Industrial (TEP),Linear / Ridge,Fault_15,21,XMEAS_18,1.632223
Industrial (TEP),Linear / Ridge,Fault_15,22,XMEAS_32,1.526884
Industrial (TEP),Linear / Ridge,Fault_15,23,XMV_5,1.507869
Industrial (TEP),Linear / Ridge,Fault_15,24,XMEAS_41,1.488965
Industrial (TEP),Linear / Ridge,Fault_15,25,XMEAS_10,1.396988
Industrial (TEP),Linear / Ridge,Fault_15,26,XMV_7,1.383653
Industrial (TEP),Linear / Ridge,Fault_15,27,XMEAS_36,1.292018
Industrial (TEP),Linear / Ridge,Fault_15,28,XMEAS_11,1.284026
Industrial (TEP),Linear / Ridge,Fault_15,29,XMEAS_30,1.266668
Industrial (TEP),Linear / Ridge,Fault_15,30,XMEAS_12,1.092240
Industrial (TEP),Linear / Ridge,Fault_15,31,XMEAS_34,0.969004
Industrial (TEP),Linear / Ridge,Fault_15,32,XMEAS_29,0.950986
Industrial (TEP),Linear / Ridge,Fault_15,33,XMEAS_15,0.910344
Industrial (TEP),Linear / Ridge,Fault_15,34,XMV_8,0.771822
Industrial (TEP),Linear / Ridge,Fault_15,35,XMEAS_3,0.716462
Industrial (TEP),Linear / Ridge,Fault_15,36,XMEAS_39,0.653402
Industrial (TEP),Linear / Ridge,Fault_15,37,XMV_4,0.623572
Industrial (TEP),Linear / Ridge,Fault_15,38,XMEAS_23,0.607744
Industrial (TEP),Linear / Ridge,Fault_15,39,XMEAS_2,0.598761
Industrial (TEP),Linear / Ridge,Fault_16,1,XMEAS_20,9.698525
Industrial (TEP),Linear / Ridge,Fault_16,2,XMV_6,5.811960
Industrial (TEP),Linear / Ridge,Fault_16,3,XMEAS_19,4.906986
Industrial (TEP),Linear / Ridge,Fault_16,4,XMEAS_28,4.311174
Industrial (TEP),Linear / Ridge,Fault_16,5,XMV_1,4.153807
Industrial (TEP),Linear / Ridge,Fault_16,6,XMV_9,4.134617
Industrial (TEP),Linear / Ridge,Fault_16,7,XMEAS_38,3.948543
Industrial (TEP),Linear / Ridge,Fault_16,8,XMV_3,3.372438
Industrial (TEP),Linear / Ridge,Fault_16,9,XMEAS_18,2.942803
Industrial (TEP),Linear / Ridge,Fault_16,10,XMEAS_21,2.936456
Industrial (TEP),Linear / Ridge,Fault_16,11,XMV_5,2.922671
Industrial (TEP),Linear / Ridge,Fault_16,12,XMEAS_9,2.396004
Industrial (TEP),Linear / Ridge,Fault_16,13,XMEAS_17,2.283315
Industrial (TEP),Linear / Ridge,Fault_16,14,XMEAS_13,2.269354
Industrial (TEP),Linear / Ridge,Fault_16,15,XMV_10,2.257498
Industrial (TEP),Linear / Ridge,Fault_16,16,XMV_11,2.242831
Industrial (TEP),Linear / Ridge,Fault_16,17,XMEAS_7,2.153113
Industrial (TEP),Linear / Ridge,Fault_16,18,XMEAS_16,2.131867
Industrial (TEP),Linear / Ridge,Fault_16,19,XMEAS_25,2.082649
Industrial (TEP),Linear / Ridge,Fault_16,20,XMEAS_1,1.963932
Industrial (TEP),Linear / Ridge,Fault_16,21,XMEAS_14,1.856628
Industrial (TEP),Linear / Ridge,Fault_16,22,XMEAS_10,1.693233
Industrial (TEP),Linear / Ridge,Fault_16,23,XMEAS_41,1.567801
Industrial (TEP),Linear / Ridge,Fault_16,24,XMEAS_11,1.534342
Industrial (TEP),Linear / Ridge,Fault_16,25,XMEAS_31,1.495313
Industrial (TEP),Linear / Ridge,Fault_16,26,XMEAS_32,1.459623
Industrial (TEP),Linear / Ridge,Fault_16,27,XMV_7,1.391561
Industrial (TEP),Linear / Ridge,Fault_16,28,XMEAS_12,1.364155
Industrial (TEP),Linear / Ridge,Fault_16,29,XMEAS_36,1.320567
Industrial (TEP),Linear / Ridge,Fault_16,30,XMEAS_30,1.307560
Industrial (TEP),Linear / Ridge,Fault_16,31,XMEAS_3,1.182321
Industrial (TEP),Linear / Ridge,Fault_16,32,XMEAS_34,1.122006
Industrial (TEP),Linear / Ridge,Fault_16,33,XMEAS_15,1.006786
Industrial (TEP),Linear / Ridge,Fault_16,34,XMEAS_29,0.951628
Industrial (TEP),Linear / Ridge,Fault_16,35,XMV_8,0.763732
Industrial (TEP),Linear / Ridge,Fault_16,36,XMEAS_39,0.666552
Industrial (TEP),Linear / Ridge,Fault_16,37,XMV_4,0.655836
Industrial (TEP),Linear / Ridge,Fault_16,38,XMEAS_2,0.639556
Industrial (TEP),Linear / Ridge,Fault_16,39,XMEAS_23,0.625610
Industrial (TEP),Linear / Ridge,Fault_17,1,XMEAS_21,313.560102
Industrial (TEP),Linear / Ridge,Fault_17,2,XMV_10,21.094624
Industrial (TEP),Linear / Ridge,Fault_17,3,XMEAS_9,14.242809
Industrial (TEP),Linear / Ridge,Fault_17,4,XMEAS_28,4.916411
Industrial (TEP),Linear / Ridge,Fault_17,5,XMEAS_20,4.869008
Industrial (TEP),Linear / Ridge,Fault_17,6,XMV_6,3.910084
Industrial (TEP),Linear / Ridge,Fault_17,7,XMV_1,3.200360
Industrial (TEP),Linear / Ridge,Fault_17,8,XMEAS_19,2.857388
Industrial (TEP),Linear / Ridge,Fault_17,9,XMEAS_31,2.761171
Industrial (TEP),Linear / Ridge,Fault_17,10,XMV_11,2.700032
Industrial (TEP),Linear / Ridge,Fault_17,11,XMEAS_38,2.363595
Industrial (TEP),Linear / Ridge,Fault_17,12,XMEAS_14,2.180349
Industrial (TEP),Linear / Ridge,Fault_17,13,XMEAS_41,2.173091
Industrial (TEP),Linear / Ridge,Fault_17,14,XMEAS_32,2.152548
Industrial (TEP),Linear / Ridge,Fault_17,15,XMEAS_16,2.110304
Industrial (TEP),Linear / Ridge,Fault_17,16,XMV_9,2.109925
Industrial (TEP),Linear / Ridge,Fault_17,17,XMEAS_11,2.095237
Industrial (TEP),Linear / Ridge,Fault_17,18,XMV_3,2.078680
Industrial (TEP),Linear / Ridge,Fault_17,19,XMEAS_25,2.058032
Industrial (TEP),Linear / Ridge,Fault_17,20,XMEAS_17,2.049399
Industrial (TEP),Linear / Ridge,Fault_17,21,XMEAS_1,1.860274
Industrial (TEP),Linear / Ridge,Fault_17,22,XMEAS_30,1.759234
Industrial (TEP),Linear / Ridge,Fault_17,23,XMV_5,1.737459
Industrial (TEP),Linear / Ridge,Fault_17,24,XMEAS_13,1.734990
Industrial (TEP),Linear / Ridge,Fault_17,25,XMEAS_18,1.729288
Industrial (TEP),Linear / Ridge,Fault_17,26,XMEAS_7,1.653964
Industrial (TEP),Linear / Ridge,Fault_17,27,XMEAS_34,1.479982
Industrial (TEP),Linear / Ridge,Fault_17,28,XMEAS_10,1.410418
Industrial (TEP),Linear / Ridge,Fault_17,29,XMEAS_15,1.409693
Industrial (TEP),Linear / Ridge,Fault_17,30,XMEAS_36,1.277861
Industrial (TEP),Linear / Ridge,Fault_17,31,XMV_8,1.147317
Industrial (TEP),Linear / Ridge,Fault_17,32,XMEAS_12,1.143392
Industrial (TEP),Linear / Ridge,Fault_17,33,XMEAS_39,1.139964
Industrial (TEP),Linear / Ridge,Fault_17,34,XMEAS_3,1.071371
Industrial (TEP),Linear / Ridge,Fault_17,35,XMEAS_29,0.983577
Industrial (TEP),Linear / Ridge,Fault_17,36,XMV_7,0.980139
Industrial (TEP),Linear / Ridge,Fault_17,37,XMEAS_2,0.844840
Industrial (TEP),Linear / Ridge,Fault_17,38,XMEAS_23,0.810779
Industrial (TEP),Linear / Ridge,Fault_17,39,XMV_4,0.784566
Industrial (TEP),Linear / Ridge,Fault_18,1,XMV_1,161.234040
Industrial (TEP),Linear / Ridge,Fault_18,2,XMV_5,91.059341
Industrial (TEP),Linear / Ridge,Fault_18,3,XMV_10,51.112073
Industrial (TEP),Linear / Ridge,Fault_18,4,XMEAS_11,42.301233
Industrial (TEP),Linear / Ridge,Fault_18,5,XMEAS_20,28.174872
Industrial (TEP),Linear / Ridge,Fault_18,6,XMEAS_19,26.609652
Industrial (TEP),Linear / Ridge,Fault_18,7,XMEAS_16,26.536908
Industrial (TEP),Linear / Ridge,Fault_18,8,XMEAS_28,23.798955
Industrial (TEP),Linear / Ridge,Fault_18,9,XMEAS_23,22.808843
Industrial (TEP),Linear / Ridge,Fault_18,10,XMEAS_7,21.208077
Industrial (TEP),Linear / Ridge,Fault_18,11,XMEAS_21,20.776852
Industrial (TEP),Linear / Ridge,Fault_18,12,XMEAS_29,20.768253
Industrial (TEP),Linear / Ridge,Fault_18,13,XMEAS_30,19.459244
Industrial (TEP),Linear / Ridge,Fault_18,14,XMV_6,17.728486
Industrial (TEP),Linear / Ridge,Fault_18,15,XMEAS_13,16.432929
Industrial (TEP),Linear / Ridge,Fault_18,16,XMEAS_31,15.694580
Industrial (TEP),Linear / Ridge,Fault_18,17,XMV_4,14.456638
Industrial (TEP),Linear / Ridge,Fault_18,18,XMEAS_1,12.329333
Industrial (TEP),Linear / Ridge,Fault_18,19,XMV_3,12.227132
Industrial (TEP),Linear / Ridge,Fault_18,20,XMEAS_38,10.119323
Industrial (TEP),Linear / Ridge,Fault_18,21,XMEAS_25,10.072476
Industrial (TEP),Linear / Ridge,Fault_18,22,XMEAS_3,7.934753
Industrial (TEP),Linear / Ridge,Fault_18,23,XMV_9,7.775144
Industrial (TEP),Linear / Ridge,Fault_18,24,XMV_11,6.762252
Industrial (TEP),Linear / Ridge,Fault_18,25,XMEAS_18,6.633262
Industrial (TEP),Linear / Ridge,Fault_18,26,XMEAS_39,5.965620
Industrial (TEP),Linear / Ridge,Fault_18,27,XMEAS_36,5.889239
Industrial (TEP),Linear / Ridge,Fault_18,28,XMEAS_10,5.246125
Industrial (TEP),Linear / Ridge,Fault_18,29,XMEAS_34,4.712684
Industrial (TEP),Linear / Ridge,Fault_18,30,XMEAS_32,3.970149
Industrial (TEP),Linear / Ridge,Fault_18,31,XMEAS_9,3.071503
Industrial (TEP),Linear / Ridge,Fault_18,32,XMEAS_17,2.461507
Industrial (TEP),Linear / Ridge,Fault_18,33,XMV_7,2.386668
Industrial (TEP),Linear / Ridge,Fault_18,34,XMEAS_14,2.041696
Industrial (TEP),Linear / Ridge,Fault_18,35,XMV_8,1.824341
Industrial (TEP),Linear / Ridge,Fault_18,36,XMEAS_41,1.588919
Industrial (TEP),Linear / Ridge,Fault_18,37,XMEAS_15,1.417624
Industrial (TEP),Linear / Ridge,Fault_18,38,XMEAS_2,1.378006
Industrial (TEP),Linear / Ridge,Fault_18,39,XMEAS_12,0.719398
Industrial (TEP),Linear / Ridge,Fault_19,1,XMV_6,4.379634
Industrial (TEP),Linear / Ridge,Fault_19,2,XMV_5,4.310917
Industrial (TEP),Linear / Ridge,Fault_19,3,XMEAS_28,4.181576
Industrial (TEP),Linear / Ridge,Fault_19,4,XMV_1,4.164367
Industrial (TEP),Linear / Ridge,Fault_19,5,XMEAS_19,3.359667
Industrial (TEP),Linear / Ridge,Fault_19,6,XMEAS_20,3.142571
Industrial (TEP),Linear / Ridge,Fault_19,7,XMEAS_38,2.808270
Industrial (TEP),Linear / Ridge,Fault_19,8,XMEAS_16,2.747408
Industrial (TEP),Linear / Ridge,Fault_19,9,XMV_11,2.678487
Industrial (TEP),Linear / Ridge,Fault_19,10,XMEAS_13,2.647995
Industrial (TEP),Linear / Ridge,Fault_19,11,XMV_9,2.609000
Industrial (TEP),Linear / Ridge,Fault_19,12,XMV_3,2.584210
Industrial (TEP),Linear / Ridge,Fault_19,13,XMEAS_9,2.511495
Industrial (TEP),Linear / Ridge,Fault_19,14,XMEAS_21,2.439073
Industrial (TEP),Linear / Ridge,Fault_19,15,XMEAS_25,2.374505
Industrial (TEP),Linear / Ridge,Fault_19,16,XMEAS_17,2.261392
Industrial (TEP),Linear / Ridge,Fault_19,17,XMEAS_1,2.158437
Industrial (TEP),Linear / Ridge,Fault_19,18,XMEAS_7,1.979013
Industrial (TEP),Linear / Ridge,Fault_19,19,XMEAS_18,1.760635
Industrial (TEP),Linear / Ridge,Fault_19,20,XMEAS_14,1.728666
Industrial (TEP),Linear / Ridge,Fault_19,21,XMV_10,1.688115
Industrial (TEP),Linear / Ridge,Fault_19,22,XMEAS_31,1.608212
Industrial (TEP),Linear / Ridge,Fault_19,23,XMEAS_41,1.502672
Industrial (TEP),Linear / Ridge,Fault_19,24,XMEAS_32,1.442648
Industrial (TEP),Linear / Ridge,Fault_19,25,XMEAS_10,1.423069
Industrial (TEP),Linear / Ridge,Fault_19,26,XMV_7,1.416809
Industrial (TEP),Linear / Ridge,Fault_19,27,XMEAS_30,1.287422
Industrial (TEP),Linear / Ridge,Fault_19,28,XMEAS_36,1.251641
Industrial (TEP),Linear / Ridge,Fault_19,29,XMEAS_11,1.211111
Industrial (TEP),Linear / Ridge,Fault_19,30,XMEAS_12,1.097084
Industrial (TEP),Linear / Ridge,Fault_19,31,XMEAS_34,1.073197
Industrial (TEP),Linear / Ridge,Fault_19,32,XMEAS_29,0.979715
Industrial (TEP),Linear / Ridge,Fault_19,33,XMEAS_15,0.918218
Industrial (TEP),Linear / Ridge,Fault_19,34,XMEAS_3,0.912435
Industrial (TEP),Linear / Ridge,Fault_19,35,XMV_8,0.781785
Industrial (TEP),Linear / Ridge,Fault_19,36,XMEAS_39,0.650146
Industrial (TEP),Linear / Ridge,Fault_19,37,XMV_4,0.607765
Industrial (TEP),Linear / Ridge,Fault_19,38,XMEAS_2,0.604927
Industrial (TEP),Linear / Ridge,Fault_19,39,XMEAS_23,0.598770
Industrial (TEP),Linear / Ridge,Fault_20,1,XMV_5,36.676020
Industrial (TEP),Linear / Ridge,Fault_20,2,XMEAS_20,15.868848
Industrial (TEP),Linear / Ridge,Fault_20,3,XMEAS_13,12.019073
Industrial (TEP),Linear / Ridge,Fault_20,4,XMEAS_7,6.048149
Industrial (TEP),Linear / Ridge,Fault_20,5,XMEAS_18,4.562628
Industrial (TEP),Linear / Ridge,Fault_20,6,XMV_6,4.462661
Industrial (TEP),Linear / Ridge,Fault_20,7,XMV_1,3.964790
Industrial (TEP),Linear / Ridge,Fault_20,8,XMEAS_16,3.718453
Industrial (TEP),Linear / Ridge,Fault_20,9,XMEAS_11,3.365468
Industrial (TEP),Linear / Ridge,Fault_20,10,XMEAS_31,2.626905
Industrial (TEP),Linear / Ridge,Fault_20,11,XMV_9,2.609330
Industrial (TEP),Linear / Ridge,Fault_20,12,XMEAS_21,2.553465
Industrial (TEP),Linear / Ridge,Fault_20,13,XMEAS_15,2.279486
Industrial (TEP),Linear / Ridge,Fault_20,14,XMEAS_17,2.180725
Industrial (TEP),Linear / Ridge,Fault_20,15,XMEAS_9,2.145048
Industrial (TEP),Linear / Ridge,Fault_20,16,XMEAS_32,1.972193
Industrial (TEP),Linear / Ridge,Fault_20,17,XMEAS_14,1.959871
Industrial (TEP),Linear / Ridge,Fault_20,18,XMEAS_28,1.938396
Industrial (TEP),Linear / Ridge,Fault_20,19,XMEAS_41,1.818272
Industrial (TEP),Linear / Ridge,Fault_20,20,XMV_8,1.789488
Industrial (TEP),Linear / Ridge,Fault_20,21,XMEAS_25,1.746898
Industrial (TEP),Linear / Ridge,Fault_20,22,XMEAS_1,1.702777
Industrial (TEP),Linear / Ridge,Fault_20,23,XMEAS_19,1.690553
Industrial (TEP),Linear / Ridge,Fault_20,24,XMV_11,1.661378
Industrial (TEP),Linear / Ridge,Fault_20,25,XMV_3,1.538880
Industrial (TEP),Linear / Ridge,Fault_20,26,XMEAS_10,1.534351
Industrial (TEP),Linear / Ridge,Fault_20,27,XMEAS_30,1.480540
Industrial (TEP),Linear / Ridge,Fault_20,28,XMEAS_38,1.453784
Industrial (TEP),Linear / Ridge,Fault_20,29,XMEAS_36,1.411414
Industrial (TEP),Linear / Ridge,Fault_20,30,XMV_4,1.233066
Industrial (TEP),Linear / Ridge,Fault_20,31,XMEAS_12,1.065097
Industrial (TEP),Linear / Ridge,Fault_20,32,XMV_10,0.995392
Industrial (TEP),Linear / Ridge,Fault_20,33,XMEAS_2,0.983450
Industrial (TEP),Linear / Ridge,Fault_20,34,XMEAS_3,0.973357
Industrial (TEP),Linear / Ridge,Fault_20,35,XMEAS_34,0.934448
Industrial (TEP),Linear / Ridge,Fault_20,36,XMEAS_39,0.831178
Industrial (TEP),Linear / Ridge,Fault_20,37,XMEAS_29,0.825261
Industrial (TEP),Linear / Ridge,Fault_20,38,XMV_7,0.811110
Industrial (TEP),Linear / Ridge,Fault_20,39,XMEAS_23,0.705354
Industrial (TEP),Polynomial degree 3,Fault_1,1,XMEAS_1,52.342831
Industrial (TEP),Polynomial degree 3,Fault_1,2,XMEAS_20,27.211559
Industrial (TEP),Polynomial degree 3,Fault_1,3,XMV_3,20.154389
Industrial (TEP),Polynomial degree 3,Fault_1,4,XMEAS_18,13.216317
Industrial (TEP),Polynomial degree 3,Fault_1,5,XMEAS_19,11.222185
Industrial (TEP),Polynomial degree 3,Fault_1,6,XMEAS_7,10.875516
Industrial (TEP),Polynomial degree 3,Fault_1,7,XMEAS_11,8.769331
Industrial (TEP),Polynomial degree 3,Fault_1,8,XMEAS_16,8.748380
Industrial (TEP),Polynomial degree 3,Fault_1,9,XMV_4,8.232980
Industrial (TEP),Polynomial degree 3,Fault_1,10,XMEAS_38,7.921377
Industrial (TEP),Polynomial degree 3,Fault_1,11,XMEAS_23,6.623851
Industrial (TEP),Polynomial degree 3,Fault_1,12,XMV_5,6.560727
Industrial (TEP),Polynomial degree 3,Fault_1,13,XMEAS_13,6.518930
Industrial (TEP),Polynomial degree 3,Fault_1,14,XMEAS_25,6.379576
Industrial (TEP),Polynomial degree 3,Fault_1,15,XMV_9,5.776639
Industrial (TEP),Polynomial degree 3,Fault_1,16,XMEAS_21,5.702351
Industrial (TEP),Polynomial degree 3,Fault_1,17,XMEAS_28,5.528230
Industrial (TEP),Polynomial degree 3,Fault_1,18,XMV_6,5.351976
Industrial (TEP),Polynomial degree 3,Fault_1,19,XMEAS_31,5.285743
Industrial (TEP),Polynomial degree 3,Fault_1,20,XMEAS_29,5.163221
Industrial (TEP),Polynomial degree 3,Fault_1,21,XMEAS_41,3.679204
Industrial (TEP),Polynomial degree 3,Fault_1,22,XMEAS_30,3.635249
Industrial (TEP),Polynomial degree 3,Fault_1,23,XMEAS_34,3.610018
Industrial (TEP),Polynomial degree 3,Fault_1,24,XMEAS_9,3.555245
Industrial (TEP),Polynomial degree 3,Fault_1,25,XMEAS_14,3.484554
Industrial (TEP),Polynomial degree 3,Fault_1,26,XMEAS_3,2.538354
Industrial (TEP),Polynomial degree 3,Fault_1,27,XMEAS_10,2.420612
Industrial (TEP),Polynomial degree 3,Fault_1,28,XMEAS_39,2.050189
Industrial (TEP),Polynomial degree 3,Fault_1,29,XMV_1,1.879596
Industrial (TEP),Polynomial degree 3,Fault_1,30,XMEAS_12,1.778494
Industrial (TEP),Polynomial degree 3,Fault_1,31,XMEAS_17,1.737880
Industrial (TEP),Polynomial degree 3,Fault_1,32,XMEAS_15,1.644683
Industrial (TEP),Polynomial degree 3,Fault_1,33,XMEAS_36,1.607189
Industrial (TEP),Polynomial degree 3,Fault_1,34,XMV_7,1.571954
Industrial (TEP),Polynomial degree 3,Fault_1,35,XMV_8,1.442956
Industrial (TEP),Polynomial degree 3,Fault_1,36,XMEAS_32,1.302801
Industrial (TEP),Polynomial degree 3,Fault_1,37,XMV_10,1.287732
Industrial (TEP),Polynomial degree 3,Fault_1,38,XMV_11,1.150857
Industrial (TEP),Polynomial degree 3,Fault_1,39,XMEAS_2,0.644469
Industrial (TEP),Polynomial degree 3,Fault_2,1,XMEAS_28,77.281763
Industrial (TEP),Polynomial degree 3,Fault_2,2,XMEAS_10,62.190476
Industrial (TEP),Polynomial degree 3,Fault_2,3,XMEAS_19,27.190387
Industrial (TEP),Polynomial degree 3,Fault_2,4,XMEAS_30,16.500185
Industrial (TEP),Polynomial degree 3,Fault_2,5,XMEAS_39,11.511675
Industrial (TEP),Polynomial degree 3,Fault_2,6,XMEAS_18,11.252672
Industrial (TEP),Polynomial degree 3,Fault_2,7,XMEAS_21,9.653090
Industrial (TEP),Polynomial degree 3,Fault_2,8,XMEAS_11,9.121310
Industrial (TEP),Polynomial degree 3,Fault_2,9,XMV_6,8.678206
Industrial (TEP),Polynomial degree 3,Fault_2,10,XMEAS_16,7.551734
Industrial (TEP),Polynomial degree 3,Fault_2,11,XMV_3,7.373249
Industrial (TEP),Polynomial degree 3,Fault_2,12,XMEAS_38,7.144614
Industrial (TEP),Polynomial degree 3,Fault_2,13,XMV_5,6.281255
Industrial (TEP),Polynomial degree 3,Fault_2,14,XMEAS_20,6.185202
Industrial (TEP),Polynomial degree 3,Fault_2,15,XMEAS_7,4.851813
Industrial (TEP),Polynomial degree 3,Fault_2,16,XMV_1,4.740446
Industrial (TEP),Polynomial degree 3,Fault_2,17,XMEAS_13,4.398319
Industrial (TEP),Polynomial degree 3,Fault_2,18,XMEAS_3,4.396118
Industrial (TEP),Polynomial degree 3,Fault_2,19,XMEAS_34,4.385951
Industrial (TEP),Polynomial degree 3,Fault_2,20,XMEAS_14,4.287802
Industrial (TEP),Polynomial degree 3,Fault_2,21,XMV_9,3.560575
Industrial (TEP),Polynomial degree 3,Fault_2,22,XMV_4,3.462302
Industrial (TEP),Polynomial degree 3,Fault_2,23,XMEAS_1,3.225414
Industrial (TEP),Polynomial degree 3,Fault_2,24,XMV_11,3.225213
Industrial (TEP),Polynomial degree 3,Fault_2,25,XMV_10,3.130364
Industrial (TEP),Polynomial degree 3,Fault_2,26,XMEAS_9,2.638808
Industrial (TEP),Polynomial degree 3,Fault_2,27,XMEAS_2,2.544802
Industrial (TEP),Polynomial degree 3,Fault_2,28,XMEAS_25,2.471466
Industrial (TEP),Polynomial degree 3,Fault_2,29,XMEAS_31,2.334822
Industrial (TEP),Polynomial degree 3,Fault_2,30,XMEAS_36,1.881781
Industrial (TEP),Polynomial degree 3,Fault_2,31,XMEAS_41,1.687186
Industrial (TEP),Polynomial degree 3,Fault_2,32,XMV_8,1.599803
Industrial (TEP),Polynomial degree 3,Fault_2,33,XMEAS_17,1.586140
Industrial (TEP),Polynomial degree 3,Fault_2,34,XMEAS_15,1.560241
Industrial (TEP),Polynomial degree 3,Fault_2,35,XMEAS_29,1.558317
Industrial (TEP),Polynomial degree 3,Fault_2,36,XMV_7,1.385783
Industrial (TEP),Polynomial degree 3,Fault_2,37,XMEAS_32,1.353052
Industrial (TEP),Polynomial degree 3,Fault_2,38,XMEAS_12,1.290101
Industrial (TEP),Polynomial degree 3,Fault_2,39,XMEAS_23,0.908730
Industrial (TEP),Polynomial degree 3,Fault_3,1,XMEAS_38,4.949932
Industrial (TEP),Polynomial degree 3,Fault_3,2,XMEAS_20,4.835089
Industrial (TEP),Polynomial degree 3,Fault_3,3,XMEAS_1,4.349435
Industrial (TEP),Polynomial degree 3,Fault_3,4,XMV_6,4.259095
Industrial (TEP),Polynomial degree 3,Fault_3,5,XMEAS_21,3.714430
Industrial (TEP),Polynomial degree 3,Fault_3,6,XMEAS_13,3.329444
Industrial (TEP),Polynomial degree 3,Fault_3,7,XMEAS_11,3.167793
Industrial (TEP),Polynomial degree 3,Fault_3,8,XMEAS_16,3.094217
Industrial (TEP),Polynomial degree 3,Fault_3,9,XMEAS_14,3.024788
Industrial (TEP),Polynomial degree 3,Fault_3,10,XMEAS_41,2.953478
Industrial (TEP),Polynomial degree 3,Fault_3,11,XMEAS_7,2.873988
Industrial (TEP),Polynomial degree 3,Fault_3,12,XMV_1,2.746249
Industrial (TEP),Polynomial degree 3,Fault_3,13,XMV_5,2.683840
Industrial (TEP),Polynomial degree 3,Fault_3,14,XMV_9,2.624467
Industrial (TEP),Polynomial degree 3,Fault_3,15,XMV_3,2.546486
Industrial (TEP),Polynomial degree 3,Fault_3,16,XMEAS_25,2.542254
Industrial (TEP),Polynomial degree 3,Fault_3,17,XMEAS_9,2.392558
Industrial (TEP),Polynomial degree 3,Fault_3,18,XMEAS_19,2.295916
Industrial (TEP),Polynomial degree 3,Fault_3,19,XMEAS_31,2.228282
Industrial (TEP),Polynomial degree 3,Fault_3,20,XMEAS_18,2.219999
Industrial (TEP),Polynomial degree 3,Fault_3,21,XMEAS_10,2.068898
Industrial (TEP),Polynomial degree 3,Fault_3,22,XMV_10,1.888175
Industrial (TEP),Polynomial degree 3,Fault_3,23,XMV_11,1.874721
Industrial (TEP),Polynomial degree 3,Fault_3,24,XMEAS_32,1.820987
Industrial (TEP),Polynomial degree 3,Fault_3,25,XMEAS_28,1.767311
Industrial (TEP),Polynomial degree 3,Fault_3,26,XMEAS_17,1.656556
Industrial (TEP),Polynomial degree 3,Fault_3,27,XMEAS_36,1.646277
Industrial (TEP),Polynomial degree 3,Fault_3,28,XMV_8,1.579908
Industrial (TEP),Polynomial degree 3,Fault_3,29,XMEAS_15,1.571986
Industrial (TEP),Polynomial degree 3,Fault_3,30,XMEAS_34,1.551193
Industrial (TEP),Polynomial degree 3,Fault_3,31,XMV_7,1.544038
Industrial (TEP),Polynomial degree 3,Fault_3,32,XMEAS_30,1.306051
Industrial (TEP),Polynomial degree 3,Fault_3,33,XMEAS_39,1.299735
Industrial (TEP),Polynomial degree 3,Fault_3,34,XMEAS_12,1.238209
Industrial (TEP),Polynomial degree 3,Fault_3,35,XMEAS_29,1.192521
Industrial (TEP),Polynomial degree 3,Fault_3,36,XMEAS_23,0.950659
Industrial (TEP),Polynomial degree 3,Fault_3,37,XMEAS_3,0.930498
Industrial (TEP),Polynomial degree 3,Fault_3,38,XMV_4,0.874619
Industrial (TEP),Polynomial degree 3,Fault_3,39,XMEAS_2,0.736141
Industrial (TEP),Polynomial degree 3,Fault_4,1,XMV_10,38.174471
Industrial (TEP),Polynomial degree 3,Fault_4,2,XMEAS_9,8.762802
Industrial (TEP),Polynomial degree 3,Fault_4,3,XMEAS_20,5.003950
Industrial (TEP),Polynomial degree 3,Fault_4,4,XMEAS_38,4.988580
Industrial (TEP),Polynomial degree 3,Fault_4,5,XMEAS_1,4.335166
Industrial (TEP),Polynomial degree 3,Fault_4,6,XMV_6,4.269868
Industrial (TEP),Polynomial degree 3,Fault_4,7,XMEAS_13,3.346060
Industrial (TEP),Polynomial degree 3,Fault_4,8,XMEAS_16,3.149986
Industrial (TEP),Polynomial degree 3,Fault_4,9,XMEAS_11,3.110381
Industrial (TEP),Polynomial degree 3,Fault_4,10,XMEAS_14,3.019905
Industrial (TEP),Polynomial degree 3,Fault_4,11,XMEAS_41,2.946274
Industrial (TEP),Polynomial degree 3,Fault_4,12,XMEAS_7,2.874563
Industrial (TEP),Polynomial degree 3,Fault_4,13,XMV_1,2.746787
Industrial (TEP),Polynomial degree 3,Fault_4,14,XMV_5,2.654574
Industrial (TEP),Polynomial degree 3,Fault_4,15,XMEAS_25,2.552214
Industrial (TEP),Polynomial degree 3,Fault_4,16,XMV_3,2.529026
Industrial (TEP),Polynomial degree 3,Fault_4,17,XMV_9,2.363140
Industrial (TEP),Polynomial degree 3,Fault_4,18,XMEAS_19,2.317468
Industrial (TEP),Polynomial degree 3,Fault_4,19,XMEAS_18,2.225759
Industrial (TEP),Polynomial degree 3,Fault_4,20,XMEAS_31,2.174921
Industrial (TEP),Polynomial degree 3,Fault_4,21,XMEAS_21,2.112762
Industrial (TEP),Polynomial degree 3,Fault_4,22,XMEAS_10,2.038907
Industrial (TEP),Polynomial degree 3,Fault_4,23,XMV_11,1.912158
Industrial (TEP),Polynomial degree 3,Fault_4,24,XMEAS_32,1.825771
Industrial (TEP),Polynomial degree 3,Fault_4,25,XMEAS_28,1.771210
Industrial (TEP),Polynomial degree 3,Fault_4,26,XMEAS_36,1.664046
Industrial (TEP),Polynomial degree 3,Fault_4,27,XMEAS_17,1.663356
Industrial (TEP),Polynomial degree 3,Fault_4,28,XMEAS_34,1.630561
Industrial (TEP),Polynomial degree 3,Fault_4,29,XMV_8,1.572528
Industrial (TEP),Polynomial degree 3,Fault_4,30,XMEAS_15,1.548233
Industrial (TEP),Polynomial degree 3,Fault_4,31,XMV_7,1.538162
Industrial (TEP),Polynomial degree 3,Fault_4,32,XMEAS_30,1.310368
Industrial (TEP),Polynomial degree 3,Fault_4,33,XMEAS_39,1.309867
Industrial (TEP),Polynomial degree 3,Fault_4,34,XMEAS_12,1.273322
Industrial (TEP),Polynomial degree 3,Fault_4,35,XMEAS_29,1.200087
Industrial (TEP),Polynomial degree 3,Fault_4,36,XMEAS_23,0.954720
Industrial (TEP),Polynomial degree 3,Fault_4,37,XMEAS_3,0.915853
Industrial (TEP),Polynomial degree 3,Fault_4,38,XMV_4,0.879404
Industrial (TEP),Polynomial degree 3,Fault_4,39,XMEAS_2,0.726258
Industrial (TEP),Polynomial degree 3,Fault_5,1,XMEAS_20,18.648712
Industrial (TEP),Polynomial degree 3,Fault_5,2,XMV_11,8.920866
Industrial (TEP),Polynomial degree 3,Fault_5,3,XMEAS_18,7.742083
Industrial (TEP),Polynomial degree 3,Fault_5,4,XMEAS_19,6.407076
Industrial (TEP),Polynomial degree 3,Fault_5,5,XMEAS_21,6.004950
Industrial (TEP),Polynomial degree 3,Fault_5,6,XMEAS_1,5.723485
Industrial (TEP),Polynomial degree 3,Fault_5,7,XMEAS_38,5.564298
Industrial (TEP),Polynomial degree 3,Fault_5,8,XMV_3,5.157153
Industrial (TEP),Polynomial degree 3,Fault_5,9,XMEAS_11,4.992336
Industrial (TEP),Polynomial degree 3,Fault_5,10,XMEAS_7,4.949163
Industrial (TEP),Polynomial degree 3,Fault_5,11,XMV_9,4.934455
Industrial (TEP),Polynomial degree 3,Fault_5,12,XMEAS_16,4.856614
Industrial (TEP),Polynomial degree 3,Fault_5,13,XMEAS_13,4.638845
Industrial (TEP),Polynomial degree 3,Fault_5,14,XMEAS_41,3.738747
Industrial (TEP),Polynomial degree 3,Fault_5,15,XMV_6,3.732612
Industrial (TEP),Polynomial degree 3,Fault_5,16,XMEAS_25,3.731051
Industrial (TEP),Polynomial degree 3,Fault_5,17,XMV_5,3.708362
Industrial (TEP),Polynomial degree 3,Fault_5,18,XMEAS_31,3.583288
Industrial (TEP),Polynomial degree 3,Fault_5,19,XMV_1,3.544891
Industrial (TEP),Polynomial degree 3,Fault_5,20,XMEAS_28,3.147327
Industrial (TEP),Polynomial degree 3,Fault_5,21,XMEAS_14,3.120703
Industrial (TEP),Polynomial degree 3,Fault_5,22,XMEAS_29,2.845803
Industrial (TEP),Polynomial degree 3,Fault_5,23,XMV_10,2.452408
Industrial (TEP),Polynomial degree 3,Fault_5,24,XMEAS_9,2.312851
Industrial (TEP),Polynomial degree 3,Fault_5,25,XMEAS_10,2.105533
Industrial (TEP),Polynomial degree 3,Fault_5,26,XMEAS_30,1.902124
Industrial (TEP),Polynomial degree 3,Fault_5,27,XMEAS_12,1.830675
Industrial (TEP),Polynomial degree 3,Fault_5,28,XMEAS_17,1.796678
Industrial (TEP),Polynomial degree 3,Fault_5,29,XMEAS_3,1.741703
Industrial (TEP),Polynomial degree 3,Fault_5,30,XMEAS_15,1.698536
Industrial (TEP),Polynomial degree 3,Fault_5,31,XMV_7,1.576237
Industrial (TEP),Polynomial degree 3,Fault_5,32,XMV_8,1.552686
Industrial (TEP),Polynomial degree 3,Fault_5,33,XMEAS_36,1.380542
Industrial (TEP),Polynomial degree 3,Fault_5,34,XMEAS_23,1.358463
Industrial (TEP),Polynomial degree 3,Fault_5,35,XMV_4,1.335875
Industrial (TEP),Polynomial degree 3,Fault_5,36,XMEAS_34,1.289216
Industrial (TEP),Polynomial degree 3,Fault_5,37,XMEAS_32,1.196737
Industrial (TEP),Polynomial degree 3,Fault_5,38,XMEAS_39,1.173470
Industrial (TEP),Polynomial degree 3,Fault_5,39,XMEAS_2,0.961268
Industrial (TEP),Polynomial degree 3,Fault_6,1,XMV_10,63.281951
Industrial (TEP),Polynomial degree 3,Fault_6,2,XMEAS_21,45.787066
Industrial (TEP),Polynomial degree 3,Fault_6,3,XMEAS_23,40.841155
Industrial (TEP),Polynomial degree 3,Fault_6,4,XMEAS_28,23.701306
Industrial (TEP),Polynomial degree 3,Fault_6,5,XMV_5,20.982506
Industrial (TEP),Polynomial degree 3,Fault_6,6,XMV_3,20.926841
Industrial (TEP),Polynomial degree 3,Fault_6,7,XMEAS_18,17.357852
Industrial (TEP),Polynomial degree 3,Fault_6,8,XMEAS_1,16.833309
Industrial (TEP),Polynomial degree 3,Fault_6,9,XMEAS_29,15.090666
Industrial (TEP),Polynomial degree 3,Fault_6,10,XMEAS_34,13.095433
Industrial (TEP),Polynomial degree 3,Fault_6,11,XMEAS_20,11.553010
Industrial (TEP),Polynomial degree 3,Fault_6,12,XMEAS_30,11.309522
Industrial (TEP),Polynomial degree 3,Fault_6,13,XMV_4,11.132058
Industrial (TEP),Polynomial degree 3,Fault_6,14,XMEAS_7,8.153537
Industrial (TEP),Polynomial degree 3,Fault_6,15,XMV_1,7.174778
Industrial (TEP),Polynomial degree 3,Fault_6,16,XMEAS_3,6.254559
Industrial (TEP),Polynomial degree 3,Fault_6,17,XMEAS_25,5.549652
Industrial (TEP),Polynomial degree 3,Fault_6,18,XMEAS_31,4.487186
Industrial (TEP),Polynomial degree 3,Fault_6,19,XMV_11,4.037704
Industrial (TEP),Polynomial degree 3,Fault_6,20,XMEAS_39,4.024342
Industrial (TEP),Polynomial degree 3,Fault_6,21,XMEAS_11,3.644165
Industrial (TEP),Polynomial degree 3,Fault_6,22,XMEAS_14,3.309514
Industrial (TEP),Polynomial degree 3,Fault_6,23,XMEAS_9,3.284270
Industrial (TEP),Polynomial degree 3,Fault_6,24,XMEAS_19,3.084336
Industrial (TEP),Polynomial degree 3,Fault_6,25,XMEAS_16,3.015988
Industrial (TEP),Polynomial degree 3,Fault_6,26,XMEAS_38,2.771157
Industrial (TEP),Polynomial degree 3,Fault_6,27,XMV_9,2.515142
Industrial (TEP),Polynomial degree 3,Fault_6,28,XMV_6,2.505260
Industrial (TEP),Polynomial degree 3,Fault_6,29,XMEAS_32,2.306306
Industrial (TEP),Polynomial degree 3,Fault_6,30,XMEAS_17,2.287272
Industrial (TEP),Polynomial degree 3,Fault_6,31,XMEAS_41,2.232454
Industrial (TEP),Polynomial degree 3,Fault_6,32,XMEAS_36,2.012490
Industrial (TEP),Polynomial degree 3,Fault_6,33,XMEAS_13,1.549552
Industrial (TEP),Polynomial degree 3,Fault_6,34,XMEAS_12,1.538559
Industrial (TEP),Polynomial degree 3,Fault_6,35,XMV_7,1.420262
Industrial (TEP),Polynomial degree 3,Fault_6,36,XMV_8,1.315499
Industrial (TEP),Polynomial degree 3,Fault_6,37,XMEAS_10,1.313131
Industrial (TEP),Polynomial degree 3,Fault_6,38,XMEAS_15,1.247334
Industrial (TEP),Polynomial degree 3,Fault_6,39,XMEAS_2,0.768180
Industrial (TEP),Polynomial degree 3,Fault_7,1,XMV_4,34.919053
Industrial (TEP),Polynomial degree 3,Fault_7,2,XMEAS_20,30.641356
Industrial (TEP),Polynomial degree 3,Fault_7,3,XMEAS_16,9.705604
Industrial (TEP),Polynomial degree 3,Fault_7,4,XMEAS_11,9.185079
Industrial (TEP),Polynomial degree 3,Fault_7,5,XMEAS_38,9.129460
Industrial (TEP),Polynomial degree 3,Fault_7,6,XMV_3,8.230173
Industrial (TEP),Polynomial degree 3,Fault_7,7,XMEAS_21,7.537440
Industrial (TEP),Polynomial degree 3,Fault_7,8,XMV_5,6.871744
Industrial (TEP),Polynomial degree 3,Fault_7,9,XMEAS_7,6.641440
Industrial (TEP),Polynomial degree 3,Fault_7,10,XMV_9,6.519554
Industrial (TEP),Polynomial degree 3,Fault_7,11,XMEAS_19,6.138795
Industrial (TEP),Polynomial degree 3,Fault_7,12,XMEAS_13,5.827101
Industrial (TEP),Polynomial degree 3,Fault_7,13,XMEAS_1,5.640703
Industrial (TEP),Polynomial degree 3,Fault_7,14,XMV_6,4.673820
Industrial (TEP),Polynomial degree 3,Fault_7,15,XMEAS_31,4.436525
Industrial (TEP),Polynomial degree 3,Fault_7,16,XMEAS_18,4.166756
Industrial (TEP),Polynomial degree 3,Fault_7,17,XMEAS_30,3.712410
Industrial (TEP),Polynomial degree 3,Fault_7,18,XMEAS_14,3.509676
Industrial (TEP),Polynomial degree 3,Fault_7,19,XMEAS_25,3.457244
Industrial (TEP),Polynomial degree 3,Fault_7,20,XMEAS_41,3.263720
Industrial (TEP),Polynomial degree 3,Fault_7,21,XMV_10,3.251608
Industrial (TEP),Polynomial degree 3,Fault_7,22,XMEAS_29,2.989857
Industrial (TEP),Polynomial degree 3,Fault_7,23,XMEAS_9,2.931547
Industrial (TEP),Polynomial degree 3,Fault_7,24,XMEAS_23,2.725364
Industrial (TEP),Polynomial degree 3,Fault_7,25,XMEAS_10,2.577314
Industrial (TEP),Polynomial degree 3,Fault_7,26,XMV_1,2.497507
Industrial (TEP),Polynomial degree 3,Fault_7,27,XMEAS_15,2.100286
Industrial (TEP),Polynomial degree 3,Fault_7,28,XMEAS_28,1.922517
Industrial (TEP),Polynomial degree 3,Fault_7,29,XMV_8,1.800111
Industrial (TEP),Polynomial degree 3,Fault_7,30,XMEAS_3,1.592546
Industrial (TEP),Polynomial degree 3,Fault_7,31,XMV_11,1.587421
Industrial (TEP),Polynomial degree 3,Fault_7,32,XMEAS_12,1.491687
Industrial (TEP),Polynomial degree 3,Fault_7,33,XMEAS_36,1.490670
Industrial (TEP),Polynomial degree 3,Fault_7,34,XMEAS_17,1.488840
Industrial (TEP),Polynomial degree 3,Fault_7,35,XMEAS_34,1.423845
Industrial (TEP),Polynomial degree 3,Fault_7,36,XMV_7,1.369709
Industrial (TEP),Polynomial degree 3,Fault_7,37,XMEAS_39,1.245251
Industrial (TEP),Polynomial degree 3,Fault_7,38,XMEAS_32,1.158093
Industrial (TEP),Polynomial degree 3,Fault_7,39,XMEAS_2,0.966614
Industrial (TEP),Polynomial degree 3,Fault_8,1,XMEAS_29,23.683027
Industrial (TEP),Polynomial degree 3,Fault_8,2,XMEAS_20,22.630353
Industrial (TEP),Polynomial degree 3,Fault_8,3,XMEAS_34,18.844788
Industrial (TEP),Polynomial degree 3,Fault_8,4,XMEAS_28,16.909081
Industrial (TEP),Polynomial degree 3,Fault_8,5,XMEAS_16,15.913442
Industrial (TEP),Polynomial degree 3,Fault_8,6,XMEAS_10,13.287765
Industrial (TEP),Polynomial degree 3,Fault_8,7,XMV_5,12.555287
Industrial (TEP),Polynomial degree 3,Fault_8,8,XMEAS_1,11.811945
Industrial (TEP),Polynomial degree 3,Fault_8,9,XMEAS_11,11.803685
Industrial (TEP),Polynomial degree 3,Fault_8,10,XMEAS_13,11.011646
Industrial (TEP),Polynomial degree 3,Fault_8,11,XMEAS_23,10.873540
Industrial (TEP),Polynomial degree 3,Fault_8,12,XMEAS_38,10.789369
Industrial (TEP),Polynomial degree 3,Fault_8,13,XMEAS_21,9.749153
Industrial (TEP),Polynomial degree 3,Fault_8,14,XMEAS_31,9.438444
Industrial (TEP),Polynomial degree 3,Fault_8,15,XMEAS_7,9.343322
Industrial (TEP),Polynomial degree 3,Fault_8,16,XMV_3,8.278747
Industrial (TEP),Polynomial degree 3,Fault_8,17,XMV_6,7.203825
Industrial (TEP),Polynomial degree 3,Fault_8,18,XMEAS_25,6.841946
Industrial (TEP),Polynomial degree 3,Fault_8,19,XMEAS_30,6.729023
Industrial (TEP),Polynomial degree 3,Fault_8,20,XMV_9,6.060636
Industrial (TEP),Polynomial degree 3,Fault_8,21,XMEAS_19,5.874067
Industrial (TEP),Polynomial degree 3,Fault_8,22,XMEAS_18,5.032844
Industrial (TEP),Polynomial degree 3,Fault_8,23,XMEAS_9,3.819063
Industrial (TEP),Polynomial degree 3,Fault_8,24,XMEAS_39,2.975029
Industrial (TEP),Polynomial degree 3,Fault_8,25,XMEAS_41,2.777281
Industrial (TEP),Polynomial degree 3,Fault_8,26,XMV_10,2.746142
Industrial (TEP),Polynomial degree 3,Fault_8,27,XMEAS_14,2.629363
Industrial (TEP),Polynomial degree 3,Fault_8,28,XMV_4,1.968461
Industrial (TEP),Polynomial degree 3,Fault_8,29,XMEAS_15,1.907583
Industrial (TEP),Polynomial degree 3,Fault_8,30,XMEAS_17,1.872886
Industrial (TEP),Polynomial degree 3,Fault_8,31,XMEAS_12,1.743324
Industrial (TEP),Polynomial degree 3,Fault_8,32,XMV_1,1.729479
Industrial (TEP),Polynomial degree 3,Fault_8,33,XMEAS_2,1.716631
Industrial (TEP),Polynomial degree 3,Fault_8,34,XMV_7,1.703298
Industrial (TEP),Polynomial degree 3,Fault_8,35,XMEAS_32,1.696936
Industrial (TEP),Polynomial degree 3,Fault_8,36,XMV_11,1.516442
Industrial (TEP),Polynomial degree 3,Fault_8,37,XMEAS_3,1.448329
Industrial (TEP),Polynomial degree 3,Fault_8,38,XMEAS_36,1.389870
Industrial (TEP),Polynomial degree 3,Fault_8,39,XMV_8,1.382146
Industrial (TEP),Polynomial degree 3,Fault_9,1,XMEAS_38,5.235309
Industrial (TEP),Polynomial degree 3,Fault_9,2,XMEAS_20,4.875694
Industrial (TEP),Polynomial degree 3,Fault_9,3,XMEAS_1,4.400675
Industrial (TEP),Polynomial degree 3,Fault_9,4,XMV_6,4.257994
Industrial (TEP),Polynomial degree 3,Fault_9,5,XMEAS_13,3.763085
Industrial (TEP),Polynomial degree 3,Fault_9,6,XMEAS_16,3.403977
Industrial (TEP),Polynomial degree 3,Fault_9,7,XMEAS_11,3.081705
Industrial (TEP),Polynomial degree 3,Fault_9,8,XMEAS_14,3.018168
Industrial (TEP),Polynomial degree 3,Fault_9,9,XMEAS_41,3.002449
Industrial (TEP),Polynomial degree 3,Fault_9,10,XMEAS_7,2.938321
Industrial (TEP),Polynomial degree 3,Fault_9,11,XMV_1,2.768274
Industrial (TEP),Polynomial degree 3,Fault_9,12,XMV_3,2.727751
Industrial (TEP),Polynomial degree 3,Fault_9,13,XMV_5,2.696625
Industrial (TEP),Polynomial degree 3,Fault_9,14,XMEAS_21,2.542035
Industrial (TEP),Polynomial degree 3,Fault_9,15,XMEAS_9,2.507269
Industrial (TEP),Polynomial degree 3,Fault_9,16,XMEAS_31,2.444322
Industrial (TEP),Polynomial degree 3,Fault_9,17,XMEAS_25,2.323115
Industrial (TEP),Polynomial degree 3,Fault_9,18,XMV_9,2.266622
Industrial (TEP),Polynomial degree 3,Fault_9,19,XMEAS_19,2.242423
Industrial (TEP),Polynomial degree 3,Fault_9,20,XMEAS_10,1.975106
Industrial (TEP),Polynomial degree 3,Fault_9,21,XMEAS_32,1.955750
Industrial (TEP),Polynomial degree 3,Fault_9,22,XMV_11,1.942307
Industrial (TEP),Polynomial degree 3,Fault_9,23,XMEAS_18,1.911757
Industrial (TEP),Polynomial degree 3,Fault_9,24,XMEAS_28,1.820790
Industrial (TEP),Polynomial degree 3,Fault_9,25,XMEAS_17,1.643877
Industrial (TEP),Polynomial degree 3,Fault_9,26,XMV_8,1.598126
Industrial (TEP),Polynomial degree 3,Fault_9,27,XMEAS_34,1.574890
Industrial (TEP),Polynomial degree 3,Fault_9,28,XMV_7,1.547731
Industrial (TEP),Polynomial degree 3,Fault_9,29,XMEAS_15,1.492254
Industrial (TEP),Polynomial degree 3,Fault_9,30,XMEAS_36,1.400894
Industrial (TEP),Polynomial degree 3,Fault_9,31,XMV_10,1.380210
Industrial (TEP),Polynomial degree 3,Fault_9,32,XMEAS_39,1.310590
Industrial (TEP),Polynomial degree 3,Fault_9,33,XMEAS_30,1.260330
Industrial (TEP),Polynomial degree 3,Fault_9,34,XMEAS_29,1.232794
Industrial (TEP),Polynomial degree 3,Fault_9,35,XMEAS_12,1.092667
Industrial (TEP),Polynomial degree 3,Fault_9,36,XMEAS_23,0.921922
Industrial (TEP),Polynomial degree 3,Fault_9,37,XMEAS_3,0.833129
Industrial (TEP),Polynomial degree 3,Fault_9,38,XMV_4,0.823878
Industrial (TEP),Polynomial degree 3,Fault_9,39,XMEAS_2,0.692034
Industrial (TEP),Polynomial degree 3,Fault_10,1,XMEAS_18,14.947090
Industrial (TEP),Polynomial degree 3,Fault_10,2,XMEAS_20,10.109013
Industrial (TEP),Polynomial degree 3,Fault_10,3,XMEAS_38,9.495120
Industrial (TEP),Polynomial degree 3,Fault_10,4,XMV_9,5.528722
Industrial (TEP),Polynomial degree 3,Fault_10,5,XMEAS_1,5.382480
Industrial (TEP),Polynomial degree 3,Fault_10,6,XMV_3,5.072421
Industrial (TEP),Polynomial degree 3,Fault_10,7,XMEAS_7,4.298494
Industrial (TEP),Polynomial degree 3,Fault_10,8,XMEAS_16,4.164668
Industrial (TEP),Polynomial degree 3,Fault_10,9,XMEAS_13,3.942489
Industrial (TEP),Polynomial degree 3,Fault_10,10,XMV_6,3.648957
Industrial (TEP),Polynomial degree 3,Fault_10,11,XMEAS_14,3.146565
Industrial (TEP),Polynomial degree 3,Fault_10,12,XMEAS_11,3.105349
Industrial (TEP),Polynomial degree 3,Fault_10,13,XMEAS_9,2.970686
Industrial (TEP),Polynomial degree 3,Fault_10,14,XMEAS_41,2.768328
Industrial (TEP),Polynomial degree 3,Fault_10,15,XMV_1,2.752298
Industrial (TEP),Polynomial degree 3,Fault_10,16,XMEAS_31,2.717065
Industrial (TEP),Polynomial degree 3,Fault_10,17,XMEAS_34,2.716487
Industrial (TEP),Polynomial degree 3,Fault_10,18,XMEAS_19,2.641325
Industrial (TEP),Polynomial degree 3,Fault_10,19,XMEAS_21,2.627473
Industrial (TEP),Polynomial degree 3,Fault_10,20,XMV_5,2.502596
Industrial (TEP),Polynomial degree 3,Fault_10,21,XMEAS_25,2.374723
Industrial (TEP),Polynomial degree 3,Fault_10,22,XMEAS_29,2.336472
Industrial (TEP),Polynomial degree 3,Fault_10,23,XMEAS_10,2.186644
Industrial (TEP),Polynomial degree 3,Fault_10,24,XMV_11,2.060915
Industrial (TEP),Polynomial degree 3,Fault_10,25,XMEAS_36,1.913712
Industrial (TEP),Polynomial degree 3,Fault_10,26,XMEAS_15,1.888151
Industrial (TEP),Polynomial degree 3,Fault_10,27,XMEAS_12,1.821406
Industrial (TEP),Polynomial degree 3,Fault_10,28,XMEAS_28,1.743745
Industrial (TEP),Polynomial degree 3,Fault_10,29,XMEAS_32,1.736612
Industrial (TEP),Polynomial degree 3,Fault_10,30,XMV_8,1.682426
Industrial (TEP),Polynomial degree 3,Fault_10,31,XMEAS_17,1.600803
Industrial (TEP),Polynomial degree 3,Fault_10,32,XMV_10,1.591856
Industrial (TEP),Polynomial degree 3,Fault_10,33,XMV_7,1.576511
Industrial (TEP),Polynomial degree 3,Fault_10,34,XMEAS_30,1.365732
Industrial (TEP),Polynomial degree 3,Fault_10,35,XMEAS_39,1.363797
Industrial (TEP),Polynomial degree 3,Fault_10,36,XMEAS_23,1.228041
Industrial (TEP),Polynomial degree 3,Fault_10,37,XMV_4,1.056980
Industrial (TEP),Polynomial degree 3,Fault_10,38,XMEAS_2,0.904889
Industrial (TEP),Polynomial degree 3,Fault_10,39,XMEAS_3,0.617450
Industrial (TEP),Polynomial degree 3,Fault_11,1,XMV_10,11.849706
Industrial (TEP),Polynomial degree 3,Fault_11,2,XMEAS_38,5.239280
Industrial (TEP),Polynomial degree 3,Fault_11,3,XMEAS_20,5.012668
Industrial (TEP),Polynomial degree 3,Fault_11,4,XMEAS_1,4.370725
Industrial (TEP),Polynomial degree 3,Fault_11,5,XMV_6,4.231583
Industrial (TEP),Polynomial degree 3,Fault_11,6,XMEAS_13,3.545767
Industrial (TEP),Polynomial degree 3,Fault_11,7,XMEAS_11,3.494609
Industrial (TEP),Polynomial degree 3,Fault_11,8,XMEAS_16,3.494120
Industrial (TEP),Polynomial degree 3,Fault_11,9,XMEAS_9,3.426718
Industrial (TEP),Polynomial degree 3,Fault_11,10,XMEAS_41,3.114449
Industrial (TEP),Polynomial degree 3,Fault_11,11,XMEAS_14,3.000664
Industrial (TEP),Polynomial degree 3,Fault_11,12,XMEAS_7,2.982222
Industrial (TEP),Polynomial degree 3,Fault_11,13,XMV_1,2.879418
Industrial (TEP),Polynomial degree 3,Fault_11,14,XMEAS_21,2.707839
Industrial (TEP),Polynomial degree 3,Fault_11,15,XMV_9,2.648774
Industrial (TEP),Polynomial degree 3,Fault_11,16,XMEAS_25,2.548918
Industrial (TEP),Polynomial degree 3,Fault_11,17,XMV_3,2.540453
Industrial (TEP),Polynomial degree 3,Fault_11,18,XMEAS_31,2.355610
Industrial (TEP),Polynomial degree 3,Fault_11,19,XMEAS_18,2.290162
Industrial (TEP),Polynomial degree 3,Fault_11,20,XMV_5,2.282641
Industrial (TEP),Polynomial degree 3,Fault_11,21,XMEAS_19,2.278082
Industrial (TEP),Polynomial degree 3,Fault_11,22,XMEAS_10,2.074122
Industrial (TEP),Polynomial degree 3,Fault_11,23,XMV_11,1.920363
Industrial (TEP),Polynomial degree 3,Fault_11,24,XMEAS_15,1.844629
Industrial (TEP),Polynomial degree 3,Fault_11,25,XMEAS_32,1.837162
Industrial (TEP),Polynomial degree 3,Fault_11,26,XMEAS_17,1.737043
Industrial (TEP),Polynomial degree 3,Fault_11,27,XMEAS_28,1.707948
Industrial (TEP),Polynomial degree 3,Fault_11,28,XMEAS_36,1.620267
Industrial (TEP),Polynomial degree 3,Fault_11,29,XMV_8,1.616861
Industrial (TEP),Polynomial degree 3,Fault_11,30,XMV_7,1.578912
Industrial (TEP),Polynomial degree 3,Fault_11,31,XMEAS_34,1.506934
Industrial (TEP),Polynomial degree 3,Fault_11,32,XMEAS_12,1.344319
Industrial (TEP),Polynomial degree 3,Fault_11,33,XMEAS_30,1.317601
Industrial (TEP),Polynomial degree 3,Fault_11,34,XMEAS_39,1.302242
Industrial (TEP),Polynomial degree 3,Fault_11,35,XMEAS_29,1.231657
Industrial (TEP),Polynomial degree 3,Fault_11,36,XMEAS_23,0.956452
Industrial (TEP),Polynomial degree 3,Fault_11,37,XMEAS_3,0.869301
Industrial (TEP),Polynomial degree 3,Fault_11,38,XMV_4,0.862234
Industrial (TEP),Polynomial degree 3,Fault_11,39,XMEAS_2,0.726481
Industrial (TEP),Polynomial degree 3,Fault_12,1,XMEAS_20,45.523924
Industrial (TEP),Polynomial degree 3,Fault_12,2,XMEAS_18,18.590231
Industrial (TEP),Polynomial degree 3,Fault_12,3,XMEAS_21,15.116632
Industrial (TEP),Polynomial degree 3,Fault_12,4,XMEAS_16,14.943996
Industrial (TEP),Polynomial degree 3,Fault_12,5,XMEAS_38,11.021517
Industrial (TEP),Polynomial degree 3,Fault_12,6,XMV_5,10.140404
Industrial (TEP),Polynomial degree 3,Fault_12,7,XMEAS_13,9.888729
Industrial (TEP),Polynomial degree 3,Fault_12,8,XMEAS_19,9.791799
Industrial (TEP),Polynomial degree 3,Fault_12,9,XMEAS_11,9.622357
Industrial (TEP),Polynomial degree 3,Fault_12,10,XMEAS_7,8.112891
Industrial (TEP),Polynomial degree 3,Fault_12,11,XMEAS_1,7.852327
Industrial (TEP),Polynomial degree 3,Fault_12,12,XMV_3,6.831023
Industrial (TEP),Polynomial degree 3,Fault_12,13,XMV_9,6.522907
Industrial (TEP),Polynomial degree 3,Fault_12,14,XMEAS_25,5.263876
Industrial (TEP),Polynomial degree 3,Fault_12,15,XMV_6,4.570126
Industrial (TEP),Polynomial degree 3,Fault_12,16,XMEAS_30,4.540824
Industrial (TEP),Polynomial degree 3,Fault_12,17,XMEAS_34,4.315457
Industrial (TEP),Polynomial degree 3,Fault_12,18,XMEAS_14,4.005743
Industrial (TEP),Polynomial degree 3,Fault_12,19,XMEAS_9,3.599556
Industrial (TEP),Polynomial degree 3,Fault_12,20,XMV_11,3.444933
Industrial (TEP),Polynomial degree 3,Fault_12,21,XMV_10,3.417319
Industrial (TEP),Polynomial degree 3,Fault_12,22,XMEAS_29,3.325015
Industrial (TEP),Polynomial degree 3,Fault_12,23,XMEAS_23,3.273965
Industrial (TEP),Polynomial degree 3,Fault_12,24,XMEAS_41,3.169011
Industrial (TEP),Polynomial degree 3,Fault_12,25,XMEAS_31,3.096077
Industrial (TEP),Polynomial degree 3,Fault_12,26,XMEAS_28,2.999453
Industrial (TEP),Polynomial degree 3,Fault_12,27,XMEAS_17,2.621906
Industrial (TEP),Polynomial degree 3,Fault_12,28,XMV_1,2.315114
Industrial (TEP),Polynomial degree 3,Fault_12,29,XMEAS_10,2.259930
Industrial (TEP),Polynomial degree 3,Fault_12,30,XMEAS_32,2.033504
Industrial (TEP),Polynomial degree 3,Fault_12,31,XMEAS_3,1.831699
Industrial (TEP),Polynomial degree 3,Fault_12,32,XMEAS_12,1.778016
Industrial (TEP),Polynomial degree 3,Fault_12,33,XMEAS_39,1.573521
Industrial (TEP),Polynomial degree 3,Fault_12,34,XMV_4,1.545001
Industrial (TEP),Polynomial degree 3,Fault_12,35,XMEAS_36,1.488731
Industrial (TEP),Polynomial degree 3,Fault_12,36,XMV_8,1.420513
Industrial (TEP),Polynomial degree 3,Fault_12,37,XMEAS_15,1.403455
Industrial (TEP),Polynomial degree 3,Fault_12,38,XMV_7,1.141007
Industrial (TEP),Polynomial degree 3,Fault_12,39,XMEAS_2,1.010341
Industrial (TEP),Polynomial degree 3,Fault_13,1,XMEAS_38,22.128126
Industrial (TEP),Polynomial degree 3,Fault_13,2,XMEAS_16,21.923023
Industrial (TEP),Polynomial degree 3,Fault_13,3,XMEAS_20,14.734173
Industrial (TEP),Polynomial degree 3,Fault_13,4,XMEAS_19,11.645403
Industrial (TEP),Polynomial degree 3,Fault_13,5,XMV_9,10.239796
Industrial (TEP),Polynomial degree 3,Fault_13,6,XMV_5,8.067256
Industrial (TEP),Polynomial degree 3,Fault_13,7,XMEAS_11,7.868784
Industrial (TEP),Polynomial degree 3,Fault_13,8,XMV_3,7.400619
Industrial (TEP),Polynomial degree 3,Fault_13,9,XMV_6,7.018978
Industrial (TEP),Polynomial degree 3,Fault_13,10,XMEAS_7,7.002569
Industrial (TEP),Polynomial degree 3,Fault_13,11,XMEAS_31,6.834854
Industrial (TEP),Polynomial degree 3,Fault_13,12,XMEAS_13,6.273214
Industrial (TEP),Polynomial degree 3,Fault_13,13,XMEAS_21,5.783492
Industrial (TEP),Polynomial degree 3,Fault_13,14,XMEAS_18,5.284095
Industrial (TEP),Polynomial degree 3,Fault_13,15,XMEAS_10,4.920022
Industrial (TEP),Polynomial degree 3,Fault_13,16,XMEAS_1,4.558812
Industrial (TEP),Polynomial degree 3,Fault_13,17,XMEAS_29,4.450990
Industrial (TEP),Polynomial degree 3,Fault_13,18,XMEAS_9,4.356746
Industrial (TEP),Polynomial degree 3,Fault_13,19,XMEAS_41,3.535276
Industrial (TEP),Polynomial degree 3,Fault_13,20,XMV_10,3.300306
Industrial (TEP),Polynomial degree 3,Fault_13,21,XMEAS_28,3.091512
Industrial (TEP),Polynomial degree 3,Fault_13,22,XMV_1,2.812480
Industrial (TEP),Polynomial degree 3,Fault_13,23,XMEAS_25,2.681732
Industrial (TEP),Polynomial degree 3,Fault_13,24,XMEAS_14,2.543347
Industrial (TEP),Polynomial degree 3,Fault_13,25,XMEAS_30,2.489051
Industrial (TEP),Polynomial degree 3,Fault_13,26,XMEAS_32,2.414101
Industrial (TEP),Polynomial degree 3,Fault_13,27,XMEAS_3,2.075404
Industrial (TEP),Polynomial degree 3,Fault_13,28,XMV_8,2.054691
Industrial (TEP),Polynomial degree 3,Fault_13,29,XMEAS_34,2.044519
Industrial (TEP),Polynomial degree 3,Fault_13,30,XMEAS_39,1.980958
Industrial (TEP),Polynomial degree 3,Fault_13,31,XMEAS_36,1.938822
Industrial (TEP),Polynomial degree 3,Fault_13,32,XMEAS_12,1.917968
Industrial (TEP),Polynomial degree 3,Fault_13,33,XMEAS_15,1.869504
Industrial (TEP),Polynomial degree 3,Fault_13,34,XMV_11,1.854369
Industrial (TEP),Polynomial degree 3,Fault_13,35,XMV_7,1.793973
Industrial (TEP),Polynomial degree 3,Fault_13,36,XMEAS_17,1.762957
Industrial (TEP),Polynomial degree 3,Fault_13,37,XMEAS_23,1.719730
Industrial (TEP),Polynomial degree 3,Fault_13,38,XMEAS_2,1.351102
Industrial (TEP),Polynomial degree 3,Fault_13,39,XMV_4,1.112605
Industrial (TEP),Polynomial degree 3,Fault_14,1,XMEAS_21,34.114638
Industrial (TEP),Polynomial degree 3,Fault_14,2,XMV_10,10.496691
Industrial (TEP),Polynomial degree 3,Fault_14,3,XMEAS_9,9.633216
Industrial (TEP),Polynomial degree 3,Fault_14,4,XMEAS_38,4.985588
Industrial (TEP),Polynomial degree 3,Fault_14,5,XMEAS_20,4.735372
Industrial (TEP),Polynomial degree 3,Fault_14,6,XMV_6,4.310091
Industrial (TEP),Polynomial degree 3,Fault_14,7,XMEAS_1,4.310044
Industrial (TEP),Polynomial degree 3,Fault_14,8,XMEAS_11,3.083429
Industrial (TEP),Polynomial degree 3,Fault_14,9,XMEAS_14,3.052130
Industrial (TEP),Polynomial degree 3,Fault_14,10,XMEAS_16,2.987058
Industrial (TEP),Polynomial degree 3,Fault_14,11,XMEAS_13,2.961672
Industrial (TEP),Polynomial degree 3,Fault_14,12,XMEAS_41,2.947979
Industrial (TEP),Polynomial degree 3,Fault_14,13,XMV_5,2.919554
Industrial (TEP),Polynomial degree 3,Fault_14,14,XMV_1,2.740116
Industrial (TEP),Polynomial degree 3,Fault_14,15,XMV_9,2.638102
Industrial (TEP),Polynomial degree 3,Fault_14,16,XMEAS_25,2.549979
Industrial (TEP),Polynomial degree 3,Fault_14,17,XMV_3,2.533533
Industrial (TEP),Polynomial degree 3,Fault_14,18,XMEAS_7,2.433392
Industrial (TEP),Polynomial degree 3,Fault_14,19,XMEAS_19,2.292877
Industrial (TEP),Polynomial degree 3,Fault_14,20,XMEAS_18,2.173446
Industrial (TEP),Polynomial degree 3,Fault_14,21,XMEAS_10,2.053893
Industrial (TEP),Polynomial degree 3,Fault_14,22,XMEAS_32,1.926596
Industrial (TEP),Polynomial degree 3,Fault_14,23,XMV_11,1.905056
Industrial (TEP),Polynomial degree 3,Fault_14,24,XMEAS_31,1.811718
Industrial (TEP),Polynomial degree 3,Fault_14,25,XMEAS_36,1.714274
Industrial (TEP),Polynomial degree 3,Fault_14,26,XMEAS_28,1.689299
Industrial (TEP),Polynomial degree 3,Fault_14,27,XMEAS_17,1.663036
Industrial (TEP),Polynomial degree 3,Fault_14,28,XMV_8,1.588786
Industrial (TEP),Polynomial degree 3,Fault_14,29,XMEAS_15,1.543365
Industrial (TEP),Polynomial degree 3,Fault_14,30,XMV_7,1.527422
Industrial (TEP),Polynomial degree 3,Fault_14,31,XMEAS_34,1.489539
Industrial (TEP),Polynomial degree 3,Fault_14,32,XMEAS_39,1.306621
Industrial (TEP),Polynomial degree 3,Fault_14,33,XMEAS_30,1.305643
Industrial (TEP),Polynomial degree 3,Fault_14,34,XMEAS_29,1.250667
Industrial (TEP),Polynomial degree 3,Fault_14,35,XMEAS_12,1.229229
Industrial (TEP),Polynomial degree 3,Fault_14,36,XMEAS_23,0.938678
Industrial (TEP),Polynomial degree 3,Fault_14,37,XMEAS_3,0.926291
Industrial (TEP),Polynomial degree 3,Fault_14,38,XMV_4,0.910007
Industrial (TEP),Polynomial degree 3,Fault_14,39,XMEAS_2,0.721383
Industrial (TEP),Polynomial degree 3,Fault_15,1,XMEAS_20,4.999554
Industrial (TEP),Polynomial degree 3,Fault_15,2,XMEAS_38,4.907533
Industrial (TEP),Polynomial degree 3,Fault_15,3,XMV_6,4.184463
Industrial (TEP),Polynomial degree 3,Fault_15,4,XMEAS_1,4.078686
Industrial (TEP),Polynomial degree 3,Fault_15,5,XMEAS_13,3.378342
Industrial (TEP),Polynomial degree 3,Fault_15,6,XMEAS_16,3.315963
Industrial (TEP),Polynomial degree 3,Fault_15,7,XMEAS_11,3.268542
Industrial (TEP),Polynomial degree 3,Fault_15,8,XMEAS_7,3.080908
Industrial (TEP),Polynomial degree 3,Fault_15,9,XMEAS_14,3.047102
Industrial (TEP),Polynomial degree 3,Fault_15,10,XMEAS_41,2.889243
Industrial (TEP),Polynomial degree 3,Fault_15,11,XMV_1,2.757753
Industrial (TEP),Polynomial degree 3,Fault_15,12,XMV_3,2.662443
Industrial (TEP),Polynomial degree 3,Fault_15,13,XMEAS_25,2.652625
Industrial (TEP),Polynomial degree 3,Fault_15,14,XMV_9,2.559812
Industrial (TEP),Polynomial degree 3,Fault_15,15,XMEAS_19,2.394193
Industrial (TEP),Polynomial degree 3,Fault_15,16,XMEAS_9,2.374983
Industrial (TEP),Polynomial degree 3,Fault_15,17,XMV_5,2.365037
Industrial (TEP),Polynomial degree 3,Fault_15,18,XMEAS_31,2.344196
Industrial (TEP),Polynomial degree 3,Fault_15,19,XMEAS_18,2.218159
Industrial (TEP),Polynomial degree 3,Fault_15,20,XMEAS_21,2.040906
Industrial (TEP),Polynomial degree 3,Fault_15,21,XMEAS_10,1.982532
Industrial (TEP),Polynomial degree 3,Fault_15,22,XMEAS_28,1.809820
Industrial (TEP),Polynomial degree 3,Fault_15,23,XMEAS_32,1.781907
Industrial (TEP),Polynomial degree 3,Fault_15,24,XMV_11,1.749031
Industrial (TEP),Polynomial degree 3,Fault_15,25,XMEAS_17,1.742197
Industrial (TEP),Polynomial degree 3,Fault_15,26,XMEAS_36,1.739679
Industrial (TEP),Polynomial degree 3,Fault_15,27,XMV_8,1.670909
Industrial (TEP),Polynomial degree 3,Fault_15,28,XMEAS_15,1.639754
Industrial (TEP),Polynomial degree 3,Fault_15,29,XMV_10,1.613429
Industrial (TEP),Polynomial degree 3,Fault_15,30,XMV_7,1.536366
Industrial (TEP),Polynomial degree 3,Fault_15,31,XMEAS_12,1.406425
Industrial (TEP),Polynomial degree 3,Fault_15,32,XMEAS_34,1.357573
Industrial (TEP),Polynomial degree 3,Fault_15,33,XMEAS_39,1.299806
Industrial (TEP),Polynomial degree 3,Fault_15,34,XMEAS_29,1.294689
Industrial (TEP),Polynomial degree 3,Fault_15,35,XMEAS_30,1.285571
Industrial (TEP),Polynomial degree 3,Fault_15,36,XMEAS_3,0.971512
Industrial (TEP),Polynomial degree 3,Fault_15,37,XMEAS_23,0.952258
Industrial (TEP),Polynomial degree 3,Fault_15,38,XMV_4,0.887928
Industrial (TEP),Polynomial degree 3,Fault_15,39,XMEAS_2,0.763039
Industrial (TEP),Polynomial degree 3,Fault_16,1,XMEAS_20,7.574053
Industrial (TEP),Polynomial degree 3,Fault_16,2,XMEAS_38,6.536578
Industrial (TEP),Polynomial degree 3,Fault_16,3,XMV_9,6.359891
Industrial (TEP),Polynomial degree 3,Fault_16,4,XMEAS_19,4.790832
Industrial (TEP),Polynomial degree 3,Fault_16,5,XMEAS_18,4.680047
Industrial (TEP),Polynomial degree 3,Fault_16,6,XMV_6,4.190311
Industrial (TEP),Polynomial degree 3,Fault_16,7,XMEAS_1,3.971421
Industrial (TEP),Polynomial degree 3,Fault_16,8,XMV_3,3.911396
Industrial (TEP),Polynomial degree 3,Fault_16,9,XMEAS_16,3.306384
Industrial (TEP),Polynomial degree 3,Fault_16,10,XMEAS_13,3.185528
Industrial (TEP),Polynomial degree 3,Fault_16,11,XMEAS_14,3.169270
Industrial (TEP),Polynomial degree 3,Fault_16,12,XMEAS_41,3.060776
Industrial (TEP),Polynomial degree 3,Fault_16,13,XMV_5,2.987246
Industrial (TEP),Polynomial degree 3,Fault_16,14,XMEAS_11,2.770003
Industrial (TEP),Polynomial degree 3,Fault_16,15,XMEAS_25,2.735795
Industrial (TEP),Polynomial degree 3,Fault_16,16,XMEAS_7,2.725671
Industrial (TEP),Polynomial degree 3,Fault_16,17,XMV_1,2.708859
Industrial (TEP),Polynomial degree 3,Fault_16,18,XMEAS_9,2.569169
Industrial (TEP),Polynomial degree 3,Fault_16,19,XMEAS_31,2.391368
Industrial (TEP),Polynomial degree 3,Fault_16,20,XMV_11,2.348907
Industrial (TEP),Polynomial degree 3,Fault_16,21,XMEAS_32,2.220163
Industrial (TEP),Polynomial degree 3,Fault_16,22,XMEAS_34,2.219559
Industrial (TEP),Polynomial degree 3,Fault_16,23,XMEAS_21,2.166808
Industrial (TEP),Polynomial degree 3,Fault_16,24,XMEAS_10,2.019333
Industrial (TEP),Polynomial degree 3,Fault_16,25,XMV_10,1.962236
Industrial (TEP),Polynomial degree 3,Fault_16,26,XMEAS_28,1.776240
Industrial (TEP),Polynomial degree 3,Fault_16,27,XMEAS_36,1.691107
Industrial (TEP),Polynomial degree 3,Fault_16,28,XMEAS_17,1.679401
Industrial (TEP),Polynomial degree 3,Fault_16,29,XMV_7,1.542917
Industrial (TEP),Polynomial degree 3,Fault_16,30,XMV_8,1.531506
Industrial (TEP),Polynomial degree 3,Fault_16,31,XMEAS_12,1.501896
Industrial (TEP),Polynomial degree 3,Fault_16,32,XMEAS_15,1.428447
Industrial (TEP),Polynomial degree 3,Fault_16,33,XMEAS_29,1.411572
Industrial (TEP),Polynomial degree 3,Fault_16,34,XMEAS_39,1.302558
Industrial (TEP),Polynomial degree 3,Fault_16,35,XMEAS_23,1.289105
Industrial (TEP),Polynomial degree 3,Fault_16,36,XMEAS_30,1.268369
Industrial (TEP),Polynomial degree 3,Fault_16,37,XMV_4,1.036903
Industrial (TEP),Polynomial degree 3,Fault_16,38,XMEAS_3,0.757880
Industrial (TEP),Polynomial degree 3,Fault_16,39,XMEAS_2,0.712519
Industrial (TEP),Polynomial degree 3,Fault_17,1,XMEAS_21,207.256551
Industrial (TEP),Polynomial degree 3,Fault_17,2,XMEAS_9,14.123628
Industrial (TEP),Polynomial degree 3,Fault_17,3,XMEAS_38,5.096433
Industrial (TEP),Polynomial degree 3,Fault_17,4,XMV_10,4.543778
Industrial (TEP),Polynomial degree 3,Fault_17,5,XMEAS_1,3.988270
Industrial (TEP),Polynomial degree 3,Fault_17,6,XMEAS_20,3.538443
Industrial (TEP),Polynomial degree 3,Fault_17,7,XMEAS_41,3.521845
Industrial (TEP),Polynomial degree 3,Fault_17,8,XMV_9,3.509504
Industrial (TEP),Polynomial degree 3,Fault_17,9,XMEAS_16,3.467325
Industrial (TEP),Polynomial degree 3,Fault_17,10,XMEAS_31,3.389402
Industrial (TEP),Polynomial degree 3,Fault_17,11,XMEAS_14,3.109880
Industrial (TEP),Polynomial degree 3,Fault_17,12,XMV_6,2.964110
Industrial (TEP),Polynomial degree 3,Fault_17,13,XMEAS_13,2.885434
Industrial (TEP),Polynomial degree 3,Fault_17,14,XMEAS_18,2.864950
Industrial (TEP),Polynomial degree 3,Fault_17,15,XMEAS_11,2.863037
Industrial (TEP),Polynomial degree 3,Fault_17,16,XMEAS_7,2.515133
Industrial (TEP),Polynomial degree 3,Fault_17,17,XMEAS_25,2.475479
Industrial (TEP),Polynomial degree 3,Fault_17,18,XMEAS_19,2.361810
Industrial (TEP),Polynomial degree 3,Fault_17,19,XMV_3,2.327705
Industrial (TEP),Polynomial degree 3,Fault_17,20,XMV_5,2.254702
Industrial (TEP),Polynomial degree 3,Fault_17,21,XMV_1,2.231690
Industrial (TEP),Polynomial degree 3,Fault_17,22,XMV_8,2.217422
Industrial (TEP),Polynomial degree 3,Fault_17,23,XMEAS_34,1.995059
Industrial (TEP),Polynomial degree 3,Fault_17,24,XMEAS_32,1.933243
Industrial (TEP),Polynomial degree 3,Fault_17,25,XMV_11,1.836928
Industrial (TEP),Polynomial degree 3,Fault_17,26,XMEAS_28,1.795065
Industrial (TEP),Polynomial degree 3,Fault_17,27,XMEAS_10,1.692588
Industrial (TEP),Polynomial degree 3,Fault_17,28,XMEAS_39,1.685832
Industrial (TEP),Polynomial degree 3,Fault_17,29,XMEAS_15,1.553133
Industrial (TEP),Polynomial degree 3,Fault_17,30,XMEAS_12,1.552626
Industrial (TEP),Polynomial degree 3,Fault_17,31,XMEAS_30,1.551157
Industrial (TEP),Polynomial degree 3,Fault_17,32,XMEAS_36,1.548486
Industrial (TEP),Polynomial degree 3,Fault_17,33,XMEAS_29,1.407079
Industrial (TEP),Polynomial degree 3,Fault_17,34,XMEAS_17,1.311082
Industrial (TEP),Polynomial degree 3,Fault_17,35,XMV_7,1.198412
Industrial (TEP),Polynomial degree 3,Fault_17,36,XMV_4,0.900635
Industrial (TEP),Polynomial degree 3,Fault_17,37,XMEAS_3,0.825606
Industrial (TEP),Polynomial degree 3,Fault_17,38,XMEAS_23,0.737716
Industrial (TEP),Polynomial degree 3,Fault_17,39,XMEAS_2,0.718349
Industrial (TEP),Polynomial degree 3,Fault_18,1,XMEAS_20,83.104047
Industrial (TEP),Polynomial degree 3,Fault_18,2,XMV_1,46.970913
Industrial (TEP),Polynomial degree 3,Fault_18,3,XMV_5,42.208500
Industrial (TEP),Polynomial degree 3,Fault_18,4,XMEAS_23,23.134529
Industrial (TEP),Polynomial degree 3,Fault_18,5,XMEAS_13,20.782686
Industrial (TEP),Polynomial degree 3,Fault_18,6,XMEAS_30,20.723776
Industrial (TEP),Polynomial degree 3,Fault_18,7,XMV_10,17.270275
Industrial (TEP),Polynomial degree 3,Fault_18,8,XMEAS_21,16.492648
Industrial (TEP),Polynomial degree 3,Fault_18,9,XMEAS_11,16.188586
Industrial (TEP),Polynomial degree 3,Fault_18,10,XMEAS_18,12.978393
Industrial (TEP),Polynomial degree 3,Fault_18,11,XMEAS_1,11.012962
Industrial (TEP),Polynomial degree 3,Fault_18,12,XMEAS_16,10.180336
Industrial (TEP),Polynomial degree 3,Fault_18,13,XMEAS_19,10.145868
Industrial (TEP),Polynomial degree 3,Fault_18,14,XMV_3,9.032225
Industrial (TEP),Polynomial degree 3,Fault_18,15,XMEAS_25,8.691576
Industrial (TEP),Polynomial degree 3,Fault_18,16,XMEAS_38,8.488468
Industrial (TEP),Polynomial degree 3,Fault_18,17,XMEAS_29,8.161958
Industrial (TEP),Polynomial degree 3,Fault_18,18,XMV_6,8.152677
Industrial (TEP),Polynomial degree 3,Fault_18,19,XMEAS_7,6.994591
Industrial (TEP),Polynomial degree 3,Fault_18,20,XMEAS_28,6.791503
Industrial (TEP),Polynomial degree 3,Fault_18,21,XMEAS_39,5.795657
Industrial (TEP),Polynomial degree 3,Fault_18,22,XMV_11,4.905016
Industrial (TEP),Polynomial degree 3,Fault_18,23,XMEAS_9,4.631788
Industrial (TEP),Polynomial degree 3,Fault_18,24,XMEAS_41,4.501464
Industrial (TEP),Polynomial degree 3,Fault_18,25,XMV_9,4.455620
Industrial (TEP),Polynomial degree 3,Fault_18,26,XMEAS_31,4.086029
Industrial (TEP),Polynomial degree 3,Fault_18,27,XMEAS_14,3.845447
Industrial (TEP),Polynomial degree 3,Fault_18,28,XMEAS_10,3.381736
Industrial (TEP),Polynomial degree 3,Fault_18,29,XMEAS_34,3.116740
Industrial (TEP),Polynomial degree 3,Fault_18,30,XMV_8,2.623119
Industrial (TEP),Polynomial degree 3,Fault_18,31,XMV_7,2.399761
Industrial (TEP),Polynomial degree 3,Fault_18,32,XMEAS_15,2.362960
Industrial (TEP),Polynomial degree 3,Fault_18,33,XMV_4,2.347989
Industrial (TEP),Polynomial degree 3,Fault_18,34,XMEAS_17,2.122552
Industrial (TEP),Polynomial degree 3,Fault_18,35,XMEAS_32,2.107476
Industrial (TEP),Polynomial degree 3,Fault_18,36,XMEAS_12,1.685306
Industrial (TEP),Polynomial degree 3,Fault_18,37,XMEAS_36,1.497244
Industrial (TEP),Polynomial degree 3,Fault_18,38,XMEAS_3,1.376855
Industrial (TEP),Polynomial degree 3,Fault_18,39,XMEAS_2,1.102098
Industrial (TEP),Polynomial degree 3,Fault_19,1,XMV_5,6.097463
Industrial (TEP),Polynomial degree 3,Fault_19,2,XMEAS_38,5.265211
Industrial (TEP),Polynomial degree 3,Fault_19,3,XMEAS_20,4.909267
Industrial (TEP),Polynomial degree 3,Fault_19,4,XMEAS_9,4.825509
Industrial (TEP),Polynomial degree 3,Fault_19,5,XMEAS_1,4.237765
Industrial (TEP),Polynomial degree 3,Fault_19,6,XMEAS_13,4.033700
Industrial (TEP),Polynomial degree 3,Fault_19,7,XMV_6,3.959802
Industrial (TEP),Polynomial degree 3,Fault_19,8,XMV_9,3.597381
Industrial (TEP),Polynomial degree 3,Fault_19,9,XMEAS_7,3.476578
Industrial (TEP),Polynomial degree 3,Fault_19,10,XMEAS_11,3.276285
Industrial (TEP),Polynomial degree 3,Fault_19,11,XMEAS_16,3.265853
Industrial (TEP),Polynomial degree 3,Fault_19,12,XMEAS_41,2.851875
Industrial (TEP),Polynomial degree 3,Fault_19,13,XMV_1,2.730670
Industrial (TEP),Polynomial degree 3,Fault_19,14,XMV_10,2.696536
Industrial (TEP),Polynomial degree 3,Fault_19,15,XMEAS_14,2.664852
Industrial (TEP),Polynomial degree 3,Fault_19,16,XMEAS_25,2.480859
Industrial (TEP),Polynomial degree 3,Fault_19,17,XMV_3,2.405655
Industrial (TEP),Polynomial degree 3,Fault_19,18,XMV_11,2.398882
Industrial (TEP),Polynomial degree 3,Fault_19,19,XMEAS_19,2.272983
Industrial (TEP),Polynomial degree 3,Fault_19,20,XMEAS_31,2.178853
Industrial (TEP),Polynomial degree 3,Fault_19,21,XMEAS_18,2.165332
Industrial (TEP),Polynomial degree 3,Fault_19,22,XMEAS_10,2.062055
Industrial (TEP),Polynomial degree 3,Fault_19,23,XMEAS_21,2.025670
Industrial (TEP),Polynomial degree 3,Fault_19,24,XMEAS_36,1.850565
Industrial (TEP),Polynomial degree 3,Fault_19,25,XMEAS_32,1.819933
Industrial (TEP),Polynomial degree 3,Fault_19,26,XMEAS_28,1.727989
Industrial (TEP),Polynomial degree 3,Fault_19,27,XMEAS_34,1.635267
Industrial (TEP),Polynomial degree 3,Fault_19,28,XMEAS_17,1.571897
Industrial (TEP),Polynomial degree 3,Fault_19,29,XMEAS_15,1.560100
Industrial (TEP),Polynomial degree 3,Fault_19,30,XMV_8,1.515884
Industrial (TEP),Polynomial degree 3,Fault_19,31,XMV_7,1.485857
Industrial (TEP),Polynomial degree 3,Fault_19,32,XMEAS_23,1.421076
Industrial (TEP),Polynomial degree 3,Fault_19,33,XMEAS_30,1.322878
Industrial (TEP),Polynomial degree 3,Fault_19,34,XMEAS_39,1.293950
Industrial (TEP),Polynomial degree 3,Fault_19,35,XMEAS_29,1.181293
Industrial (TEP),Polynomial degree 3,Fault_19,36,XMEAS_12,1.103251
Industrial (TEP),Polynomial degree 3,Fault_19,37,XMEAS_3,0.845652
Industrial (TEP),Polynomial degree 3,Fault_19,38,XMV_4,0.835547
Industrial (TEP),Polynomial degree 3,Fault_19,39,XMEAS_2,0.701564
Industrial (TEP),Polynomial degree 3,Fault_20,1,XMV_5,22.443840
Industrial (TEP),Polynomial degree 3,Fault_20,2,XMEAS_20,15.534451
Industrial (TEP),Polynomial degree 3,Fault_20,3,XMEAS_13,8.551700
Industrial (TEP),Polynomial degree 3,Fault_20,4,XMEAS_18,4.752385
Industrial (TEP),Polynomial degree 3,Fault_20,5,XMEAS_11,4.203427
Industrial (TEP),Polynomial degree 3,Fault_20,6,XMEAS_16,4.115864
Industrial (TEP),Polynomial degree 3,Fault_20,7,XMEAS_1,3.994034
Industrial (TEP),Polynomial degree 3,Fault_20,8,XMV_6,3.964432
Industrial (TEP),Polynomial degree 3,Fault_20,9,XMEAS_38,3.797085
Industrial (TEP),Polynomial degree 3,Fault_20,10,XMEAS_7,3.644663
Industrial (TEP),Polynomial degree 3,Fault_20,11,XMV_1,3.270334
Industrial (TEP),Polynomial degree 3,Fault_20,12,XMEAS_39,2.998747
Industrial (TEP),Polynomial degree 3,Fault_20,13,XMEAS_14,2.931644
Industrial (TEP),Polynomial degree 3,Fault_20,14,XMV_3,2.913465
Industrial (TEP),Polynomial degree 3,Fault_20,15,XMEAS_9,2.802830
Industrial (TEP),Polynomial degree 3,Fault_20,16,XMEAS_32,2.695279
Industrial (TEP),Polynomial degree 3,Fault_20,17,XMEAS_41,2.681782
Industrial (TEP),Polynomial degree 3,Fault_20,18,XMEAS_31,2.641619
Industrial (TEP),Polynomial degree 3,Fault_20,19,XMEAS_21,2.596269
Industrial (TEP),Polynomial degree 3,Fault_20,20,XMEAS_25,2.498494
Industrial (TEP),Polynomial degree 3,Fault_20,21,XMV_9,2.496188
Industrial (TEP),Polynomial degree 3,Fault_20,22,XMEAS_15,2.155737
Industrial (TEP),Polynomial degree 3,Fault_20,23,XMEAS_10,2.089535
Industrial (TEP),Polynomial degree 3,Fault_20,24,XMV_8,2.035981
Industrial (TEP),Polynomial degree 3,Fault_20,25,XMV_11,1.850608
Industrial (TEP),Polynomial degree 3,Fault_20,26,XMEAS_17,1.804983
Industrial (TEP),Polynomial degree 3,Fault_20,27,XMEAS_19,1.718318
Industrial (TEP),Polynomial degree 3,Fault_20,28,XMEAS_34,1.690804
Industrial (TEP),Polynomial degree 3,Fault_20,29,XMEAS_29,1.676604
Industrial (TEP),Polynomial degree 3,Fault_20,30,XMEAS_30,1.632573
Industrial (TEP),Polynomial degree 3,Fault_20,31,XMEAS_23,1.506051
Industrial (TEP),Polynomial degree 3,Fault_20,32,XMV_4,1.397719
Industrial (TEP),Polynomial degree 3,Fault_20,33,XMV_10,1.310898
Industrial (TEP),Polynomial degree 3,Fault_20,34,XMEAS_12,1.245633
Industrial (TEP),Polynomial degree 3,Fault_20,35,XMEAS_36,1.187915
Industrial (TEP),Polynomial degree 3,Fault_20,36,XMEAS_28,1.029990
Industrial (TEP),Polynomial degree 3,Fault_20,37,XMV_7,0.989410
Industrial (TEP),Polynomial degree 3,Fault_20,38,XMEAS_3,0.920598
Industrial (TEP),Polynomial degree 3,Fault_20,39,XMEAS_2,0.801768
Industrial (TEP),RBF + Ridge,Fault_1,1,XMEAS_1,199.432751
Industrial (TEP),RBF + Ridge,Fault_1,2,XMV_3,190.843928
Industrial (TEP),RBF + Ridge,Fault_1,3,XMV_9,73.528472
Industrial (TEP),RBF + Ridge,Fault_1,4,XMEAS_18,70.273887
Industrial (TEP),RBF + Ridge,Fault_1,5,XMEAS_19,54.321619
Industrial (TEP),RBF + Ridge,Fault_1,6,XMEAS_13,39.878467
Industrial (TEP),RBF + Ridge,Fault_1,7,XMEAS_16,39.786191
Industrial (TEP),RBF + Ridge,Fault_1,8,XMEAS_38,38.383720
Industrial (TEP),RBF + Ridge,Fault_1,9,XMEAS_10,37.043458
Industrial (TEP),RBF + Ridge,Fault_1,10,XMEAS_7,35.145725
Industrial (TEP),RBF + Ridge,Fault_1,11,XMEAS_31,34.628254
Industrial (TEP),RBF + Ridge,Fault_1,12,XMEAS_29,26.169824
Industrial (TEP),RBF + Ridge,Fault_1,13,XMEAS_20,25.036864
Industrial (TEP),RBF + Ridge,Fault_1,14,XMV_6,24.661845
Industrial (TEP),RBF + Ridge,Fault_1,15,XMEAS_34,19.470346
Industrial (TEP),RBF + Ridge,Fault_1,16,XMEAS_11,17.282152
Industrial (TEP),RBF + Ridge,Fault_1,17,XMEAS_25,16.367196
Industrial (TEP),RBF + Ridge,Fault_1,18,XMEAS_28,15.718510
Industrial (TEP),RBF + Ridge,Fault_1,19,XMEAS_36,12.779712
Industrial (TEP),RBF + Ridge,Fault_1,20,XMV_4,10.327311
Industrial (TEP),RBF + Ridge,Fault_1,21,XMEAS_21,8.819182
Industrial (TEP),RBF + Ridge,Fault_1,22,XMEAS_23,7.657756
Industrial (TEP),RBF + Ridge,Fault_1,23,XMEAS_3,7.498606
Industrial (TEP),RBF + Ridge,Fault_1,24,XMV_5,5.108653
Industrial (TEP),RBF + Ridge,Fault_1,25,XMEAS_14,4.023146
Industrial (TEP),RBF + Ridge,Fault_1,26,XMV_10,3.834920
Industrial (TEP),RBF + Ridge,Fault_1,27,XMEAS_32,1.781204
Industrial (TEP),RBF + Ridge,Fault_1,28,XMV_1,1.745813
Industrial (TEP),RBF + Ridge,Fault_1,29,XMEAS_2,1.688616
Industrial (TEP),RBF + Ridge,Fault_1,30,XMEAS_9,1.529108
Industrial (TEP),RBF + Ridge,Fault_1,31,XMEAS_30,1.479229
Industrial (TEP),RBF + Ridge,Fault_1,32,XMEAS_17,1.373821
Industrial (TEP),RBF + Ridge,Fault_1,33,XMV_11,1.355655
Industrial (TEP),RBF + Ridge,Fault_1,34,XMEAS_12,1.294479
Industrial (TEP),RBF + Ridge,Fault_1,35,XMV_7,1.289854
Industrial (TEP),RBF + Ridge,Fault_1,36,XMEAS_39,1.091438
Industrial (TEP),RBF + Ridge,Fault_1,37,XMEAS_15,0.948275
Industrial (TEP),RBF + Ridge,Fault_1,38,XMV_8,0.834392
Industrial (TEP),RBF + Ridge,Fault_1,39,XMEAS_41,0.718829
Industrial (TEP),RBF + Ridge,Fault_2,1,XMEAS_10,401.665568
Industrial (TEP),RBF + Ridge,Fault_2,2,XMV_6,300.826935
Industrial (TEP),RBF + Ridge,Fault_2,3,XMEAS_28,257.236152
Industrial (TEP),RBF + Ridge,Fault_2,4,XMEAS_34,240.209497
Industrial (TEP),RBF + Ridge,Fault_2,5,XMEAS_19,74.660102
Industrial (TEP),RBF + Ridge,Fault_2,6,XMV_9,62.693512
Industrial (TEP),RBF + Ridge,Fault_2,7,XMEAS_18,53.012790
Industrial (TEP),RBF + Ridge,Fault_2,8,XMEAS_13,26.010443
Industrial (TEP),RBF + Ridge,Fault_2,9,XMEAS_7,24.733201
Industrial (TEP),RBF + Ridge,Fault_2,10,XMEAS_11,22.534256
Industrial (TEP),RBF + Ridge,Fault_2,11,XMEAS_16,18.874881
Industrial (TEP),RBF + Ridge,Fault_2,12,XMEAS_21,18.511389
Industrial (TEP),RBF + Ridge,Fault_2,13,XMV_5,16.450075
Industrial (TEP),RBF + Ridge,Fault_2,14,XMEAS_3,15.295069
Industrial (TEP),RBF + Ridge,Fault_2,15,XMEAS_1,14.876154
Industrial (TEP),RBF + Ridge,Fault_2,16,XMEAS_30,14.760275
Industrial (TEP),RBF + Ridge,Fault_2,17,XMEAS_36,14.657253
Industrial (TEP),RBF + Ridge,Fault_2,18,XMEAS_20,13.467939
Industrial (TEP),RBF + Ridge,Fault_2,19,XMV_3,12.912432
Industrial (TEP),RBF + Ridge,Fault_2,20,XMEAS_39,11.669471
Industrial (TEP),RBF + Ridge,Fault_2,21,XMV_1,9.368022
Industrial (TEP),RBF + Ridge,Fault_2,22,XMEAS_14,8.066096
Industrial (TEP),RBF + Ridge,Fault_2,23,XMEAS_25,5.959902
Industrial (TEP),RBF + Ridge,Fault_2,24,XMV_4,5.747940
Industrial (TEP),RBF + Ridge,Fault_2,25,XMEAS_38,5.674149
Industrial (TEP),RBF + Ridge,Fault_2,26,XMEAS_31,5.085082
Industrial (TEP),RBF + Ridge,Fault_2,27,XMEAS_2,4.358194
Industrial (TEP),RBF + Ridge,Fault_2,28,XMV_11,4.166739
Industrial (TEP),RBF + Ridge,Fault_2,29,XMV_10,3.883154
Industrial (TEP),RBF + Ridge,Fault_2,30,XMEAS_32,2.516294
Industrial (TEP),RBF + Ridge,Fault_2,31,XMEAS_29,2.304313
Industrial (TEP),RBF + Ridge,Fault_2,32,XMEAS_17,1.476567
Industrial (TEP),RBF + Ridge,Fault_2,33,XMEAS_9,1.451014
Industrial (TEP),RBF + Ridge,Fault_2,34,XMEAS_15,1.187170
Industrial (TEP),RBF + Ridge,Fault_2,35,XMV_8,1.111974
Industrial (TEP),RBF + Ridge,Fault_2,36,XMEAS_12,0.914510
Industrial (TEP),RBF + Ridge,Fault_2,37,XMV_7,0.901967
Industrial (TEP),RBF + Ridge,Fault_2,38,XMEAS_23,0.805000
Industrial (TEP),RBF + Ridge,Fault_2,39,XMEAS_41,0.621367
Industrial (TEP),RBF + Ridge,Fault_3,1,XMEAS_21,6.270058
Industrial (TEP),RBF + Ridge,Fault_3,2,XMEAS_14,3.774861
Industrial (TEP),RBF + Ridge,Fault_3,3,XMV_9,3.715415
Industrial (TEP),RBF + Ridge,Fault_3,4,XMEAS_38,3.708804
Industrial (TEP),RBF + Ridge,Fault_3,5,XMEAS_18,3.707536
Industrial (TEP),RBF + Ridge,Fault_3,6,XMEAS_19,3.690955
Industrial (TEP),RBF + Ridge,Fault_3,7,XMEAS_1,3.195440
Industrial (TEP),RBF + Ridge,Fault_3,8,XMEAS_13,2.805413
Industrial (TEP),RBF + Ridge,Fault_3,9,XMEAS_20,2.591641
Industrial (TEP),RBF + Ridge,Fault_3,10,XMV_3,2.431850
Industrial (TEP),RBF + Ridge,Fault_3,11,XMEAS_7,2.403710
Industrial (TEP),RBF + Ridge,Fault_3,12,XMEAS_10,2.328910
Industrial (TEP),RBF + Ridge,Fault_3,13,XMV_1,2.283170
Industrial (TEP),RBF + Ridge,Fault_3,14,XMV_6,2.226635
Industrial (TEP),RBF + Ridge,Fault_3,15,XMEAS_16,2.085897
Industrial (TEP),RBF + Ridge,Fault_3,16,XMEAS_31,1.868924
Industrial (TEP),RBF + Ridge,Fault_3,17,XMV_10,1.688111
Industrial (TEP),RBF + Ridge,Fault_3,18,XMEAS_34,1.601527
Industrial (TEP),RBF + Ridge,Fault_3,19,XMEAS_32,1.570079
Industrial (TEP),RBF + Ridge,Fault_3,20,XMEAS_28,1.567585
Industrial (TEP),RBF + Ridge,Fault_3,21,XMEAS_9,1.547571
Industrial (TEP),RBF + Ridge,Fault_3,22,XMV_11,1.524971
Industrial (TEP),RBF + Ridge,Fault_3,23,XMEAS_17,1.469413
Industrial (TEP),RBF + Ridge,Fault_3,24,XMV_7,1.276375
Industrial (TEP),RBF + Ridge,Fault_3,25,XMEAS_12,1.255130
Industrial (TEP),RBF + Ridge,Fault_3,26,XMEAS_11,1.236009
Industrial (TEP),RBF + Ridge,Fault_3,27,XMV_8,1.201626
Industrial (TEP),RBF + Ridge,Fault_3,28,XMEAS_15,1.198747
Industrial (TEP),RBF + Ridge,Fault_3,29,XMV_5,1.182776
Industrial (TEP),RBF + Ridge,Fault_3,30,XMEAS_25,1.127536
Industrial (TEP),RBF + Ridge,Fault_3,31,XMEAS_36,1.089352
Industrial (TEP),RBF + Ridge,Fault_3,32,XMEAS_30,1.001739
Industrial (TEP),RBF + Ridge,Fault_3,33,XMEAS_29,0.777113
Industrial (TEP),RBF + Ridge,Fault_3,34,XMEAS_41,0.774594
Industrial (TEP),RBF + Ridge,Fault_3,35,XMV_4,0.697439
Industrial (TEP),RBF + Ridge,Fault_3,36,XMEAS_3,0.606165
Industrial (TEP),RBF + Ridge,Fault_3,37,XMEAS_23,0.512279
Industrial (TEP),RBF + Ridge,Fault_3,38,XMEAS_39,0.469925
Industrial (TEP),RBF + Ridge,Fault_3,39,XMEAS_2,0.371809
Industrial (TEP),RBF + Ridge,Fault_4,1,XMV_10,37.110254
Industrial (TEP),RBF + Ridge,Fault_4,2,XMEAS_9,4.099083
Industrial (TEP),RBF + Ridge,Fault_4,3,XMEAS_14,3.766571
Industrial (TEP),RBF + Ridge,Fault_4,4,XMEAS_18,3.738919
Industrial (TEP),RBF + Ridge,Fault_4,5,XMV_9,3.730903
Industrial (TEP),RBF + Ridge,Fault_4,6,XMEAS_38,3.702622
Industrial (TEP),RBF + Ridge,Fault_4,7,XMEAS_19,3.696819
Industrial (TEP),RBF + Ridge,Fault_4,8,XMEAS_1,3.204858
Industrial (TEP),RBF + Ridge,Fault_4,9,XMEAS_13,2.856691
Industrial (TEP),RBF + Ridge,Fault_4,10,XMEAS_20,2.670005
Industrial (TEP),RBF + Ridge,Fault_4,11,XMEAS_21,2.527112
Industrial (TEP),RBF + Ridge,Fault_4,12,XMEAS_10,2.506192
Industrial (TEP),RBF + Ridge,Fault_4,13,XMV_3,2.435535
Industrial (TEP),RBF + Ridge,Fault_4,14,XMEAS_7,2.433962
Industrial (TEP),RBF + Ridge,Fault_4,15,XMV_6,2.342956
Industrial (TEP),RBF + Ridge,Fault_4,16,XMV_1,2.280741
Industrial (TEP),RBF + Ridge,Fault_4,17,XMEAS_16,2.096968
Industrial (TEP),RBF + Ridge,Fault_4,18,XMEAS_31,1.898064
Industrial (TEP),RBF + Ridge,Fault_4,19,XMEAS_34,1.647798
Industrial (TEP),RBF + Ridge,Fault_4,20,XMEAS_28,1.606075
Industrial (TEP),RBF + Ridge,Fault_4,21,XMEAS_32,1.563235
Industrial (TEP),RBF + Ridge,Fault_4,22,XMV_11,1.528465
Industrial (TEP),RBF + Ridge,Fault_4,23,XMEAS_17,1.471767
Industrial (TEP),RBF + Ridge,Fault_4,24,XMV_7,1.279711
Industrial (TEP),RBF + Ridge,Fault_4,25,XMEAS_12,1.258358
Industrial (TEP),RBF + Ridge,Fault_4,26,XMEAS_11,1.257165
Industrial (TEP),RBF + Ridge,Fault_4,27,XMV_5,1.212406
Industrial (TEP),RBF + Ridge,Fault_4,28,XMV_8,1.203726
Industrial (TEP),RBF + Ridge,Fault_4,29,XMEAS_15,1.200994
Industrial (TEP),RBF + Ridge,Fault_4,30,XMEAS_25,1.136565
Industrial (TEP),RBF + Ridge,Fault_4,31,XMEAS_36,1.108791
Industrial (TEP),RBF + Ridge,Fault_4,32,XMEAS_30,1.005083
Industrial (TEP),RBF + Ridge,Fault_4,33,XMEAS_29,0.782101
Industrial (TEP),RBF + Ridge,Fault_4,34,XMEAS_41,0.776675
Industrial (TEP),RBF + Ridge,Fault_4,35,XMV_4,0.694379
Industrial (TEP),RBF + Ridge,Fault_4,36,XMEAS_3,0.614826
Industrial (TEP),RBF + Ridge,Fault_4,37,XMEAS_23,0.513624
Industrial (TEP),RBF + Ridge,Fault_4,38,XMEAS_39,0.471131
Industrial (TEP),RBF + Ridge,Fault_4,39,XMEAS_2,0.373705
Industrial (TEP),RBF + Ridge,Fault_5,1,XMEAS_18,32.093655
Industrial (TEP),RBF + Ridge,Fault_5,2,XMV_9,29.843655
Industrial (TEP),RBF + Ridge,Fault_5,3,XMEAS_38,27.736742
Industrial (TEP),RBF + Ridge,Fault_5,4,XMEAS_1,22.098856
Industrial (TEP),RBF + Ridge,Fault_5,5,XMEAS_13,19.414634
Industrial (TEP),RBF + Ridge,Fault_5,6,XMEAS_19,18.448621
Industrial (TEP),RBF + Ridge,Fault_5,7,XMEAS_7,16.209583
Industrial (TEP),RBF + Ridge,Fault_5,8,XMEAS_16,16.012723
Industrial (TEP),RBF + Ridge,Fault_5,9,XMV_11,12.720388
Industrial (TEP),RBF + Ridge,Fault_5,10,XMEAS_20,11.289128
Industrial (TEP),RBF + Ridge,Fault_5,11,XMEAS_31,11.025436
Industrial (TEP),RBF + Ridge,Fault_5,12,XMV_3,10.993265
Industrial (TEP),RBF + Ridge,Fault_5,13,XMEAS_10,10.386226
Industrial (TEP),RBF + Ridge,Fault_5,14,XMV_6,10.075838
Industrial (TEP),RBF + Ridge,Fault_5,15,XMEAS_11,7.900333
Industrial (TEP),RBF + Ridge,Fault_5,16,XMEAS_34,7.169495
Industrial (TEP),RBF + Ridge,Fault_5,17,XMEAS_25,6.729859
Industrial (TEP),RBF + Ridge,Fault_5,18,XMEAS_36,5.744014
Industrial (TEP),RBF + Ridge,Fault_5,19,XMEAS_21,5.564386
Industrial (TEP),RBF + Ridge,Fault_5,20,XMEAS_14,4.438377
Industrial (TEP),RBF + Ridge,Fault_5,21,XMEAS_3,3.493726
Industrial (TEP),RBF + Ridge,Fault_5,22,XMV_5,2.885446
Industrial (TEP),RBF + Ridge,Fault_5,23,XMEAS_28,2.450716
Industrial (TEP),RBF + Ridge,Fault_5,24,XMV_1,2.439711
Industrial (TEP),RBF + Ridge,Fault_5,25,XMV_10,2.093073
Industrial (TEP),RBF + Ridge,Fault_5,26,XMEAS_29,1.913134
Industrial (TEP),RBF + Ridge,Fault_5,27,XMEAS_32,1.814335
Industrial (TEP),RBF + Ridge,Fault_5,28,XMEAS_9,1.553009
Industrial (TEP),RBF + Ridge,Fault_5,29,XMEAS_17,1.407231
Industrial (TEP),RBF + Ridge,Fault_5,30,XMEAS_12,1.148220
Industrial (TEP),RBF + Ridge,Fault_5,31,XMV_7,1.098779
Industrial (TEP),RBF + Ridge,Fault_5,32,XMEAS_30,1.092201
Industrial (TEP),RBF + Ridge,Fault_5,33,XMEAS_41,0.964380
Industrial (TEP),RBF + Ridge,Fault_5,34,XMV_8,0.953599
Industrial (TEP),RBF + Ridge,Fault_5,35,XMEAS_15,0.936496
Industrial (TEP),RBF + Ridge,Fault_5,36,XMEAS_2,0.846206
Industrial (TEP),RBF + Ridge,Fault_5,37,XMEAS_23,0.803965
Industrial (TEP),RBF + Ridge,Fault_5,38,XMV_4,0.599185
Industrial (TEP),RBF + Ridge,Fault_5,39,XMEAS_39,0.391794
Industrial (TEP),RBF + Ridge,Fault_6,1,XMV_10,319.147690
Industrial (TEP),RBF + Ridge,Fault_6,2,XMEAS_16,285.457239
Industrial (TEP),RBF + Ridge,Fault_6,3,XMV_3,270.804366
Industrial (TEP),RBF + Ridge,Fault_6,4,XMV_5,244.621748
Industrial (TEP),RBF + Ridge,Fault_6,5,XMEAS_29,217.243881
Industrial (TEP),RBF + Ridge,Fault_6,6,XMEAS_13,211.664896
Industrial (TEP),RBF + Ridge,Fault_6,7,XMEAS_7,205.797656
Industrial (TEP),RBF + Ridge,Fault_6,8,XMV_6,200.316807
Industrial (TEP),RBF + Ridge,Fault_6,9,XMEAS_19,198.977036
Industrial (TEP),RBF + Ridge,Fault_6,10,XMEAS_20,182.763222
Industrial (TEP),RBF + Ridge,Fault_6,11,XMEAS_31,168.277898
Industrial (TEP),RBF + Ridge,Fault_6,12,XMEAS_11,157.289198
Industrial (TEP),RBF + Ridge,Fault_6,13,XMEAS_10,154.786972
Industrial (TEP),RBF + Ridge,Fault_6,14,XMEAS_25,146.811178
Industrial (TEP),RBF + Ridge,Fault_6,15,XMV_9,138.073062
Industrial (TEP),RBF + Ridge,Fault_6,16,XMV_11,119.369007
Industrial (TEP),RBF + Ridge,Fault_6,17,XMEAS_36,108.043621
Industrial (TEP),RBF + Ridge,Fault_6,18,XMEAS_21,98.911051
Industrial (TEP),RBF + Ridge,Fault_6,19,XMEAS_1,96.014522
Industrial (TEP),RBF + Ridge,Fault_6,20,XMEAS_23,91.731422
Industrial (TEP),RBF + Ridge,Fault_6,21,XMEAS_34,91.349511
Industrial (TEP),RBF + Ridge,Fault_6,22,XMEAS_38,91.145530
Industrial (TEP),RBF + Ridge,Fault_6,23,XMEAS_28,74.324087
Industrial (TEP),RBF + Ridge,Fault_6,24,XMEAS_18,30.819763
Industrial (TEP),RBF + Ridge,Fault_6,25,XMV_4,30.386330
Industrial (TEP),RBF + Ridge,Fault_6,26,XMEAS_3,18.265839
Industrial (TEP),RBF + Ridge,Fault_6,27,XMEAS_41,15.232707
Industrial (TEP),RBF + Ridge,Fault_6,28,XMV_1,11.134881
Industrial (TEP),RBF + Ridge,Fault_6,29,XMEAS_30,9.245556
Industrial (TEP),RBF + Ridge,Fault_6,30,XMEAS_14,7.999261
Industrial (TEP),RBF + Ridge,Fault_6,31,XMEAS_17,7.451531
Industrial (TEP),RBF + Ridge,Fault_6,32,XMEAS_32,5.618604
Industrial (TEP),RBF + Ridge,Fault_6,33,XMEAS_2,3.553526
Industrial (TEP),RBF + Ridge,Fault_6,34,XMEAS_9,3.370208
Industrial (TEP),RBF + Ridge,Fault_6,35,XMEAS_39,2.907249
Industrial (TEP),RBF + Ridge,Fault_6,36,XMEAS_12,1.635233
Industrial (TEP),RBF + Ridge,Fault_6,37,XMV_7,1.511004
Industrial (TEP),RBF + Ridge,Fault_6,38,XMEAS_15,1.313646
Industrial (TEP),RBF + Ridge,Fault_6,39,XMV_8,0.956053
Industrial (TEP),RBF + Ridge,Fault_7,1,XMEAS_38,64.963148
Industrial (TEP),RBF + Ridge,Fault_7,2,XMV_9,63.354551
Industrial (TEP),RBF + Ridge,Fault_7,3,XMEAS_18,56.500757
Industrial (TEP),RBF + Ridge,Fault_7,4,XMEAS_1,50.149811
Industrial (TEP),RBF + Ridge,Fault_7,5,XMEAS_13,47.177975
Industrial (TEP),RBF + Ridge,Fault_7,6,XMV_4,46.597917
Industrial (TEP),RBF + Ridge,Fault_7,7,XMEAS_19,44.513727
Industrial (TEP),RBF + Ridge,Fault_7,8,XMEAS_7,40.940229
Industrial (TEP),RBF + Ridge,Fault_7,9,XMEAS_16,37.135349
Industrial (TEP),RBF + Ridge,Fault_7,10,XMEAS_20,28.414366
Industrial (TEP),RBF + Ridge,Fault_7,11,XMV_3,27.453758
Industrial (TEP),RBF + Ridge,Fault_7,12,XMEAS_31,25.365389
Industrial (TEP),RBF + Ridge,Fault_7,13,XMEAS_10,24.695026
Industrial (TEP),RBF + Ridge,Fault_7,14,XMEAS_25,18.643750
Industrial (TEP),RBF + Ridge,Fault_7,15,XMV_6,18.393144
Industrial (TEP),RBF + Ridge,Fault_7,16,XMEAS_11,12.747675
Industrial (TEP),RBF + Ridge,Fault_7,17,XMEAS_36,12.580671
Industrial (TEP),RBF + Ridge,Fault_7,18,XMEAS_34,12.384709
Industrial (TEP),RBF + Ridge,Fault_7,19,XMEAS_3,8.683396
Industrial (TEP),RBF + Ridge,Fault_7,20,XMEAS_21,6.616189
Industrial (TEP),RBF + Ridge,Fault_7,21,XMV_10,6.134352
Industrial (TEP),RBF + Ridge,Fault_7,22,XMV_5,5.694373
Industrial (TEP),RBF + Ridge,Fault_7,23,XMEAS_29,5.476233
Industrial (TEP),RBF + Ridge,Fault_7,24,XMEAS_14,4.698698
Industrial (TEP),RBF + Ridge,Fault_7,25,XMEAS_28,4.082822
Industrial (TEP),RBF + Ridge,Fault_7,26,XMEAS_2,2.635373
Industrial (TEP),RBF + Ridge,Fault_7,27,XMEAS_12,2.616295
Industrial (TEP),RBF + Ridge,Fault_7,28,XMV_1,2.464422
Industrial (TEP),RBF + Ridge,Fault_7,29,XMEAS_9,1.808168
Industrial (TEP),RBF + Ridge,Fault_7,30,XMEAS_32,1.777543
Industrial (TEP),RBF + Ridge,Fault_7,31,XMV_11,1.521309
Industrial (TEP),RBF + Ridge,Fault_7,32,XMEAS_17,1.398278
Industrial (TEP),RBF + Ridge,Fault_7,33,XMEAS_30,1.293851
Industrial (TEP),RBF + Ridge,Fault_7,34,XMEAS_23,1.249187
Industrial (TEP),RBF + Ridge,Fault_7,35,XMV_7,1.248336
Industrial (TEP),RBF + Ridge,Fault_7,36,XMEAS_15,1.104640
Industrial (TEP),RBF + Ridge,Fault_7,37,XMV_8,1.087585
Industrial (TEP),RBF + Ridge,Fault_7,38,XMEAS_41,0.941702
Industrial (TEP),RBF + Ridge,Fault_7,39,XMEAS_39,0.704992
Industrial (TEP),RBF + Ridge,Fault_8,1,XMEAS_38,97.404347
Industrial (TEP),RBF + Ridge,Fault_8,2,XMV_3,90.395673
Industrial (TEP),RBF + Ridge,Fault_8,3,XMEAS_10,83.572290
Industrial (TEP),RBF + Ridge,Fault_8,4,XMV_9,82.298369
Industrial (TEP),RBF + Ridge,Fault_8,5,XMEAS_1,81.051247
Industrial (TEP),RBF + Ridge,Fault_8,6,XMV_6,79.214282
Industrial (TEP),RBF + Ridge,Fault_8,7,XMEAS_13,70.980213
Industrial (TEP),RBF + Ridge,Fault_8,8,XMEAS_18,68.742208
Industrial (TEP),RBF + Ridge,Fault_8,9,XMEAS_7,65.913277
Industrial (TEP),RBF + Ridge,Fault_8,10,XMEAS_31,61.612595
Industrial (TEP),RBF + Ridge,Fault_8,11,XMEAS_20,60.295414
Industrial (TEP),RBF + Ridge,Fault_8,12,XMEAS_34,56.579868
Industrial (TEP),RBF + Ridge,Fault_8,13,XMEAS_19,54.997754
Industrial (TEP),RBF + Ridge,Fault_8,14,XMEAS_28,53.650354
Industrial (TEP),RBF + Ridge,Fault_8,15,XMEAS_16,50.076338
Industrial (TEP),RBF + Ridge,Fault_8,16,XMEAS_25,39.694762
Industrial (TEP),RBF + Ridge,Fault_8,17,XMEAS_11,35.448146
Industrial (TEP),RBF + Ridge,Fault_8,18,XMEAS_29,30.195411
Industrial (TEP),RBF + Ridge,Fault_8,19,XMEAS_36,23.009615
Industrial (TEP),RBF + Ridge,Fault_8,20,XMEAS_3,16.235704
Industrial (TEP),RBF + Ridge,Fault_8,21,XMV_5,13.878071
Industrial (TEP),RBF + Ridge,Fault_8,22,XMV_10,11.372910
Industrial (TEP),RBF + Ridge,Fault_8,23,XMEAS_23,7.371141
Industrial (TEP),RBF + Ridge,Fault_8,24,XMV_4,5.125640
Industrial (TEP),RBF + Ridge,Fault_8,25,XMEAS_21,4.835546
Industrial (TEP),RBF + Ridge,Fault_8,26,XMEAS_14,3.643441
Industrial (TEP),RBF + Ridge,Fault_8,27,XMEAS_2,3.047194
Industrial (TEP),RBF + Ridge,Fault_8,28,XMEAS_12,2.682137
Industrial (TEP),RBF + Ridge,Fault_8,29,XMEAS_9,2.647303
Industrial (TEP),RBF + Ridge,Fault_8,30,XMEAS_39,2.516488
Industrial (TEP),RBF + Ridge,Fault_8,31,XMEAS_41,2.281423
Industrial (TEP),RBF + Ridge,Fault_8,32,XMEAS_30,2.059020
Industrial (TEP),RBF + Ridge,Fault_8,33,XMV_11,1.919051
Industrial (TEP),RBF + Ridge,Fault_8,34,XMEAS_32,1.805286
Industrial (TEP),RBF + Ridge,Fault_8,35,XMV_1,1.795472
Industrial (TEP),RBF + Ridge,Fault_8,36,XMEAS_17,1.421734
Industrial (TEP),RBF + Ridge,Fault_8,37,XMV_7,1.371037
Industrial (TEP),RBF + Ridge,Fault_8,38,XMEAS_15,1.228371
Industrial (TEP),RBF + Ridge,Fault_8,39,XMV_8,1.139935
Industrial (TEP),RBF + Ridge,Fault_9,1,XMEAS_38,3.964374
Industrial (TEP),RBF + Ridge,Fault_9,2,XMEAS_14,3.782794
Industrial (TEP),RBF + Ridge,Fault_9,3,XMV_9,3.720829
Industrial (TEP),RBF + Ridge,Fault_9,4,XMEAS_18,3.706107
Industrial (TEP),RBF + Ridge,Fault_9,5,XMEAS_19,3.672476
Industrial (TEP),RBF + Ridge,Fault_9,6,XMEAS_1,3.281161
Industrial (TEP),RBF + Ridge,Fault_9,7,XMEAS_13,2.971962
Industrial (TEP),RBF + Ridge,Fault_9,8,XMEAS_21,2.901352
Industrial (TEP),RBF + Ridge,Fault_9,9,XMEAS_20,2.637984
Industrial (TEP),RBF + Ridge,Fault_9,10,XMEAS_10,2.565395
Industrial (TEP),RBF + Ridge,Fault_9,11,XMEAS_7,2.521062
Industrial (TEP),RBF + Ridge,Fault_9,12,XMV_3,2.453975
Industrial (TEP),RBF + Ridge,Fault_9,13,XMV_6,2.393341
Industrial (TEP),RBF + Ridge,Fault_9,14,XMV_1,2.280878
Industrial (TEP),RBF + Ridge,Fault_9,15,XMEAS_16,2.175552
Industrial (TEP),RBF + Ridge,Fault_9,16,XMEAS_31,1.928689
Industrial (TEP),RBF + Ridge,Fault_9,17,XMEAS_28,1.608895
Industrial (TEP),RBF + Ridge,Fault_9,18,XMEAS_9,1.600593
Industrial (TEP),RBF + Ridge,Fault_9,19,XMEAS_34,1.585375
Industrial (TEP),RBF + Ridge,Fault_9,20,XMEAS_32,1.570257
Industrial (TEP),RBF + Ridge,Fault_9,21,XMV_11,1.509783
Industrial (TEP),RBF + Ridge,Fault_9,22,XMEAS_17,1.469792
Industrial (TEP),RBF + Ridge,Fault_9,23,XMV_7,1.275433
Industrial (TEP),RBF + Ridge,Fault_9,24,XMEAS_12,1.255592
Industrial (TEP),RBF + Ridge,Fault_9,25,XMV_5,1.243485
Industrial (TEP),RBF + Ridge,Fault_9,26,XMEAS_11,1.239976
Industrial (TEP),RBF + Ridge,Fault_9,27,XMV_8,1.202388
Industrial (TEP),RBF + Ridge,Fault_9,28,XMEAS_25,1.200067
Industrial (TEP),RBF + Ridge,Fault_9,29,XMEAS_15,1.199796
Industrial (TEP),RBF + Ridge,Fault_9,30,XMEAS_36,1.115772
Industrial (TEP),RBF + Ridge,Fault_9,31,XMV_10,1.041231
Industrial (TEP),RBF + Ridge,Fault_9,32,XMEAS_30,1.006971
Industrial (TEP),RBF + Ridge,Fault_9,33,XMEAS_29,0.776627
Industrial (TEP),RBF + Ridge,Fault_9,34,XMEAS_41,0.763111
Industrial (TEP),RBF + Ridge,Fault_9,35,XMV_4,0.697560
Industrial (TEP),RBF + Ridge,Fault_9,36,XMEAS_3,0.664236
Industrial (TEP),RBF + Ridge,Fault_9,37,XMEAS_23,0.513129
Industrial (TEP),RBF + Ridge,Fault_9,38,XMEAS_39,0.469893
Industrial (TEP),RBF + Ridge,Fault_9,39,XMEAS_2,0.373657
Industrial (TEP),RBF + Ridge,Fault_10,1,XMEAS_18,12.641540
Industrial (TEP),RBF + Ridge,Fault_10,2,XMV_9,10.457185
Industrial (TEP),RBF + Ridge,Fault_10,3,XMEAS_38,9.283796
Industrial (TEP),RBF + Ridge,Fault_10,4,XMEAS_13,5.761542
Industrial (TEP),RBF + Ridge,Fault_10,5,XMEAS_19,5.681789
Industrial (TEP),RBF + Ridge,Fault_10,6,XMEAS_1,5.595569
Industrial (TEP),RBF + Ridge,Fault_10,7,XMEAS_16,5.457722
Industrial (TEP),RBF + Ridge,Fault_10,8,XMEAS_7,4.509736
Industrial (TEP),RBF + Ridge,Fault_10,9,XMEAS_10,3.896978
Industrial (TEP),RBF + Ridge,Fault_10,10,XMV_6,3.892335
Industrial (TEP),RBF + Ridge,Fault_10,11,XMV_3,3.835802
Industrial (TEP),RBF + Ridge,Fault_10,12,XMEAS_14,3.828271
Industrial (TEP),RBF + Ridge,Fault_10,13,XMEAS_31,3.636238
Industrial (TEP),RBF + Ridge,Fault_10,14,XMEAS_20,3.456151
Industrial (TEP),RBF + Ridge,Fault_10,15,XMEAS_34,3.076776
Industrial (TEP),RBF + Ridge,Fault_10,16,XMEAS_21,2.764460
Industrial (TEP),RBF + Ridge,Fault_10,17,XMV_1,2.269235
Industrial (TEP),RBF + Ridge,Fault_10,18,XMEAS_25,1.855306
Industrial (TEP),RBF + Ridge,Fault_10,19,XMEAS_28,1.635414
Industrial (TEP),RBF + Ridge,Fault_10,20,XMEAS_9,1.603651
Industrial (TEP),RBF + Ridge,Fault_10,21,XMEAS_32,1.571073
Industrial (TEP),RBF + Ridge,Fault_10,22,XMEAS_11,1.520080
Industrial (TEP),RBF + Ridge,Fault_10,23,XMEAS_36,1.513377
Industrial (TEP),RBF + Ridge,Fault_10,24,XMEAS_17,1.467519
Industrial (TEP),RBF + Ridge,Fault_10,25,XMV_11,1.441307
Industrial (TEP),RBF + Ridge,Fault_10,26,XMV_5,1.416160
Industrial (TEP),RBF + Ridge,Fault_10,27,XMEAS_12,1.279812
Industrial (TEP),RBF + Ridge,Fault_10,28,XMV_7,1.275342
Industrial (TEP),RBF + Ridge,Fault_10,29,XMEAS_29,1.239740
Industrial (TEP),RBF + Ridge,Fault_10,30,XMV_8,1.189974
Industrial (TEP),RBF + Ridge,Fault_10,31,XMEAS_15,1.188200
Industrial (TEP),RBF + Ridge,Fault_10,32,XMEAS_30,1.002357
Industrial (TEP),RBF + Ridge,Fault_10,33,XMV_10,0.972371
Industrial (TEP),RBF + Ridge,Fault_10,34,XMEAS_3,0.870552
Industrial (TEP),RBF + Ridge,Fault_10,35,XMEAS_41,0.804211
Industrial (TEP),RBF + Ridge,Fault_10,36,XMV_4,0.695543
Industrial (TEP),RBF + Ridge,Fault_10,37,XMEAS_23,0.538112
Industrial (TEP),RBF + Ridge,Fault_10,38,XMEAS_39,0.486417
Industrial (TEP),RBF + Ridge,Fault_10,39,XMEAS_2,0.374639
Industrial (TEP),RBF + Ridge,Fault_11,1,XMEAS_9,5.024694
Industrial (TEP),RBF + Ridge,Fault_11,2,XMV_10,4.674033
Industrial (TEP),RBF + Ridge,Fault_11,3,XMEAS_38,3.902287
Industrial (TEP),RBF + Ridge,Fault_11,4,XMEAS_14,3.746422
Industrial (TEP),RBF + Ridge,Fault_11,5,XMV_9,3.736917
Industrial (TEP),RBF + Ridge,Fault_11,6,XMEAS_18,3.705761
Industrial (TEP),RBF + Ridge,Fault_11,7,XMEAS_19,3.660725
Industrial (TEP),RBF + Ridge,Fault_11,8,XMEAS_1,3.227177
Industrial (TEP),RBF + Ridge,Fault_11,9,XMEAS_13,2.847322
Industrial (TEP),RBF + Ridge,Fault_11,10,XMEAS_20,2.647334
Industrial (TEP),RBF + Ridge,Fault_11,11,XMEAS_21,2.557729
Industrial (TEP),RBF + Ridge,Fault_11,12,XMEAS_10,2.519096
Industrial (TEP),RBF + Ridge,Fault_11,13,XMEAS_7,2.428655
Industrial (TEP),RBF + Ridge,Fault_11,14,XMV_3,2.427646
Industrial (TEP),RBF + Ridge,Fault_11,15,XMV_6,2.362673
Industrial (TEP),RBF + Ridge,Fault_11,16,XMV_1,2.271715
Industrial (TEP),RBF + Ridge,Fault_11,17,XMEAS_16,2.066381
Industrial (TEP),RBF + Ridge,Fault_11,18,XMEAS_31,1.864004
Industrial (TEP),RBF + Ridge,Fault_11,19,XMEAS_28,1.571380
Industrial (TEP),RBF + Ridge,Fault_11,20,XMEAS_32,1.537653
Industrial (TEP),RBF + Ridge,Fault_11,21,XMEAS_34,1.522184
Industrial (TEP),RBF + Ridge,Fault_11,22,XMV_11,1.517577
Industrial (TEP),RBF + Ridge,Fault_11,23,XMEAS_17,1.460721
Industrial (TEP),RBF + Ridge,Fault_11,24,XMEAS_11,1.319450
Industrial (TEP),RBF + Ridge,Fault_11,25,XMV_7,1.282291
Industrial (TEP),RBF + Ridge,Fault_11,26,XMEAS_12,1.261672
Industrial (TEP),RBF + Ridge,Fault_11,27,XMV_8,1.211937
Industrial (TEP),RBF + Ridge,Fault_11,28,XMEAS_15,1.210450
Industrial (TEP),RBF + Ridge,Fault_11,29,XMEAS_25,1.193910
Industrial (TEP),RBF + Ridge,Fault_11,30,XMV_5,1.175452
Industrial (TEP),RBF + Ridge,Fault_11,31,XMEAS_36,1.056102
Industrial (TEP),RBF + Ridge,Fault_11,32,XMEAS_30,1.008870
Industrial (TEP),RBF + Ridge,Fault_11,33,XMEAS_29,0.790067
Industrial (TEP),RBF + Ridge,Fault_11,34,XMEAS_41,0.757394
Industrial (TEP),RBF + Ridge,Fault_11,35,XMV_4,0.696174
Industrial (TEP),RBF + Ridge,Fault_11,36,XMEAS_3,0.626438
Industrial (TEP),RBF + Ridge,Fault_11,37,XMEAS_23,0.509827
Industrial (TEP),RBF + Ridge,Fault_11,38,XMEAS_39,0.468233
Industrial (TEP),RBF + Ridge,Fault_11,39,XMEAS_2,0.364868
Industrial (TEP),RBF + Ridge,Fault_12,1,XMEAS_38,103.668043
Industrial (TEP),RBF + Ridge,Fault_12,2,XMEAS_13,77.701872
Industrial (TEP),RBF + Ridge,Fault_12,3,XMEAS_7,69.352258
Industrial (TEP),RBF + Ridge,Fault_12,4,XMEAS_20,66.567801
Industrial (TEP),RBF + Ridge,Fault_12,5,XMEAS_16,66.044450
Industrial (TEP),RBF + Ridge,Fault_12,6,XMEAS_1,52.971097
Industrial (TEP),RBF + Ridge,Fault_12,7,XMEAS_10,48.160037
Industrial (TEP),RBF + Ridge,Fault_12,8,XMV_9,47.484224
Industrial (TEP),RBF + Ridge,Fault_12,9,XMV_3,47.332162
Industrial (TEP),RBF + Ridge,Fault_12,10,XMV_6,47.293871
Industrial (TEP),RBF + Ridge,Fault_12,11,XMEAS_18,41.959989
Industrial (TEP),RBF + Ridge,Fault_12,12,XMEAS_19,40.157231
Industrial (TEP),RBF + Ridge,Fault_12,13,XMEAS_31,38.661845
Industrial (TEP),RBF + Ridge,Fault_12,14,XMEAS_25,30.652801
Industrial (TEP),RBF + Ridge,Fault_12,15,XMEAS_29,22.856001
Industrial (TEP),RBF + Ridge,Fault_12,16,XMEAS_11,22.261667
Industrial (TEP),RBF + Ridge,Fault_12,17,XMEAS_3,18.943866
Industrial (TEP),RBF + Ridge,Fault_12,18,XMEAS_36,17.451720
Industrial (TEP),RBF + Ridge,Fault_12,19,XMEAS_34,16.513286
Industrial (TEP),RBF + Ridge,Fault_12,20,XMV_10,16.239746
Industrial (TEP),RBF + Ridge,Fault_12,21,XMV_5,11.287396
Industrial (TEP),RBF + Ridge,Fault_12,22,XMEAS_21,11.242150
Industrial (TEP),RBF + Ridge,Fault_12,23,XMEAS_14,10.691642
Industrial (TEP),RBF + Ridge,Fault_12,24,XMEAS_28,7.427391
Industrial (TEP),RBF + Ridge,Fault_12,25,XMEAS_41,7.141937
Industrial (TEP),RBF + Ridge,Fault_12,26,XMEAS_9,6.723435
Industrial (TEP),RBF + Ridge,Fault_12,27,XMV_11,6.297681
Industrial (TEP),RBF + Ridge,Fault_12,28,XMEAS_2,4.988151
Industrial (TEP),RBF + Ridge,Fault_12,29,XMV_4,4.636813
Industrial (TEP),RBF + Ridge,Fault_12,30,XMEAS_23,4.337056
Industrial (TEP),RBF + Ridge,Fault_12,31,XMV_1,2.954976
Industrial (TEP),RBF + Ridge,Fault_12,32,XMEAS_32,2.899142
Industrial (TEP),RBF + Ridge,Fault_12,33,XMEAS_17,2.223153
Industrial (TEP),RBF + Ridge,Fault_12,34,XMEAS_12,1.231721
Industrial (TEP),RBF + Ridge,Fault_12,35,XMV_7,0.983727
Industrial (TEP),RBF + Ridge,Fault_12,36,XMEAS_30,0.867786
Industrial (TEP),RBF + Ridge,Fault_12,37,XMEAS_15,0.736179
Industrial (TEP),RBF + Ridge,Fault_12,38,XMV_8,0.725766
Industrial (TEP),RBF + Ridge,Fault_12,39,XMEAS_39,0.628016
Industrial (TEP),RBF + Ridge,Fault_13,1,XMV_9,124.841709
Industrial (TEP),RBF + Ridge,Fault_13,2,XMEAS_18,114.767056
Industrial (TEP),RBF + Ridge,Fault_13,3,XMEAS_13,70.624122
Industrial (TEP),RBF + Ridge,Fault_13,4,XMEAS_7,68.556392
Industrial (TEP),RBF + Ridge,Fault_13,5,XMEAS_19,66.310105
Industrial (TEP),RBF + Ridge,Fault_13,6,XMEAS_16,57.713882
Industrial (TEP),RBF + Ridge,Fault_13,7,XMEAS_38,55.336549
Industrial (TEP),RBF + Ridge,Fault_13,8,XMEAS_36,41.120385
Industrial (TEP),RBF + Ridge,Fault_13,9,XMEAS_34,39.937907
Industrial (TEP),RBF + Ridge,Fault_13,10,XMEAS_1,36.487490
Industrial (TEP),RBF + Ridge,Fault_13,11,XMV_6,33.491689
Industrial (TEP),RBF + Ridge,Fault_13,12,XMEAS_20,29.745945
Industrial (TEP),RBF + Ridge,Fault_13,13,XMEAS_10,24.569304
Industrial (TEP),RBF + Ridge,Fault_13,14,XMV_3,24.148312
Industrial (TEP),RBF + Ridge,Fault_13,15,XMEAS_11,21.416241
Industrial (TEP),RBF + Ridge,Fault_13,16,XMEAS_25,17.828705
Industrial (TEP),RBF + Ridge,Fault_13,17,XMEAS_31,13.228428
Industrial (TEP),RBF + Ridge,Fault_13,18,XMEAS_3,12.406354
Industrial (TEP),RBF + Ridge,Fault_13,19,XMV_5,9.121109
Industrial (TEP),RBF + Ridge,Fault_13,20,XMEAS_28,8.125000
Industrial (TEP),RBF + Ridge,Fault_13,21,XMEAS_21,7.132567
Industrial (TEP),RBF + Ridge,Fault_13,22,XMEAS_29,6.854762
Industrial (TEP),RBF + Ridge,Fault_13,23,XMV_10,6.518777
Industrial (TEP),RBF + Ridge,Fault_13,24,XMEAS_32,6.436284
Industrial (TEP),RBF + Ridge,Fault_13,25,XMV_1,6.025891
Industrial (TEP),RBF + Ridge,Fault_13,26,XMEAS_41,5.415641
Industrial (TEP),RBF + Ridge,Fault_13,27,XMEAS_14,3.261366
Industrial (TEP),RBF + Ridge,Fault_13,28,XMV_4,3.242722
Industrial (TEP),RBF + Ridge,Fault_13,29,XMEAS_2,2.723730
Industrial (TEP),RBF + Ridge,Fault_13,30,XMEAS_9,2.164823
Industrial (TEP),RBF + Ridge,Fault_13,31,XMV_11,2.133479
Industrial (TEP),RBF + Ridge,Fault_13,32,XMEAS_12,1.877063
Industrial (TEP),RBF + Ridge,Fault_13,33,XMEAS_17,1.490089
Industrial (TEP),RBF + Ridge,Fault_13,34,XMEAS_30,1.422036
Industrial (TEP),RBF + Ridge,Fault_13,35,XMV_7,1.413178
Industrial (TEP),RBF + Ridge,Fault_13,36,XMEAS_23,1.326292
Industrial (TEP),RBF + Ridge,Fault_13,37,XMEAS_15,1.196569
Industrial (TEP),RBF + Ridge,Fault_13,38,XMV_8,1.137456
Industrial (TEP),RBF + Ridge,Fault_13,39,XMEAS_39,0.839232
Industrial (TEP),RBF + Ridge,Fault_14,1,XMEAS_9,90.202055
Industrial (TEP),RBF + Ridge,Fault_14,2,XMV_10,38.888754
Industrial (TEP),RBF + Ridge,Fault_14,3,XMEAS_21,9.623386
Industrial (TEP),RBF + Ridge,Fault_14,4,XMEAS_14,3.781284
Industrial (TEP),RBF + Ridge,Fault_14,5,XMEAS_38,3.721480
Industrial (TEP),RBF + Ridge,Fault_14,6,XMEAS_18,3.702180
Industrial (TEP),RBF + Ridge,Fault_14,7,XMV_9,3.698635
Industrial (TEP),RBF + Ridge,Fault_14,8,XMEAS_19,3.671167
Industrial (TEP),RBF + Ridge,Fault_14,9,XMEAS_1,3.202361
Industrial (TEP),RBF + Ridge,Fault_14,10,XMEAS_13,2.841774
Industrial (TEP),RBF + Ridge,Fault_14,11,XMEAS_20,2.632391
Industrial (TEP),RBF + Ridge,Fault_14,12,XMEAS_10,2.494175
Industrial (TEP),RBF + Ridge,Fault_14,13,XMV_3,2.437897
Industrial (TEP),RBF + Ridge,Fault_14,14,XMEAS_7,2.415083
Industrial (TEP),RBF + Ridge,Fault_14,15,XMV_6,2.336250
Industrial (TEP),RBF + Ridge,Fault_14,16,XMV_1,2.252853
Industrial (TEP),RBF + Ridge,Fault_14,17,XMEAS_16,2.088828
Industrial (TEP),RBF + Ridge,Fault_14,18,XMEAS_31,1.872845
Industrial (TEP),RBF + Ridge,Fault_14,19,XMEAS_32,1.576797
Industrial (TEP),RBF + Ridge,Fault_14,20,XMV_11,1.526258
Industrial (TEP),RBF + Ridge,Fault_14,21,XMEAS_17,1.469187
Industrial (TEP),RBF + Ridge,Fault_14,22,XMV_7,1.272030
Industrial (TEP),RBF + Ridge,Fault_14,23,XMEAS_34,1.268595
Industrial (TEP),RBF + Ridge,Fault_14,24,XMEAS_28,1.254835
Industrial (TEP),RBF + Ridge,Fault_14,25,XMEAS_11,1.252628
Industrial (TEP),RBF + Ridge,Fault_14,26,XMEAS_12,1.250703
Industrial (TEP),RBF + Ridge,Fault_14,27,XMV_8,1.200971
Industrial (TEP),RBF + Ridge,Fault_14,28,XMEAS_15,1.197876
Industrial (TEP),RBF + Ridge,Fault_14,29,XMV_5,1.189177
Industrial (TEP),RBF + Ridge,Fault_14,30,XMEAS_25,1.136052
Industrial (TEP),RBF + Ridge,Fault_14,31,XMEAS_36,1.046085
Industrial (TEP),RBF + Ridge,Fault_14,32,XMEAS_30,1.002388
Industrial (TEP),RBF + Ridge,Fault_14,33,XMEAS_41,0.785082
Industrial (TEP),RBF + Ridge,Fault_14,34,XMEAS_29,0.778814
Industrial (TEP),RBF + Ridge,Fault_14,35,XMV_4,0.701242
Industrial (TEP),RBF + Ridge,Fault_14,36,XMEAS_3,0.595178
Industrial (TEP),RBF + Ridge,Fault_14,37,XMEAS_23,0.513290
Industrial (TEP),RBF + Ridge,Fault_14,38,XMEAS_39,0.478442
Industrial (TEP),RBF + Ridge,Fault_14,39,XMEAS_2,0.357402
Industrial (TEP),RBF + Ridge,Fault_15,1,XMEAS_38,4.014194
Industrial (TEP),RBF + Ridge,Fault_15,2,XMV_9,3.837156
Industrial (TEP),RBF + Ridge,Fault_15,3,XMEAS_18,3.828616
Industrial (TEP),RBF + Ridge,Fault_15,4,XMEAS_14,3.746234
Industrial (TEP),RBF + Ridge,Fault_15,5,XMEAS_19,3.702329
Industrial (TEP),RBF + Ridge,Fault_15,6,XMEAS_1,3.352646
Industrial (TEP),RBF + Ridge,Fault_15,7,XMEAS_13,2.898868
Industrial (TEP),RBF + Ridge,Fault_15,8,XMEAS_20,2.734514
Industrial (TEP),RBF + Ridge,Fault_15,9,XMEAS_10,2.532912
Industrial (TEP),RBF + Ridge,Fault_15,10,XMEAS_7,2.490497
Industrial (TEP),RBF + Ridge,Fault_15,11,XMV_3,2.488767
Industrial (TEP),RBF + Ridge,Fault_15,12,XMEAS_21,2.445910
Industrial (TEP),RBF + Ridge,Fault_15,13,XMV_6,2.346850
Industrial (TEP),RBF + Ridge,Fault_15,14,XMV_1,2.289373
Industrial (TEP),RBF + Ridge,Fault_15,15,XMEAS_16,2.094870
Industrial (TEP),RBF + Ridge,Fault_15,16,XMEAS_31,1.931450
Industrial (TEP),RBF + Ridge,Fault_15,17,XMEAS_28,1.601715
Industrial (TEP),RBF + Ridge,Fault_15,18,XMEAS_34,1.590654
Industrial (TEP),RBF + Ridge,Fault_15,19,XMEAS_32,1.565546
Industrial (TEP),RBF + Ridge,Fault_15,20,XMV_11,1.494083
Industrial (TEP),RBF + Ridge,Fault_15,21,XMEAS_17,1.446937
Industrial (TEP),RBF + Ridge,Fault_15,22,XMEAS_9,1.398921
Industrial (TEP),RBF + Ridge,Fault_15,23,XMV_7,1.275902
Industrial (TEP),RBF + Ridge,Fault_15,24,XMEAS_11,1.261879
Industrial (TEP),RBF + Ridge,Fault_15,25,XMEAS_12,1.255162
Industrial (TEP),RBF + Ridge,Fault_15,26,XMV_5,1.208010
Industrial (TEP),RBF + Ridge,Fault_15,27,XMV_8,1.206698
Industrial (TEP),RBF + Ridge,Fault_15,28,XMEAS_15,1.203278
Industrial (TEP),RBF + Ridge,Fault_15,29,XMEAS_25,1.165277
Industrial (TEP),RBF + Ridge,Fault_15,30,XMEAS_36,1.105951
Industrial (TEP),RBF + Ridge,Fault_15,31,XMEAS_30,1.000839
Industrial (TEP),RBF + Ridge,Fault_15,32,XMV_10,0.950764
Industrial (TEP),RBF + Ridge,Fault_15,33,XMEAS_29,0.783101
Industrial (TEP),RBF + Ridge,Fault_15,34,XMEAS_41,0.774580
Industrial (TEP),RBF + Ridge,Fault_15,35,XMV_4,0.694527
Industrial (TEP),RBF + Ridge,Fault_15,36,XMEAS_3,0.597438
Industrial (TEP),RBF + Ridge,Fault_15,37,XMEAS_23,0.513359
Industrial (TEP),RBF + Ridge,Fault_15,38,XMEAS_39,0.468661
Industrial (TEP),RBF + Ridge,Fault_15,39,XMEAS_2,0.373825
Industrial (TEP),RBF + Ridge,Fault_16,1,XMEAS_38,13.273905
Industrial (TEP),RBF + Ridge,Fault_16,2,XMEAS_18,12.375127
Industrial (TEP),RBF + Ridge,Fault_16,3,XMV_9,7.143439
Industrial (TEP),RBF + Ridge,Fault_16,4,XMEAS_13,5.814346
Industrial (TEP),RBF + Ridge,Fault_16,5,XMEAS_16,4.929604
Industrial (TEP),RBF + Ridge,Fault_16,6,XMEAS_1,4.569202
Industrial (TEP),RBF + Ridge,Fault_16,7,XMEAS_20,4.392814
Industrial (TEP),RBF + Ridge,Fault_16,8,XMEAS_7,4.115943
Industrial (TEP),RBF + Ridge,Fault_16,9,XMEAS_14,3.800950
Industrial (TEP),RBF + Ridge,Fault_16,10,XMEAS_19,3.680555
Industrial (TEP),RBF + Ridge,Fault_16,11,XMEAS_34,3.669454
Industrial (TEP),RBF + Ridge,Fault_16,12,XMEAS_10,3.385867
Industrial (TEP),RBF + Ridge,Fault_16,13,XMV_3,3.172611
Industrial (TEP),RBF + Ridge,Fault_16,14,XMEAS_31,3.025378
Industrial (TEP),RBF + Ridge,Fault_16,15,XMV_6,2.922808
Industrial (TEP),RBF + Ridge,Fault_16,16,XMEAS_21,2.535556
Industrial (TEP),RBF + Ridge,Fault_16,17,XMV_1,2.270575
Industrial (TEP),RBF + Ridge,Fault_16,18,XMEAS_25,1.761804
Industrial (TEP),RBF + Ridge,Fault_16,19,XMEAS_9,1.704362
Industrial (TEP),RBF + Ridge,Fault_16,20,XMEAS_28,1.621798
Industrial (TEP),RBF + Ridge,Fault_16,21,XMV_5,1.573407
Industrial (TEP),RBF + Ridge,Fault_16,22,XMEAS_32,1.571856
Industrial (TEP),RBF + Ridge,Fault_16,23,XMV_11,1.559314
Industrial (TEP),RBF + Ridge,Fault_16,24,XMEAS_17,1.472156
Industrial (TEP),RBF + Ridge,Fault_16,25,XMEAS_11,1.369845
Industrial (TEP),RBF + Ridge,Fault_16,26,XMEAS_12,1.329648
Industrial (TEP),RBF + Ridge,Fault_16,27,XMEAS_36,1.288026
Industrial (TEP),RBF + Ridge,Fault_16,28,XMV_7,1.277661
Industrial (TEP),RBF + Ridge,Fault_16,29,XMEAS_15,1.205835
Industrial (TEP),RBF + Ridge,Fault_16,30,XMV_8,1.202809
Industrial (TEP),RBF + Ridge,Fault_16,31,XMV_10,1.076333
Industrial (TEP),RBF + Ridge,Fault_16,32,XMEAS_30,1.011449
Industrial (TEP),RBF + Ridge,Fault_16,33,XMEAS_3,0.931910
Industrial (TEP),RBF + Ridge,Fault_16,34,XMEAS_29,0.858162
Industrial (TEP),RBF + Ridge,Fault_16,35,XMEAS_41,0.798379
Industrial (TEP),RBF + Ridge,Fault_16,36,XMV_4,0.697105
Industrial (TEP),RBF + Ridge,Fault_16,37,XMEAS_23,0.523020
Industrial (TEP),RBF + Ridge,Fault_16,38,XMEAS_39,0.451511
Industrial (TEP),RBF + Ridge,Fault_16,39,XMEAS_2,0.378091
Industrial (TEP),RBF + Ridge,Fault_17,1,XMEAS_21,356.331854
Industrial (TEP),RBF + Ridge,Fault_17,2,XMV_10,47.055470
Industrial (TEP),RBF + Ridge,Fault_17,3,XMEAS_9,29.078958
Industrial (TEP),RBF + Ridge,Fault_17,4,XMEAS_38,4.091467
Industrial (TEP),RBF + Ridge,Fault_17,5,XMEAS_18,3.392296
Industrial (TEP),RBF + Ridge,Fault_17,6,XMV_9,3.244960
Industrial (TEP),RBF + Ridge,Fault_17,7,XMEAS_14,3.153234
Industrial (TEP),RBF + Ridge,Fault_17,8,XMEAS_19,2.918041
Industrial (TEP),RBF + Ridge,Fault_17,9,XMEAS_1,2.736841
Industrial (TEP),RBF + Ridge,Fault_17,10,XMEAS_13,2.320176
Industrial (TEP),RBF + Ridge,Fault_17,11,XMEAS_7,2.062555
Industrial (TEP),RBF + Ridge,Fault_17,12,XMEAS_20,2.062024
Industrial (TEP),RBF + Ridge,Fault_17,13,XMEAS_10,2.060384
Industrial (TEP),RBF + Ridge,Fault_17,14,XMEAS_41,2.027359
Industrial (TEP),RBF + Ridge,Fault_17,15,XMV_3,2.023546
Industrial (TEP),RBF + Ridge,Fault_17,16,XMEAS_28,2.010873
Industrial (TEP),RBF + Ridge,Fault_17,17,XMEAS_15,1.973255
Industrial (TEP),RBF + Ridge,Fault_17,18,XMV_8,1.965604
Industrial (TEP),RBF + Ridge,Fault_17,19,XMEAS_16,1.873566
Industrial (TEP),RBF + Ridge,Fault_17,20,XMV_6,1.803233
Industrial (TEP),RBF + Ridge,Fault_17,21,XMEAS_34,1.737468
Industrial (TEP),RBF + Ridge,Fault_17,22,XMEAS_31,1.531876
Industrial (TEP),RBF + Ridge,Fault_17,23,XMV_11,1.514472
Industrial (TEP),RBF + Ridge,Fault_17,24,XMEAS_17,1.463928
Industrial (TEP),RBF + Ridge,Fault_17,25,XMV_1,1.447947
Industrial (TEP),RBF + Ridge,Fault_17,26,XMEAS_32,1.420356
Industrial (TEP),RBF + Ridge,Fault_17,27,XMEAS_11,1.388579
Industrial (TEP),RBF + Ridge,Fault_17,28,XMEAS_30,1.359749
Industrial (TEP),RBF + Ridge,Fault_17,29,XMEAS_25,1.315225
Industrial (TEP),RBF + Ridge,Fault_17,30,XMEAS_36,1.287859
Industrial (TEP),RBF + Ridge,Fault_17,31,XMV_5,1.091661
Industrial (TEP),RBF + Ridge,Fault_17,32,XMV_4,0.953869
Industrial (TEP),RBF + Ridge,Fault_17,33,XMEAS_12,0.948544
Industrial (TEP),RBF + Ridge,Fault_17,34,XMV_7,0.863475
Industrial (TEP),RBF + Ridge,Fault_17,35,XMEAS_3,0.807679
Industrial (TEP),RBF + Ridge,Fault_17,36,XMEAS_29,0.616224
Industrial (TEP),RBF + Ridge,Fault_17,37,XMEAS_39,0.561794
Industrial (TEP),RBF + Ridge,Fault_17,38,XMEAS_23,0.466713
Industrial (TEP),RBF + Ridge,Fault_17,39,XMEAS_2,0.444777
Industrial (TEP),RBF + Ridge,Fault_18,1,XMEAS_20,228.108236
Industrial (TEP),RBF + Ridge,Fault_18,2,XMEAS_21,222.646628
Industrial (TEP),RBF + Ridge,Fault_18,3,XMEAS_13,211.114917
Industrial (TEP),RBF + Ridge,Fault_18,4,XMV_6,203.901484
Industrial (TEP),RBF + Ridge,Fault_18,5,XMV_10,192.977550
Industrial (TEP),RBF + Ridge,Fault_18,6,XMEAS_7,192.021853
Industrial (TEP),RBF + Ridge,Fault_18,7,XMV_1,184.422167
Industrial (TEP),RBF + Ridge,Fault_18,8,XMEAS_16,183.602276
Industrial (TEP),RBF + Ridge,Fault_18,9,XMEAS_38,166.315921
Industrial (TEP),RBF + Ridge,Fault_18,10,XMV_5,153.352887
Industrial (TEP),RBF + Ridge,Fault_18,11,XMEAS_19,150.927987
Industrial (TEP),RBF + Ridge,Fault_18,12,XMEAS_29,135.030758
Industrial (TEP),RBF + Ridge,Fault_18,13,XMV_9,106.925538
Industrial (TEP),RBF + Ridge,Fault_18,14,XMEAS_11,106.003930
Industrial (TEP),RBF + Ridge,Fault_18,15,XMEAS_1,92.342735
Industrial (TEP),RBF + Ridge,Fault_18,16,XMV_3,86.042999
Industrial (TEP),RBF + Ridge,Fault_18,17,XMV_4,76.803506
Industrial (TEP),RBF + Ridge,Fault_18,18,XMEAS_10,61.161882
Industrial (TEP),RBF + Ridge,Fault_18,19,XMEAS_36,57.338256
Industrial (TEP),RBF + Ridge,Fault_18,20,XMEAS_31,56.898274
Industrial (TEP),RBF + Ridge,Fault_18,21,XMEAS_18,54.179672
Industrial (TEP),RBF + Ridge,Fault_18,22,XMEAS_23,51.418432
Industrial (TEP),RBF + Ridge,Fault_18,23,XMEAS_25,51.002665
Industrial (TEP),RBF + Ridge,Fault_18,24,XMV_11,48.858421
Industrial (TEP),RBF + Ridge,Fault_18,25,XMEAS_34,37.775261
Industrial (TEP),RBF + Ridge,Fault_18,26,XMEAS_28,33.795594
Industrial (TEP),RBF + Ridge,Fault_18,27,XMEAS_32,31.135087
Industrial (TEP),RBF + Ridge,Fault_18,28,XMEAS_3,25.265314
Industrial (TEP),RBF + Ridge,Fault_18,29,XMEAS_14,22.600450
Industrial (TEP),RBF + Ridge,Fault_18,30,XMEAS_41,20.575775
Industrial (TEP),RBF + Ridge,Fault_18,31,XMEAS_30,15.550518
Industrial (TEP),RBF + Ridge,Fault_18,32,XMEAS_2,13.218764
Industrial (TEP),RBF + Ridge,Fault_18,33,XMEAS_9,7.086452
Industrial (TEP),RBF + Ridge,Fault_18,34,XMEAS_39,4.718667
Industrial (TEP),RBF + Ridge,Fault_18,35,XMEAS_12,3.967116
Industrial (TEP),RBF + Ridge,Fault_18,36,XMEAS_15,3.947110
Industrial (TEP),RBF + Ridge,Fault_18,37,XMEAS_17,3.700222
Industrial (TEP),RBF + Ridge,Fault_18,38,XMV_8,1.724641
Industrial (TEP),RBF + Ridge,Fault_18,39,XMV_7,1.652035
Industrial (TEP),RBF + Ridge,Fault_19,1,XMEAS_38,4.017385
Industrial (TEP),RBF + Ridge,Fault_19,2,XMEAS_18,3.794141
Industrial (TEP),RBF + Ridge,Fault_19,3,XMV_9,3.776988
Industrial (TEP),RBF + Ridge,Fault_19,4,XMEAS_14,3.610551
Industrial (TEP),RBF + Ridge,Fault_19,5,XMEAS_19,3.359141
Industrial (TEP),RBF + Ridge,Fault_19,6,XMEAS_1,3.223296
Industrial (TEP),RBF + Ridge,Fault_19,7,XMEAS_13,3.068837
Industrial (TEP),RBF + Ridge,Fault_19,8,XMV_5,2.992360
Industrial (TEP),RBF + Ridge,Fault_19,9,XMEAS_20,2.859727
Industrial (TEP),RBF + Ridge,Fault_19,10,XMEAS_7,2.669839
Industrial (TEP),RBF + Ridge,Fault_19,11,XMEAS_10,2.565510
Industrial (TEP),RBF + Ridge,Fault_19,12,XMV_6,2.509010
Industrial (TEP),RBF + Ridge,Fault_19,13,XMV_3,2.455674
Industrial (TEP),RBF + Ridge,Fault_19,14,XMEAS_21,2.382410
Industrial (TEP),RBF + Ridge,Fault_19,15,XMV_1,2.278962
Industrial (TEP),RBF + Ridge,Fault_19,16,XMEAS_16,2.042048
Industrial (TEP),RBF + Ridge,Fault_19,17,XMEAS_9,1.998754
Industrial (TEP),RBF + Ridge,Fault_19,18,XMEAS_31,1.892391
Industrial (TEP),RBF + Ridge,Fault_19,19,XMEAS_34,1.600591
Industrial (TEP),RBF + Ridge,Fault_19,20,XMEAS_28,1.589659
Industrial (TEP),RBF + Ridge,Fault_19,21,XMV_11,1.544812
Industrial (TEP),RBF + Ridge,Fault_19,22,XMEAS_32,1.519449
Industrial (TEP),RBF + Ridge,Fault_19,23,XMEAS_17,1.453018
Industrial (TEP),RBF + Ridge,Fault_19,24,XMV_10,1.309433
Industrial (TEP),RBF + Ridge,Fault_19,25,XMV_7,1.305405
Industrial (TEP),RBF + Ridge,Fault_19,26,XMEAS_12,1.283892
Industrial (TEP),RBF + Ridge,Fault_19,27,XMV_8,1.218399
Industrial (TEP),RBF + Ridge,Fault_19,28,XMEAS_15,1.214837
Industrial (TEP),RBF + Ridge,Fault_19,29,XMEAS_36,1.143500
Industrial (TEP),RBF + Ridge,Fault_19,30,XMEAS_25,1.141727
Industrial (TEP),RBF + Ridge,Fault_19,31,XMEAS_11,1.124989
Industrial (TEP),RBF + Ridge,Fault_19,32,XMEAS_30,1.015559
Industrial (TEP),RBF + Ridge,Fault_19,33,XMEAS_29,0.801885
Industrial (TEP),RBF + Ridge,Fault_19,34,XMEAS_41,0.768672
Industrial (TEP),RBF + Ridge,Fault_19,35,XMV_4,0.693637
Industrial (TEP),RBF + Ridge,Fault_19,36,XMEAS_3,0.639584
Industrial (TEP),RBF + Ridge,Fault_19,37,XMEAS_23,0.513234
Industrial (TEP),RBF + Ridge,Fault_19,38,XMEAS_39,0.465871
Industrial (TEP),RBF + Ridge,Fault_19,39,XMEAS_2,0.373192
Industrial (TEP),RBF + Ridge,Fault_20,1,XMV_5,29.166846
Industrial (TEP),RBF + Ridge,Fault_20,2,XMEAS_20,20.692086
Industrial (TEP),RBF + Ridge,Fault_20,3,XMEAS_13,11.082858
Industrial (TEP),RBF + Ridge,Fault_20,4,XMEAS_11,4.668856
Industrial (TEP),RBF + Ridge,Fault_20,5,XMEAS_7,4.360128
Industrial (TEP),RBF + Ridge,Fault_20,6,XMEAS_18,4.359636
Industrial (TEP),RBF + Ridge,Fault_20,7,XMEAS_14,4.186245
Industrial (TEP),RBF + Ridge,Fault_20,8,XMEAS_16,3.937116
Industrial (TEP),RBF + Ridge,Fault_20,9,XMEAS_38,3.377690
Industrial (TEP),RBF + Ridge,Fault_20,10,XMEAS_15,3.343790
Industrial (TEP),RBF + Ridge,Fault_20,11,XMV_8,3.310869
Industrial (TEP),RBF + Ridge,Fault_20,12,XMV_9,2.745498
Industrial (TEP),RBF + Ridge,Fault_20,13,XMEAS_10,2.709901
Industrial (TEP),RBF + Ridge,Fault_20,14,XMEAS_21,2.486008
Industrial (TEP),RBF + Ridge,Fault_20,15,XMV_6,2.241789
Industrial (TEP),RBF + Ridge,Fault_20,16,XMEAS_1,2.141542
Industrial (TEP),RBF + Ridge,Fault_20,17,XMEAS_41,1.806339
Industrial (TEP),RBF + Ridge,Fault_20,18,XMEAS_19,1.792653
Industrial (TEP),RBF + Ridge,Fault_20,19,XMEAS_31,1.567605
Industrial (TEP),RBF + Ridge,Fault_20,20,XMEAS_29,1.549787
Industrial (TEP),RBF + Ridge,Fault_20,21,XMEAS_17,1.450170
Industrial (TEP),RBF + Ridge,Fault_20,22,XMV_3,1.404486
Industrial (TEP),RBF + Ridge,Fault_20,23,XMEAS_34,1.397524
Industrial (TEP),RBF + Ridge,Fault_20,24,XMEAS_36,1.390800
Industrial (TEP),RBF + Ridge,Fault_20,25,XMV_11,1.374954
Industrial (TEP),RBF + Ridge,Fault_20,26,XMV_1,1.328071
Industrial (TEP),RBF + Ridge,Fault_20,27,XMEAS_9,1.275460
Industrial (TEP),RBF + Ridge,Fault_20,28,XMV_4,1.231782
Industrial (TEP),RBF + Ridge,Fault_20,29,XMEAS_30,1.144586
Industrial (TEP),RBF + Ridge,Fault_20,30,XMEAS_2,0.957336
Industrial (TEP),RBF + Ridge,Fault_20,31,XMEAS_25,0.917952
Industrial (TEP),RBF + Ridge,Fault_20,32,XMEAS_28,0.868256
Industrial (TEP),RBF + Ridge,Fault_20,33,XMEAS_32,0.841737
Industrial (TEP),RBF + Ridge,Fault_20,34,XMEAS_12,0.774075
Industrial (TEP),RBF + Ridge,Fault_20,35,XMV_7,0.723022
Industrial (TEP),RBF + Ridge,Fault_20,36,XMEAS_3,0.701913
Industrial (TEP),RBF + Ridge,Fault_20,37,XMEAS_39,0.687581
Industrial (TEP),RBF + Ridge,Fault_20,38,XMV_10,0.458886
Industrial (TEP),RBF + Ridge,Fault_20,39,XMEAS_23,0.414839
